account_id,account_holder_name,account_type,home_country,currency,kyc_tier,account_created_date,personal_spend_baseline_usd,transaction_id,timestamp,day_of_week,hour_of_day,description,merchant_name,merchant_category,channel,amount,amount_to_avg_ratio,avg_transaction_amount_30d,transaction_velocity_1h,transaction_country,is_cross_border,device_id,is_new_device,account_age_days,status,Standardized_Description,Fallback_Merchant,year,month,day,exchange_rate,amount_in_GBP,amount_in_USD,is_same_day
FLR-ACC-101733,Aisha Ibrahim,Individual,NG,NGN,Tier2_Verified,2025-03-18,282.62,FLR251106100967,2025-11-06 10:15:20,Thursday,10,NIP TRANSFER TO CHUKA EZE,no_merchant,P2P Transfer,Card Not Present,500603.52,2.32,215649.05,0.0,NG,0,DEV-8851183206,0,233,Completed,NIP TRANSFER - CHUKA EZE,Chuka Eze,2025,March,18,0.00056,280.3379712,364.43936256000006,0
FLR-ACC-100134,Global Consulting LLC,Business,NG,NGN,Tier2_Verified,2025-11-10,242.32,FLR260210222766,2026-02-10 15:02:31,Tuesday,15,MOBILE PURCHASE - AVIVA,Aviva,Insurance,Mobile App,494319.2,0.32,1541226.94,0.0,NG,0,DEV-2644327725,0,92,Completed,MOBILE PURCHASE - AVIVA,Aviva,2025,November,10,0.00056,276.818752,359.8643776,0
FLR-ACC-100244,John Brown,Individual,US,USD,Tier2_Verified,2023-12-22,29.49,FLR250202110411,2025-02-02 12:23:32,Sunday,12,MOBILE PURCHASE - JUSTRITE SUPERSTORE,Justrite Superstore,Groceries,Mobile App,9.28,1.03,9.0,0.0,US,0,missing_device,-1,408,Completed,MOBILE PURCHASE - JUSTRITE SUPERSTORE,Justrite Superstore,2023,December,22,0.77,7.1456,9.28928,0
FLR-ACC-103381,North Media Co.,Business,NG,NGN,Tier2_Verified,2024-04-29,1031.25,FLR250504221159,2025-05-04 10:03:58,Sunday,10,SALARY - NORTH TECHNOLOGIES,no_merchant,Payroll Transfer,Web Dashboard,10494999.0,3.33,3147497.01,0.0,NG,0,missing_device,-1,370,Completed,SALARY - NORTH TECHNOLOGIES,North Technologies,2024,April,29,0.00056,5877.199439999999,7640.359272,0
FLR-ACC-102928,Olu Okafor,Individual,NG,NGN,Tier2_Verified,2024-12-07,51.56,FLR251130205910,2025-11-30 23:34:57,Sunday,23,CNP PURCHASE - KFC,KFC,Restaurants,Card Not Present,4416.0,1.0,4416.0,0.0,NG,0,DEV-5873526479,0,358,Completed,CNP PURCHASE - KFC,Kfc,2024,December,7,0.00056,2.47296,3.2148480000000004,0
FLR-ACC-104826,Chuka Hassan,Individual,NG,NGN,Tier1_Basic,2025-11-08,39.52,FLR260128205349,2026-01-28 11:23:30,Wednesday,11,NIP TRANSFER TO YETUNDE YUSUF,no_merchant,P2P Transfer,Card Present,59757.31,9.88,6049.9,0.0,NG,0,DEV-9758960171,0,81,Completed,NIP TRANSFER - YETUNDE YUSUF,Yetunde Yusuf,2025,November,8,0.00056,33.4640936,43.50332168,0
FLR-ACC-104485,Chioma Adeyemi,Individual,NG,NGN,Tier1_Basic,2026-03-06,46.9,FLR251027161010,2025-10-27 21:00:53,Monday,21,WEB PURCHASE - COLD STONE CREAMERY,Cold Stone Creamery,Restaurants,Web Dashboard,12333.66,0.2,61884.04,0.0,NG,0,DEV-6402555404,0,0,Completed,WEB PURCHASE - COLD STONE CREAMERY,Cold Stone Creamery,2026,March,6,0.00056,6.906849599999999,8.978904479999999,1
FLR-ACC-104271,Yetunde Yusuf,Individual,GB,GBP,Tier2_Verified,2024-07-08,26.09,FLR250619221934,2025-06-19 20:05:45,Thursday,20,NIP TRANSFER TO KEMI GREEN,no_merchant,P2P Transfer,Web Dashboard,8.67,0.41,21.2,0.0,GB,0,DEV-4670820498,0,346,Completed,NIP TRANSFER - KEMI GREEN,Kemi Green,2024,July,8,1.0,8.67,11.271,0
FLR-ACC-100247,Sunrise Logistics Co.,Business,NG,NGN,Tier3_Enhanced,2024-08-27,665.72,FLR250624128703,2025-06-24 09:24:37,Tuesday,9,WEB PURCHASE - JUMIA,Jumia,Retail,Web Dashboard,715146.0,0.73,979612.38,0.0,NG,0,DEV-2235841159,0,301,Completed,WEB PURCHASE - JUMIA,Jumia,2024,August,27,0.00056,400.48176,520.626288,0
FLR-ACC-101727,Tobi Balogun,Individual,US,USD,Tier2_Verified,2025-10-15,71.66,FLR260703165083,2026-07-03 03:06:31,Friday,3,CNP PURCHASE - BOOTS PHARMACY,Boots Pharmacy,Healthcare,Card Not Present,61.0,1.54,39.62,0.0,US,0,DEV-3726332172,0,261,Reversed,CNP PURCHASE - BOOTS PHARMACY,Boots Pharmacy,2025,October,15,0.77,46.97,61.061,0
FLR-ACC-100579,Michael Green,Individual,US,USD,Tier3_Enhanced,2023-01-13,125.39,FLR251204186136,2025-12-04 12:59:01,Thursday,12,CNP PURCHASE - ADOBE CREATIVE CLOUD,Adobe Creative Cloud,Subscription/SaaS,Card Not Present,4.62,1.0,4.62,0.0,US,0,DEV-1304303921,0,1056,Completed,CNP PURCHASE - ADOBE CREATIVE CLOUD,Adobe Creative Cloud,2023,January,13,0.77,3.5574000000000003,4.62462,0
FLR-ACC-103337,James Chukwu,Individual,NG,NGN,Tier2_Verified,2025-04-04,96.43,FLR250817141841,2025-08-17 07:06:21,Sunday,7,POS PURCHASE - SAINSBURY'S,Sainsbury's,Groceries,Card Present,115272.0,0.87,132446.2,0.0,NG,0,DEV-1907227440,0,135,Completed,POS PURCHASE - SAINSBURY'S,Sainsbury'S,2025,April,4,0.00056,64.55232,83.918016,0
FLR-ACC-105819,Urban Foods LLC,Business,US,USD,Tier3_Enhanced,2024-09-28,400.94,FLR260320129850,2026-03-20 09:11:21,Friday,9,WEB PURCHASE - DSTV,DSTV,Subscription/SaaS,Web Dashboard,31.0,0.04,840.83,0.0,US,0,DEV-3980948380,0,538,Declined,WEB PURCHASE - DSTV,Dstv,2024,September,28,0.77,23.87,31.031,0
FLR-ACC-102115,Yetunde Eze,Individual,US,USD,Tier2_Verified,2023-08-05,52.82,FLR250802204476,2025-08-02 15:09:29,Saturday,15,MOBILE PURCHASE - ASOS,ASOS,Retail,Mobile App,13.58,0.0,5942.24,0.0,US,0,DEV-8278444631,0,728,Declined,MOBILE PURCHASE - ASOS,Asos,2023,August,5,0.77,10.4566,13.59358,0
FLR-ACC-104801,James Chukwu,Individual,NG,NGN,Tier2_Verified,2024-10-16,36.62,FLR250624206049,2025-06-24 06:16:09,Tuesday,6,MOBILE PURCHASE - WHOLE FOODS,Whole Foods,Groceries,Mobile App,36521.59,0.24,152749.57,0.0,NG,0,DEV-3300323665,0,251,Completed,MOBILE PURCHASE - WHOLE FOODS,Whole Foods,2024,October,16,0.00056,20.4520904,26.58771752,0
FLR-ACC-106297,Sarah Nwosu,Individual,US,USD,Tier2_Verified,2025-04-01,64.53,FLR251217203333,2025-12-17 14:47:38,Wednesday,14,POS PURCHASE - AMAZON,Amazon,Retail,Card Present,37.44,0.01,5942.24,0.0,US,0,DEV-8324073579,1,260,Completed,POS PURCHASE - AMAZON,Amazon,2025,April,1,0.77,28.8288,37.47744,0
FLR-ACC-100749,David Chukwu,Individual,GB,GBP,Tier1_Basic,2025-07-29,79.56,FLR251206122098,2025-12-06 07:36:29,Saturday,7,MOBILE PURCHASE - BINANCE,Binance,Crypto Exchange,Mobile App,60.0,2.13,28.18,0.0,GB,0,DEV-4138475062,0,130,Completed,MOBILE PURCHASE - BINANCE,Binance,2025,July,29,1.0,60.0,78.0,0
FLR-ACC-104215,Kemi Nwosu,Individual,US,USD,Tier2_Verified,2025-11-16,38.65,FLR260226157606,2026-02-26 16:15:09,Thursday,16,WEB PURCHASE - ASOS,ASOS,Retail,Web Dashboard,20.0,0.49,40.71,0.0,US,0,DEV-5466108730,0,102,Completed,WEB PURCHASE - ASOS,Asos,2025,November,16,0.77,15.4,20.02,0
FLR-ACC-103887,Sarah Adeyemi,Individual,GB,GBP,Tier3_Enhanced,2024-08-11,44.07,FLR251217217375,2025-12-17 21:32:42,Wednesday,21,MOBILE PURCHASE - CONED,ConEd,Utilities,Mobile App,8.0,4.0,2.0,0.0,GB,0,DEV-4187185722,0,493,Completed,MOBILE PURCHASE - CONED,Coned,2024,August,11,1.0,8.0,10.4,0
FLR-ACC-102048,Bluewave Consulting Ltd,Business,NG,NGN,Tier2_Verified,2024-08-05,130.06,FLR260308167095,2026-03-08 01:55:50,Sunday,1,API PURCHASE - APPLE STORE,Apple Store,Electronics,API/Integration,376994.58,4.93,76437.83,0.0,NG,0,DEV-9908981458,0,580,Completed,API PURCHASE - APPLE STORE,Apple Store,2024,August,5,0.00056,211.1169648,274.45205424,0
FLR-ACC-103552,Ben Hassan,Individual,US,USD,Tier2_Verified,2024-12-12,91.51,FLR260310133872,2026-03-10 06:56:18,Tuesday,6,WEB PURCHASE - IKEJA ELECTRIC,Ikeja Electric,Utilities,Web Dashboard,47.03,1.33,35.25,0.0,US,0,DEV-7649083697,0,453,Completed,WEB PURCHASE - IKEJA ELECTRIC,Ikeja Electric,2024,December,12,0.77,36.2131,47.07703,0
FLR-ACC-106299,Prime Foods Inc,Business,NG,NGN,Tier1_Basic,2026-07-28,266.73,FLR250914212334,2025-09-14 08:06:07,Sunday,8,POS PURCHASE - SAINSBURY'S,Sainsbury's,Groceries,Card Present,180039.82,30.3,5942.24,0.0,NG,0,DEV-2141458633,0,0,Completed,POS PURCHASE - SAINSBURY'S,Sainsbury'S,2026,July,28,0.00056,100.8222992,131.06898896,1
FLR-ACC-101391,Laura Smith,Individual,DE,EUR,Tier2_Verified,2024-05-23,41.04,FLR260729139363,2026-07-29 18:45:45,Wednesday,18,MOBILE PURCHASE - JUSTRITE SUPERSTORE,Justrite Superstore,Groceries,Mobile App,15.95,0.56,28.47,0.0,DE,0,DEV-3478677837,0,797,Completed,MOBILE PURCHASE - JUSTRITE SUPERSTORE,Justrite Superstore,2024,May,23,0.84,13.398,17.4174,0
FLR-ACC-106252,Metro Builders Inc,Business,NG,NGN,Tier2_Verified,2025-11-15,338.23,FLR260320180965,2026-03-20 21:21:03,Friday,21,MOBILE PURCHASE - JUSTRITE SUPERSTORE,Justrite Superstore,Groceries,Mobile App,89296.0,0.04,2326276.68,0.0,NG,0,DEV-8776029442,0,125,Completed,MOBILE PURCHASE - JUSTRITE SUPERSTORE,Justrite Superstore,2025,November,15,0.00056,50.00576,65.00748800000001,0
FLR-ACC-103482,Peter Taylor,Individual,US,USD,Tier2_Verified,2025-03-20,73.55,FLR251228120935,2025-12-28 09:19:17,Sunday,9,WEB PURCHASE - CURRYS PC WORLD,Currys PC World,Electronics,Web Dashboard,114.0,1.26,90.57,0.0,US,0,DEV-8702071034,0,283,Completed,WEB PURCHASE - CURRYS PC WORLD,Currys Pc World,2025,March,20,0.77,87.78,114.114,0
FLR-ACC-106436,Chidi Johnson,Individual,FR,EUR,Tier2_Verified,2025-11-15,132.33,FLR260725142359,2026-07-25 11:04:53,Saturday,11,SALARY - GREENFIELD RETAIL,no_merchant,Payroll Transfer,Card Present,524.52,5.1,102.84,0.0,FR,0,DEV-5719755862,0,252,Completed,SALARY - GREENFIELD RETAIL,Greenfield Retail,2025,November,15,0.84,440.5968,572.77584,0
FLR-ACC-102041,Bluewave Retail Inc,Business,US,USD,Tier2_Verified,2026-02-10,103.86,FLR251228112439,2025-12-28 05:42:30,Sunday,5,MOBILE PURCHASE - LUNO,Luno,Crypto Exchange,Mobile App,362.78,1.23,294.5,0.0,US,0,DEV-3935596689,0,0,Completed,MOBILE PURCHASE - LUNO,Luno,2026,February,10,0.77,279.3406,363.14278,1
FLR-ACC-101374,Silverline Logistics Ltd,Business,NG,NGN,Tier2_Verified,2024-09-15,449.48,FLR251129122264,2025-11-29 18:43:39,Saturday,18,NIP TRANSFER TO PETER BALOGUN,no_merchant,P2P Transfer,Web Dashboard,198083.38,0.07,2755077.99,0.0,NG,0,DEV-6618186337,0,440,Completed,NIP TRANSFER - PETER BALOGUN,Peter Balogun,2024,September,15,0.00056,110.9266928,144.20470064,0
FLR-ACC-101906,Michael Johnson,Individual,NG,NGN,Tier2_Verified,2025-04-22,76.87,FLR260204159627,2026-02-04 19:48:54,Wednesday,19,SALARY - APEX VENTURES,no_merchant,Payroll Transfer,Mobile App,1828158.83,14.63,124962.11,0.0,NG,0,DEV-2919719035,0,288,Completed,SALARY - APEX VENTURES,Apex Ventures,2025,April,22,0.00056,1023.7689448,1330.89962824,0
FLR-ACC-106684,Urban Media Inc,Business,US,USD,Tier2_Verified,2023-08-12,4934.12,FLR260118144737,2026-01-18 03:51:08,Sunday,3,SALARY - BLUEWAVE TEXTILES,no_merchant,Payroll Transfer,Web Dashboard,47452.77,3.15,15049.3,0.0,US,0,DEV-9264938616,0,890,Completed,SALARY - BLUEWAVE TEXTILES,Bluewave Textiles,2023,August,12,0.77,36538.6329,47500.22277,0
FLR-ACC-100104,Sunrise Textiles Co.,Business,GB,GBP,Tier1_Basic,2025-01-04,768.46,FLR250518144671,2025-05-18 15:08:02,Sunday,15,INTL WIRE - INTERNATIONAL WIRE REF836414,International Wire,Wire Transfer,Card Present,9584.57,1.68,5718.99,0.0,GB,0,DEV-4231573128,0,134,Completed,INTL WIRE - INTERNATIONAL WIRE REF836414,International Wire Ref836414,2025,January,4,1.0,9584.57,12459.941,0
FLR-ACC-101503,James Ibrahim,Individual,NG,NGN,Tier2_Verified,2025-09-05,74.41,FLR260205122911,2026-02-05 08:23:32,Thursday,8,USSD PURCHASE - JUMIA MART,Jumia Mart,Groceries,USSD,54051.83,1.22,44447.04,0.0,NG,0,DEV-5884097959,0,153,Completed,USSD PURCHASE - JUMIA MART,Jumia Mart,2025,September,5,0.00056,30.2690248,39.34973224,0
FLR-ACC-104775,Olu Smith,Individual,DE,EUR,Tier2_Verified,2026-03-25,45.83,FLR260515155444,2026-05-15 12:26:24,Friday,12,SALARY - SILVERLINE BUILDERS,no_merchant,Payroll Transfer,Mobile App,294.36,16.79,17.53,0.0,DE,0,DEV-3478230403,0,51,Completed,SALARY - SILVERLINE BUILDERS,Silverline Builders,2026,March,25,0.84,247.2624,321.44112,0
FLR-ACC-105233,Global Textiles Ltd,Business,NG,NGN,Tier2_Verified,2022-12-18,782.22,FLR250424173883,2025-04-24 20:22:52,Thursday,20,CNP PURCHASE - APPLE STORE ONLINE,Apple Store Online,Retail,Card Not Present,1034692.67,0.06,16340303.05,0.0,NG,0,missing_device,-1,858,Completed,CNP PURCHASE - APPLE STORE ONLINE,Apple Store Online,2022,December,18,0.00056,579.4278952,753.25626376,0
FLR-ACC-102706,David Green,Individual,US,USD,Tier1_Basic,2026-03-03,135.35,FLR251201104760,2025-12-01 17:15:34,Monday,17,SALARY - APEX LOGISTICS,no_merchant,Payroll Transfer,Mobile App,1758.56,1.0,1758.56,0.0,US,0,DEV-3688592855,0,0,Completed,SALARY - APEX LOGISTICS,Apex Logistics,2026,March,3,0.77,1354.0912,1760.3185600000002,1
FLR-ACC-102741,Chioma Bello,Individual,NG,NGN,Tier2_Verified,2025-12-28,147.22,FLR260511122427,2026-05-11 21:42:55,Monday,21,NIP TRANSFER TO CHIDI TAYLOR,no_merchant,P2P Transfer,Web Dashboard,146107.61,5.93,24627.02,0.0,NG,0,DEV-9846007217,0,134,Completed,NIP TRANSFER - CHIDI TAYLOR,Chidi Taylor,2025,December,28,0.00056,81.82026159999998,106.36634007999996,0
FLR-ACC-104274,Daniel Williams,Individual,GB,GBP,Tier3_Enhanced,2024-11-14,68.99,FLR260419121194,2026-04-19 20:22:26,Sunday,20,MOBILE PURCHASE - BOOTS PHARMACY,Boots Pharmacy,Healthcare,Mobile App,30.97,0.6,51.38,0.0,GB,0,DEV-7734005446,0,521,Completed,MOBILE PURCHASE - BOOTS PHARMACY,Boots Pharmacy,2024,November,14,1.0,30.97,40.261,0
FLR-ACC-103734,Chioma Chukwu,Individual,US,USD,Tier3_Enhanced,2024-05-02,37.27,FLR260224146609,2026-02-24 09:54:25,Tuesday,9,MOBILE PURCHASE - LEADWAY ASSURANCE,Leadway Assurance,Insurance,Mobile App,31.72,1.25,25.31,0.0,US,0,DEV-6376153523,0,663,Completed,MOBILE PURCHASE - LEADWAY ASSURANCE,Leadway Assurance,2024,May,2,0.77,24.4244,31.75172,0
FLR-ACC-103461,David Johnson,Individual,NG,NGN,Tier2_Verified,2026-07-02,34.98,FLR250920121952,2025-09-20 19:55:31,Saturday,19,SALARY - SUNRISE LOGISTICS,no_merchant,Payroll Transfer,Card Not Present,393525.0,1.0,393525.0,0.0,NG,0,DEV-4201345561,0,0,Completed,SALARY - SUNRISE LOGISTICS,Sunrise Logistics,2026,July,2,0.00056,220.374,286.4862,1
FLR-ACC-100152,North Ventures LLC,Business,GB,GBP,Tier3_Enhanced,2025-10-31,472.56,FLR250602185610,2025-06-02 19:21:56,Monday,19,SALARY - SILVERLINE LOGISTICS,no_merchant,Payroll Transfer,API/Integration,2035.13,1.16,1759.02,0.0,GB,0,DEV-8758117232,0,0,Completed,SALARY - SILVERLINE LOGISTICS,Silverline Logistics,2025,October,31,1.0,2035.13,2645.6690000000003,1
FLR-ACC-104583,Metro Technologies Ltd,Business,FR,EUR,Tier2_Verified,2024-09-06,543.7,FLR251214149731,2025-12-14 08:08:26,Sunday,8,API PURCHASE - EEDC,EEDC,Utilities,API/Integration,205.0,1.0,205.0,0.0,FR,0,DEV-7969607439,0,464,Completed,API PURCHASE - EEDC,Eedc,2024,September,6,0.84,172.2,223.86,0
FLR-ACC-104592,Prime Media Co.,Business,NG,NGN,Tier1_Basic,2024-01-28,561.62,FLR260604168882,2026-06-04 12:12:22,Thursday,12,WEB PURCHASE - DSTV,DSTV,Subscription/SaaS,Web Dashboard,36660.81,0.0,17006337.5,0.0,NG,0,DEV-7105032789,1,858,Reversed,WEB PURCHASE - DSTV,Dstv,2024,January,28,0.00056,20.530053599999995,26.68906968,0
FLR-ACC-104136,North Logistics LLC,Business,US,USD,Tier2_Verified,2025-10-18,1017.25,FLR250620182749,2025-06-20 18:07:37,Friday,18,SALARY - SUNRISE MEDIA,no_merchant,Payroll Transfer,Web Dashboard,16435.0,3.85,4269.42,0.0,US,0,DEV-8348614188,0,0,Completed,SALARY - SUNRISE MEDIA,Sunrise Media,2025,October,18,0.77,12654.95,16451.435,1
FLR-ACC-102145,Tobi Hassan,Individual,NG,NGN,Tier3_Enhanced,2024-09-13,54.41,FLR250827211285,2025-08-27 14:23:19,Wednesday,14,NIP TRANSFER TO JAMES BALOGUN,no_merchant,P2P Transfer,Mobile App,65811.26,1.71,38597.66,0.0,NG,0,DEV-8893993590,0,348,Completed,NIP TRANSFER - JAMES BALOGUN,James Balogun,2024,September,13,0.00056,36.8543056,47.910597280000005,0
FLR-ACC-106967,Sunrise Ventures Inc,Business,NG,NGN,Tier3_Enhanced,2024-06-07,277.69,FLR250503183267,2025-05-03 22:38:20,Saturday,22,MOBILE PURCHASE - JUSTRITE SUPERSTORE,Justrite Superstore,Groceries,Mobile App,223078.0,0.35,633758.45,0.0,NG,0,missing_device,-1,330,Completed,MOBILE PURCHASE - JUSTRITE SUPERSTORE,Justrite Superstore,2024,June,7,0.00056,124.92368,162.40078400000002,0
FLR-ACC-104075,Ifeoma Johnson,Individual,FR,EUR,Tier2_Verified,2023-07-26,16.84,FLR250927224031,2025-09-27 12:16:53,Saturday,12,WEB PURCHASE - CHICKEN REPUBLIC,Chicken Republic,Restaurants,Web Dashboard,10.19,1.0,10.19,0.0,FR,0,DEV-8362127201,0,794,Completed,WEB PURCHASE - CHICKEN REPUBLIC,Chicken Republic,2023,July,26,0.84,8.5596,11.12748,0
FLR-ACC-102743,Laura Chukwu,Individual,NG,NGN,Tier3_Enhanced,2023-04-14,62.29,FLR260215180631,2026-02-15 16:06:28,Sunday,16,CNP PURCHASE - BOOKING.COM,Booking.com,Travel,Card Not Present,94009.72,0.72,130313.95,0.0,NG,0,DEV-6806860266,0,1038,Completed,CNP PURCHASE - BOOKING.COM,Booking.Com,2023,April,14,0.00056,52.6454432,68.43907616,0
FLR-ACC-103296,Daniel Hassan,Individual,US,USD,Tier2_Verified,2023-02-18,82.94,FLR260520198662,2026-05-20 14:45:38,Wednesday,14,MOBILE PURCHASE - TESCO,Tesco,Groceries,Mobile App,26.81,0.24,111.64,0.0,US,0,DEV-4043608188,0,1187,Completed,MOBILE PURCHASE - TESCO,Tesco,2023,February,18,0.77,20.6437,26.83681,0
FLR-ACC-104957,John Williams,Individual,NG,NGN,Tier3_Enhanced,2025-12-10,39.22,FLR250914200540,2025-09-14 14:30:47,Sunday,14,WEB PURCHASE - EEDC,EEDC,Utilities,Web Dashboard,17684.57,0.48,36572.96,0.0,NG,0,DEV-2861712836,1,0,Completed,WEB PURCHASE - EEDC,Eedc,2025,December,10,0.00056,9.9033592,12.87436696,1
FLR-ACC-100192,Mary Johnson,Individual,FR,EUR,Tier3_Enhanced,2024-01-02,27.02,FLR260614195554,2026-06-14 07:36:56,Sunday,7,CNP PURCHASE - JUMIA,Jumia,Retail,Card Not Present,40.0,1.63,24.5,0.0,FR,0,DEV-7374759780,0,894,Declined,CNP PURCHASE - JUMIA,Jumia,2024,January,2,0.84,33.6,43.68000000000001,0
FLR-ACC-100742,Sunrise Trading Inc,Business,NG,NGN,Tier2_Verified,2025-02-13,1000.42,FLR260220221438,2026-02-20 16:59:53,Friday,16,WEB PURCHASE - AXA MANSARD,AXA Mansard,Insurance,Web Dashboard,988252.0,0.07,13972849.35,0.0,NG,0,DEV-9564980823,0,372,Completed,WEB PURCHASE - AXA MANSARD,Axa Mansard,2025,February,13,0.00056,553.42112,719.447456,0
FLR-ACC-107130,Blessing Ibrahim,Individual,NG,NGN,Tier3_Enhanced,2025-12-04,41.07,FLR250226199666,2025-02-26 19:00:16,Wednesday,19,POS PURCHASE - GOTV,GOtv,Subscription/SaaS,Card Present,3723.02,1.14,3275.0,0.0,NG,0,missing_device,-1,0,Completed,POS PURCHASE - GOTV,Gotv,2025,December,4,0.00056,2.0848912,2.71035856,1
FLR-ACC-105272,Amaka Obi,Individual,NG,NGN,Tier1_Basic,2024-02-13,35.1,FLR260310165374,2026-03-10 22:23:37,Tuesday,22,SALARY - NORTH TRADING,no_merchant,Payroll Transfer,Mobile App,627496.0,12.26,51185.92,0.0,NG,0,DEV-6473361859,0,756,Completed,SALARY - NORTH TRADING,North Trading,2024,February,13,0.00056,351.39775999999995,456.817088,0
FLR-ACC-101024,Urban Trading Ltd,Business,NG,NGN,Tier1_Basic,2026-04-26,1216.99,FLR250727132953,2025-07-27 09:43:31,Sunday,9,API PURCHASE - SPOTIFY,Spotify,Subscription/SaaS,API/Integration,51778.15,0.02,3294658.78,0.0,NG,0,DEV-5287049027,0,0,Completed,API PURCHASE - SPOTIFY,Spotify,2026,April,26,0.00056,28.995764,37.6944932,1
FLR-ACC-104333,Yetunde Johnson,Individual,NG,NGN,Tier2_Verified,2024-08-14,69.19,FLR260827110728,2026-08-27 02:01:50,Thursday,2,MOBILE PURCHASE - SPOTIFY,Spotify,Subscription/SaaS,Mobile App,6031.85,0.03,227103.91,0.0,NG,0,DEV-6598449014,0,743,Completed,MOBILE PURCHASE - SPOTIFY,Spotify,2024,August,14,0.00056,3.377836,4.3911868,0
FLR-ACC-103843,Grace Balogun,Individual,NG,NGN,Tier2_Verified,2025-04-19,15.32,FLR251212117971,2025-12-12 08:07:08,Friday,8,POS PURCHASE - ABUJA DISCO,Abuja DisCo,Utilities,Card Present,14143.31,0.83,17001.65,0.0,NG,0,DEV-2707315371,0,237,Completed,POS PURCHASE - ABUJA DISCO,Abuja Disco,2025,April,19,0.00056,7.920253599999999,10.29632968,0
FLR-ACC-107183,Chuka Nwosu,Individual,US,USD,Tier2_Verified,2026-01-19,35.85,FLR260628118732,2026-06-28 07:29:54,Sunday,7,POS PURCHASE - BOOKING.COM,Booking.com,Travel,Card Present,80.03,1.0,80.03,0.0,US,0,DEV-9450542519,0,160,Completed,POS PURCHASE - BOOKING.COM,Booking.Com,2026,January,19,0.77,61.6231,80.11003000000001,0
FLR-ACC-104007,Ifeoma Okoro,Individual,US,USD,Tier3_Enhanced,2025-01-05,57.18,FLR250607130520,2025-06-07 22:28:30,Saturday,22,USSD PURCHASE - ST. NICHOLAS HOSPITAL,St. Nicholas Hospital,Healthcare,USSD,21.91,2.0,10.93,0.0,US,0,DEV-1730300427,0,153,Completed,USSD PURCHASE - ST. NICHOLAS HOSPITAL,St. Nicholas Hospital,2025,January,5,0.77,16.8707,21.93191,0
FLR-ACC-105066,Femi Green,Individual,NG,NGN,Tier2_Verified,2025-10-26,15.36,FLR250531220598,2025-05-31 08:10:38,Saturday,8,NIP TRANSFER TO EMEKA ADEYEMI,no_merchant,P2P Transfer,Mobile App,18885.28,1.29,14665.13,0.0,NG,0,DEV-1352253744,0,0,Completed,NIP TRANSFER - EMEKA ADEYEMI,Emeka Adeyemi,2025,October,26,0.00056,10.5757568,13.74848384,1
FLR-ACC-105514,Tunde Yusuf,Individual,NG,NGN,Tier2_Verified,2025-02-14,34.6,FLR250318208350,2025-03-18 17:54:20,Tuesday,17,CNP PURCHASE - TESCO,Tesco,Groceries,Card Not Present,30316.74,1.95,15510.46,0.0,NG,0,missing_device,-1,32,Reversed,CNP PURCHASE - TESCO,Tesco,2025,February,14,0.00056,16.9773744,22.07058672,0
FLR-ACC-101395,Mary Taylor,Individual,GB,GBP,Tier2_Verified,2023-11-06,39.51,FLR251125125377,2025-11-25 15:43:40,Tuesday,15,MOBILE PURCHASE - CHICKEN REPUBLIC,Chicken Republic,Restaurants,Mobile App,3.52,1.0,3.52,0.0,GB,0,DEV-4058384280,0,750,Completed,MOBILE PURCHASE - CHICKEN REPUBLIC,Chicken Republic,2023,November,6,1.0,3.52,4.5760000000000005,0
FLR-ACC-105650,Femi Nwosu,Individual,NG,NGN,Tier1_Basic,2024-08-02,16.38,FLR250917166997,2025-09-17 14:45:59,Wednesday,14,POS PURCHASE - CHICKEN REPUBLIC,Chicken Republic,Restaurants,Card Present,4364.0,0.25,17150.0,0.0,DE,1,DEV-5762963340,1,411,Completed,POS PURCHASE - CHICKEN REPUBLIC,Chicken Republic,2024,August,2,0.00056,2.44384,3.176992,0
FLR-ACC-106043,Greenfield Media Inc,Business,NG,NGN,Tier3_Enhanced,2025-02-21,710.46,FLR260419221673,2026-04-19 08:26:06,Sunday,8,POS PURCHASE - SAINSBURY'S,Sainsbury's,Groceries,Card Present,367421.71,0.03,11280663.18,0.0,NG,0,DEV-7704433181,0,422,Completed,POS PURCHASE - SAINSBURY'S,Sainsbury'S,2025,February,21,0.00056,205.7561576,267.48300488,0
FLR-ACC-105999,Femi Okafor,Individual,NG,NGN,Tier3_Enhanced,2024-03-25,83.73,FLR250413168197,2025-04-13 13:06:33,Sunday,13,MOBILE PURCHASE - NOTION,Notion,Subscription/SaaS,Mobile App,4068.97,0.02,192288.95,0.0,NG,0,DEV-7330117045,0,384,Declined,MOBILE PURCHASE - NOTION,Notion,2024,March,25,0.00056,2.2786232,2.96221016,0
FLR-ACC-106446,Metro Technologies Ltd,Business,GB,GBP,Tier2_Verified,2026-03-10,532.32,FLR251205104648,2025-12-05 10:32:30,Friday,10,WEB PURCHASE - JUMIA,Jumia,Retail,Web Dashboard,388.85,0.07,5942.24,0.0,GB,0,DEV-5331627078,0,0,Completed,WEB PURCHASE - JUMIA,Jumia,2026,March,10,1.0,388.85,505.50500000000005,1
FLR-ACC-100445,Ifeoma Fashola,Individual,US,USD,Tier3_Enhanced,2025-01-21,33.54,FLR250426147660,2025-04-26 08:37:31,Saturday,8,MOBILE PURCHASE - APPLE STORE,Apple Store,Electronics,Mobile App,38.17,0.22,172.06,0.0,US,0,DEV-8011284653,0,95,Completed,MOBILE PURCHASE - APPLE STORE,Apple Store,2025,January,21,0.77,29.3909,38.20817,0
FLR-ACC-103962,Ruth Eze,Individual,US,USD,Tier2_Verified,2026-07-01,34.1,FLR260406218435,2026-04-06 20:15:47,Monday,20,MOBILE PURCHASE - KONGA,Konga,Retail,Mobile App,23.0,0.1,222.96,0.0,US,0,DEV-9342357557,0,0,Completed,MOBILE PURCHASE - KONGA,Konga,2026,July,1,0.77,17.71,23.023000000000003,1
FLR-ACC-104923,Blessing Fashola,Individual,NG,NGN,Tier3_Enhanced,2024-11-09,85.77,FLR251108137924,2025-11-08 09:40:09,Saturday,9,MOBILE PURCHASE - SPOTIFY,Spotify,Subscription/SaaS,Mobile App,14401.0,0.17,86195.29,0.0,NG,0,DEV-1144849221,0,364,Completed,MOBILE PURCHASE - SPOTIFY,Spotify,2024,November,9,0.00056,8.06456,10.483928,0
FLR-ACC-105541,Michael Chukwu,Individual,FR,EUR,Tier3_Enhanced,2024-07-01,28.43,FLR250325113291,2025-03-25 18:43:30,Tuesday,18,USSD PURCHASE - SLOT SYSTEMS,Slot Systems,Electronics,USSD,65.0,10.83,6.0,0.0,FR,0,DEV-1798174286,0,267,Reversed,USSD PURCHASE - SLOT SYSTEMS,Slot Systems,2024,July,1,0.84,54.6,70.98,0
FLR-ACC-103948,John Okoro,Individual,NG,NGN,Tier2_Verified,2023-08-14,54.65,FLR250428190086,2025-04-28 17:32:33,Monday,17,ATM WITHDRAWAL - ZENITH ATM,Zenith ATM,ATM Withdrawal,Mobile App,28531.0,4.78,5973.04,0.0,NG,0,missing_device,-1,623,Completed,ATM WITHDRAWAL - ZENITH ATM,Zenith Atm,2023,August,14,0.00056,15.97736,20.770568,0
FLR-ACC-101024,Urban Trading Ltd,Business,NG,NGN,Tier1_Basic,2026-04-26,1216.99,FLR250223197626,2025-02-23 13:17:36,Sunday,13,WEB PURCHASE - JUMIA MART,Jumia Mart,Groceries,Web Dashboard,279699.96,0.03,10910207.82,0.0,NG,0,DEV-5287049027,0,0,Completed,WEB PURCHASE - JUMIA MART,Jumia Mart,2026,April,26,0.00056,156.6319776,203.62157088,1
FLR-ACC-106159,Prime Retail Co.,Business,NG,NGN,Tier2_Verified,2026-01-27,523.61,FLR260615136894,2026-06-15 09:11:43,Monday,9,MOBILE PURCHASE - KONGA,Konga,Retail,Mobile App,375265.97,0.06,6446976.36,0.0,NG,0,DEV-4561934451,0,139,Completed,MOBILE PURCHASE - KONGA,Konga,2026,January,27,0.00056,210.1489432,273.19362616,0
FLR-ACC-104592,Prime Media Co.,Business,NG,NGN,Tier1_Basic,2024-01-28,561.62,FLR260412190889,2026-04-12 19:42:10,Sunday,19,API PURCHASE - BRITISH GAS,British Gas,Utilities,API/Integration,600911.39,0.16,3657501.58,0.0,NG,0,DEV-6109361554,0,805,Completed,API PURCHASE - BRITISH GAS,British Gas,2024,January,28,0.00056,336.5103784,437.46349192,0
FLR-ACC-100659,Olu Hassan,Individual,DE,EUR,Tier1_Basic,2026-04-01,84.78,FLR250327212073,2025-03-27 05:37:26,Thursday,5,SALARY - BLUEWAVE TRADING,no_merchant,Payroll Transfer,Card Not Present,591.02,1.9,310.57,0.0,DE,0,missing_device,-1,0,Completed,SALARY - BLUEWAVE TRADING,Bluewave Trading,2026,April,1,0.84,496.4568,645.39384,1
FLR-ACC-102573,Global Logistics Ltd,Business,GB,GBP,Tier3_Enhanced,2024-04-23,634.57,FLR251015113984,2025-10-15 08:43:48,Wednesday,8,WEB PURCHASE - LEADWAY ASSURANCE,Leadway Assurance,Insurance,Web Dashboard,876.2,1.0,876.2,0.0,GB,0,DEV-3908777014,0,540,Completed,WEB PURCHASE - LEADWAY ASSURANCE,Leadway Assurance,2024,April,23,1.0,876.2,1139.0600000000002,0
FLR-ACC-105168,Urban Builders LLC,Business,NG,NGN,Tier2_Verified,2024-07-19,1081.17,FLR251206191870,2025-12-06 15:04:13,Saturday,15,ATM WITHDRAWAL - ZENITH ATM,Zenith ATM,ATM Withdrawal,Mobile App,1295565.16,0.24,5465739.08,0.0,NG,0,DEV-2240544904,0,505,Completed,ATM WITHDRAWAL - ZENITH ATM,Zenith Atm,2024,July,19,0.00056,725.5164895999999,943.17143648,0
FLR-ACC-105404,Yetunde Ibrahim,Individual,NG,NGN,Tier2_Verified,2023-01-26,49.88,FLR260309216387,2026-03-09 14:50:32,Monday,14,ATM WITHDRAWAL - CHASE ATM,Chase Atm,ATM Withdrawal,Mobile App,67994.7,1.0,67994.7,0.0,NG,0,DEV-3841400533,0,1138,Completed,ATM WITHDRAWAL - CHASE ATM,Chase Atm,2023,January,26,0.00056,38.077032,49.500141600000006,0
FLR-ACC-100879,Metro Retail Inc,Business,NG,NGN,Tier2_Verified,2024-07-15,338.55,FLR251113127374,2025-11-13 07:16:33,Thursday,7,MOBILE PURCHASE - BEST BUY,Best Buy,Electronics,Mobile App,378784.95,0.05,7583480.79,0.0,NG,0,DEV-6521252286,0,486,Completed,MOBILE PURCHASE - BEST BUY,Best Buy,2024,July,15,0.00056,212.119572,275.75544360000004,0
FLR-ACC-103215,Musa Okoro,Individual,US,USD,Tier1_Basic,2024-10-31,24.05,FLR260304189127,2026-03-04 11:26:55,Wednesday,11,CNP PURCHASE - ABUJA DISCO,Abuja DisCo,Utilities,Card Not Present,15.99,0.66,24.36,0.0,US,0,DEV-4605463038,0,489,Completed,CNP PURCHASE - ABUJA DISCO,Abuja Disco,2024,October,31,0.77,12.3123,16.00599,0
FLR-ACC-106342,Peter Adekunle,Individual,NG,NGN,Tier2_Verified,2025-09-01,91.91,FLR250721175262,2025-07-21 18:38:49,Monday,18,CNP PURCHASE - SAINSBURY'S,Sainsbury's,Groceries,Card Not Present,31763.47,0.37,85245.52,0.0,NG,0,DEV-9802916537,0,0,Completed,CNP PURCHASE - SAINSBURY'S,Sainsbury'S,2025,September,1,0.00056,17.787543199999998,23.12380616,1
FLR-ACC-103607,Tunde Johnson,Individual,NG,NGN,Tier3_Enhanced,2024-01-05,178.62,FLR251127176146,2025-11-27 10:49:42,Thursday,10,MOBILE PURCHASE - KFC,KFC,Restaurants,Mobile App,23755.0,0.09,260707.72,0.0,NG,0,DEV-8676591977,1,692,Completed,MOBILE PURCHASE - KFC,Kfc,2024,January,5,0.00056,13.3028,17.29364,0
FLR-ACC-102055,Prime Builders LLC,Business,DE,EUR,Tier3_Enhanced,2025-04-22,653.72,FLR250929162886,2025-09-29 15:37:40,Monday,15,ATM WITHDRAWAL - CHASE ATM,Chase ATM,ATM Withdrawal,API/Integration,161.13,0.29,549.92,0.0,DE,0,DEV-7680599701,0,160,Completed,ATM WITHDRAWAL - CHASE ATM,Chase Atm,2025,April,22,0.84,135.3492,175.95396,0
FLR-ACC-104986,Prime Textiles Co.,Business,FR,EUR,Tier2_Verified,2025-06-01,264.31,FLR250201106531,2025-02-01 16:07:38,Saturday,16,NIP TRANSFER TO FUNKE CHUKWU,no_merchant,P2P Transfer,Card Present,92.02,1.0,92.02,0.0,FR,0,missing_device,-1,0,Completed,NIP TRANSFER - FUNKE CHUKWU,Funke Chukwu,2025,June,1,0.84,77.29679999999999,100.48584,1
FLR-ACC-103268,Urban Trading Co.,Business,NG,NGN,Tier3_Enhanced,2024-09-12,1735.36,FLR250607106025,2025-06-07 17:54:03,Saturday,17,SALARY - GREENFIELD BUILDERS,no_merchant,Payroll Transfer,API/Integration,24784360.11,31.71,781694.51,0.0,NG,0,DEV-9282433505,0,268,Completed,SALARY - GREENFIELD BUILDERS,Greenfield Builders,2024,September,12,0.00056,13879.2416616,18043.01416008,0
FLR-ACC-100209,Tobi Johnson,Individual,NG,NGN,Tier3_Enhanced,2022-12-13,69.13,FLR250222211920,2025-02-22 09:34:01,Saturday,9,POS PURCHASE - NOTION,Notion,Subscription/SaaS,Card Present,13549.48,1.0,13549.48,0.0,NG,0,missing_device,-1,802,Completed,POS PURCHASE - NOTION,Notion,2022,December,13,0.00056,7.587708799999999,9.864021439999998,0
FLR-ACC-106104,Mary Okafor,Individual,NG,NGN,Tier2_Verified,2026-01-25,154.46,FLR251006153452,2025-10-06 20:35:08,Monday,20,USSD PURCHASE - WHOLE FOODS,Whole Foods,Groceries,USSD,37523.0,1.0,37523.0,0.0,NG,0,DEV-7811425559,0,0,Completed,USSD PURCHASE - WHOLE FOODS,Whole Foods,2026,January,25,0.00056,21.01288,27.316744,1
FLR-ACC-100963,Yetunde Taylor,Individual,NG,NGN,Tier1_Basic,2025-09-06,84.26,FLR251227121605,2025-12-27 20:12:05,Saturday,20,MOBILE PURCHASE - BEST BUY,Best Buy,Electronics,Mobile App,128047.21,3.97,32253.66,0.0,NG,0,DEV-2763822685,0,112,Completed,MOBILE PURCHASE - BEST BUY,Best Buy,2025,September,6,0.00056,71.7064376,93.21836888,0
FLR-ACC-103337,James Chukwu,Individual,NG,NGN,Tier2_Verified,2025-04-04,96.43,FLR250713182327,2025-07-13 15:22:01,Sunday,15,CNP PURCHASE - SHOPRITE,Shoprite,Groceries,Card Not Present,21320.84,0.05,416320.34,0.0,NG,0,DEV-1907227440,0,100,Completed,CNP PURCHASE - SHOPRITE,Shoprite,2025,April,4,0.00056,11.9396704,15.521571520000002,0
FLR-ACC-101876,Aisha Chukwu,Individual,US,USD,Tier2_Verified,2024-04-08,67.16,FLR250220212292,2025-02-20 15:04:02,Thursday,15,WEB PURCHASE - DSTV,DSTV,Subscription/SaaS,Web Dashboard,6.19,0.17,36.53,0.0,US,0,DEV-7473241600,0,318,Completed,WEB PURCHASE - DSTV,Dstv,2024,April,8,0.77,4.7663,6.1961900000000005,0
FLR-ACC-101592,Chidi Obi,Individual,NG,NGN,Tier2_Verified,2024-07-21,143.29,FLR250627199850,2025-06-27 20:23:00,Friday,20,ATM WITHDRAWAL - ACCESS BANK ATM,Access Bank ATM,ATM Withdrawal,Card Not Present,87868.12,1.0,87868.12,0.0,NG,0,DEV-7990647549,0,341,Completed,ATM WITHDRAWAL - ACCESS BANK ATM,Access Bank Atm,2024,July,21,0.00056,49.20614719999999,63.96799135999999,0
FLR-ACC-101514,Ruth Okoro,Individual,NG,NGN,Tier2_Verified,2025-11-27,57.25,FLR260626164708,2026-06-26 00:35:30,Friday,0,POS PURCHASE - WHOLE FOODS,Whole Foods,Groceries,Card Present,29482.22,0.21,142518.4,0.0,NG,0,DEV-1464394884,0,211,Completed,POS PURCHASE - WHOLE FOODS,Whole Foods,2025,November,27,0.00056,16.5100432,21.46305616,0
FLR-ACC-103383,Grace Smith,Individual,NG,NGN,Tier3_Enhanced,2023-11-02,84.37,FLR250324215790,2025-03-24 11:09:30,Monday,11,WEB PURCHASE - TESCO,Tesco,Groceries,Web Dashboard,28721.54,0.17,167952.22,0.0,NG,0,DEV-4372278471,0,508,Completed,WEB PURCHASE - TESCO,Tesco,2023,November,2,0.00056,16.0840624,20.909281120000003,0
FLR-ACC-102254,Blessing Williams,Individual,NG,NGN,Tier2_Verified,2025-11-30,70.28,FLR260525206883,2026-05-25 18:43:27,Monday,18,MOBILE PURCHASE - BEST BUY,Best Buy,Electronics,Mobile App,211900.75,5.74,36907.2,0.0,NG,0,DEV-1408645142,0,176,Completed,MOBILE PURCHASE - BEST BUY,Best Buy,2025,November,30,0.00056,118.66442,154.26374600000003,0
FLR-ACC-100012,Grace Ibrahim,Individual,NG,NGN,Tier2_Verified,2023-08-05,53.1,FLR260531138450,2026-05-31 17:33:42,Sunday,17,CNP PURCHASE - ZARA,Zara,Retail,Card Not Present,28403.68,0.3,94263.26,0.0,NG,0,DEV-1435588816,0,1030,Completed,CNP PURCHASE - ZARA,Zara,2023,August,5,0.00056,15.9060608,20.67787904,0
FLR-ACC-104732,Laura Fashola,Individual,NG,NGN,Tier2_Verified,2022-10-31,30.52,FLR251116223206,2025-11-16 22:30:10,Sunday,22,MOBILE PURCHASE - THAMES WATER,Thames Water,Utilities,Mobile App,55996.35,1.64,34055.62,0.0,NG,0,DEV-7920149396,0,1112,Completed,MOBILE PURCHASE - THAMES WATER,Thames Water,2022,October,31,0.00056,31.357956,40.765342800000006,0
FLR-ACC-100227,Funke Taylor,Individual,NG,NGN,Tier1_Basic,2026-04-04,59.86,FLR250920151477,2025-09-20 08:41:19,Saturday,8,MOBILE PURCHASE - SHOPRITE,Shoprite,Groceries,Mobile App,60613.5,1.73,34974.0,0.0,NG,0,DEV-9589032651,0,0,Completed,MOBILE PURCHASE - SHOPRITE,Shoprite,2026,April,4,0.00056,33.94356,44.126628,1
FLR-ACC-105727,Apex Builders Co.,Business,GB,GBP,Tier2_Verified,2025-11-14,134.77,FLR250906191930,2025-09-06 15:34:47,Saturday,15,API PURCHASE - AIR PEACE,Air Peace,Travel,API/Integration,159.11,1.77,89.68,0.0,GB,0,DEV-5961200738,0,0,Completed,API PURCHASE - AIR PEACE,Air Peace,2025,November,14,1.0,159.11,206.843,1
FLR-ACC-104237,Greenfield Textiles Co.,Business,US,USD,Tier3_Enhanced,2023-11-01,1022.43,FLR251101195752,2025-11-01 19:03:06,Saturday,19,INTL WIRE - INTERNATIONAL WIRE REF268882,International Wire,Wire Transfer,Web Dashboard,25888.95,2.12,12205.37,0.0,US,0,DEV-2648976735,0,731,Completed,INTL WIRE - INTERNATIONAL WIRE REF268882,International Wire Ref268882,2023,November,1,0.77,19934.4915,25914.83895,0
FLR-ACC-100323,Silverline Technologies Ltd,Business,NG,NGN,Tier2_Verified,2025-05-29,756.39,FLR250420121995,2025-04-20 20:19:22,Sunday,20,SALARY - GREENFIELD BUILDERS,no_merchant,Payroll Transfer,Web Dashboard,4502718.13,0.91,4963081.0,0.0,NG,0,missing_device,-1,0,Completed,SALARY - GREENFIELD BUILDERS,Greenfield Builders,2025,May,29,0.00056,2521.5221528,3277.97879864,1
FLR-ACC-106516,Michael Eze,Individual,NG,NGN,Tier2_Verified,2024-12-21,116.97,FLR250628121646,2025-06-28 12:17:07,Saturday,12,WEB PURCHASE - UBER,Uber,Travel,Web Dashboard,390113.0,4.42,88307.68,0.0,NG,0,DEV-5380478477,0,189,Completed,WEB PURCHASE - UBER,Uber,2024,December,21,0.00056,218.46328,284.002264,0
FLR-ACC-103498,Bluewave Builders LLC,Business,NG,NGN,Tier3_Enhanced,2024-09-13,248.23,FLR250805140498,2025-08-05 12:34:31,Tuesday,12,INTL WIRE - INTERNATIONAL WIRE REF874942,International Wire,Wire Transfer,Web Dashboard,2742464.0,0.89,3066447.57,0.0,NG,0,DEV-8622600273,0,326,Completed,INTL WIRE - INTERNATIONAL WIRE REF874942,International Wire Ref874942,2024,September,13,0.00056,1535.77984,1996.513792,0
FLR-ACC-104938,Mary Fashola,Individual,US,USD,Tier2_Verified,2023-06-12,30.68,FLR260721178198,2026-07-21 13:09:22,Tuesday,13,MOBILE PURCHASE - NETFLIX,Netflix,Subscription/SaaS,Mobile App,2.0,0.31,6.37,0.0,US,0,DEV-5745660720,0,1135,Completed,MOBILE PURCHASE - NETFLIX,Netflix,2023,June,12,0.77,1.54,2.002,0
FLR-ACC-103592,Bluewave Ventures Ltd,Business,US,USD,Tier1_Basic,2024-10-13,80.27,FLR260223138523,2026-02-23 08:33:51,Monday,8,WEB PURCHASE - ASOS,ASOS,Retail,Web Dashboard,32.81,0.47,70.0,0.0,US,0,DEV-7201187063,0,498,Completed,WEB PURCHASE - ASOS,Asos,2024,October,13,0.77,25.263700000000004,32.84281000000001,0
FLR-ACC-100799,Metro Consulting Co.,Business,GB,GBP,Tier3_Enhanced,2025-01-28,483.25,FLR251029190769,2025-10-29 16:14:18,Wednesday,16,POS PURCHASE - AMAZON,Amazon,Retail,Card Present,258.21,1.0,258.21,0.0,GB,0,DEV-7258133328,0,274,Completed,POS PURCHASE - AMAZON,Amazon,2025,January,28,1.0,258.21,335.673,0
FLR-ACC-101376,Musa Bello,Individual,NG,NGN,Tier2_Verified,2024-06-01,60.84,FLR250824151988,2025-08-24 11:18:43,Sunday,11,USSD PURCHASE - WHOLE FOODS,Whole Foods,Groceries,USSD,35055.89,1.51,23148.0,0.0,NG,0,DEV-5926029224,0,449,Completed,USSD PURCHASE - WHOLE FOODS,Whole Foods,2024,June,1,0.00056,19.6312984,25.52068792,0
FLR-ACC-104571,Global Trading Ltd,Business,NG,NGN,Tier3_Enhanced,2025-08-27,158.16,FLR250802178607,2025-08-02 10:02:00,Saturday,10,MOBILE PURCHASE - AIR PEACE,Air Peace,Travel,Mobile App,660399.2,0.34,1942712.36,0.0,NG,0,DEV-4223218906,0,0,Completed,MOBILE PURCHASE - AIR PEACE,Air Peace,2025,August,27,0.00056,369.823552,480.7706176,1
FLR-ACC-104513,James Adekunle,Individual,NG,NGN,Tier2_Verified,2025-01-01,19.03,FLR251204147384,2025-12-04 08:48:03,Thursday,8,CNP PURCHASE - WHOLE FOODS,Whole Foods,Groceries,Card Not Present,8660.0,0.08,108464.79,0.0,NG,0,DEV-1396212788,0,337,Completed,CNP PURCHASE - WHOLE FOODS,Whole Foods,2025,January,1,0.00056,4.8496,6.30448,0
FLR-ACC-102321,Emeka Ibrahim,Individual,NG,NGN,Tier2_Verified,2024-02-08,101.41,FLR250609131896,2025-06-09 18:58:29,Monday,18,NIP TRANSFER TO BLESSING TAYLOR,no_merchant,P2P Transfer,Web Dashboard,158585.55,0.81,195548.93,0.0,NG,0,DEV-8058942205,0,487,Completed,NIP TRANSFER - BLESSING TAYLOR,Blessing Taylor,2024,February,8,0.00056,88.80790799999998,115.45028039999998,0
FLR-ACC-102630,Musa Williams,Individual,NG,NGN,Tier3_Enhanced,2024-02-10,39.66,FLR251116147486,2025-11-16 16:07:42,Sunday,16,MOBILE PURCHASE - BOLT,Bolt,Travel,Mobile App,126326.0,1.96,64581.77,0.0,NG,0,DEV-7196267861,0,645,Completed,MOBILE PURCHASE - BOLT,Bolt,2024,February,10,0.00056,70.74256,91.965328,0
FLR-ACC-102675,Ben Brown,Individual,US,USD,Tier2_Verified,2024-03-23,159.96,FLR250506130605,2025-05-06 18:29:39,Tuesday,18,CNP PURCHASE - LUNO,Luno,Crypto Exchange,Card Not Present,1638.0,5.7,287.56,0.0,US,0,missing_device,-1,409,Completed,CNP PURCHASE - LUNO,Luno,2024,March,23,0.77,1261.26,1639.638,0
FLR-ACC-105212,Prime Builders Inc,Business,NG,NGN,Tier3_Enhanced,2022-11-06,766.8,FLR251224181932,2025-12-24 02:02:12,Wednesday,2,INTL WIRE - INTERNATIONAL WIRE REF383082,International Wire,Wire Transfer,Mobile App,10982511.22,3.26,3372371.42,0.0,GB,1,DEV-7406773720,0,1144,Completed,INTL WIRE - INTERNATIONAL WIRE REF383082,International Wire Ref383082,2022,November,6,0.00056,6150.2062832,7995.268168160001,0
FLR-ACC-103984,Ben Ibrahim,Individual,US,USD,Tier3_Enhanced,2025-11-05,37.46,FLR260321163606,2026-03-21 06:22:13,Saturday,6,USSD PURCHASE - AVIVA,Aviva,Insurance,USSD,68.74,0.01,5942.24,0.0,US,0,DEV-8327037406,0,136,Completed,USSD PURCHASE - AVIVA,Aviva,2025,November,5,0.77,52.9298,68.80874,0
FLR-ACC-106948,Greenfield Media Ltd,Business,NG,NGN,Tier2_Verified,2026-06-08,220.58,FLR260224170693,2026-02-24 14:20:18,Tuesday,14,POS PURCHASE - CONED,ConEd,Utilities,Card Present,95697.07,1.0,95697.07,0.0,NG,0,DEV-9402505766,0,0,Completed,POS PURCHASE - CONED,Coned,2026,June,8,0.00056,53.5903592,69.66746696,1
FLR-ACC-107065,Global Logistics Co.,Business,NG,NGN,Tier2_Verified,2026-06-14,1176.03,FLR260103146480,2026-01-03 19:33:41,Saturday,19,API PURCHASE - IKEJA ELECTRIC,Ikeja Electric,Utilities,API/Integration,1202466.65,0.15,7794597.91,0.0,NG,0,DEV-8602726727,0,0,Completed,API PURCHASE - IKEJA ELECTRIC,Ikeja Electric,2026,June,14,0.00056,673.3813239999998,875.3957211999998,1
FLR-ACC-104872,Laura Eze,Individual,NG,NGN,Tier1_Basic,2024-09-09,145.11,FLR251124152592,2025-11-24 10:08:46,Monday,10,NIP TRANSFER TO MICHAEL EZE,no_merchant,P2P Transfer,Web Dashboard,73623.17,0.34,218249.74,0.0,NG,0,DEV-8666743559,0,441,Completed,NIP TRANSFER - MICHAEL EZE,Michael Eze,2024,September,9,0.00056,41.2289752,53.59766776,0
FLR-ACC-103100,Tobi Ibrahim,Individual,US,USD,Tier2_Verified,2024-01-22,33.03,FLR250513120715,2025-05-13 06:06:01,Tuesday,6,WEB PURCHASE - COINBASE,Coinbase,Crypto Exchange,Web Dashboard,129.1,2.94,43.84,0.0,US,0,DEV-7720263855,0,477,Completed,WEB PURCHASE - COINBASE,Coinbase,2024,January,22,0.77,99.407,129.2291,0
FLR-ACC-106440,Prime Consulting LLC,Business,NG,NGN,Tier3_Enhanced,2023-12-08,368.99,FLR251029188669,2025-10-29 11:09:00,Wednesday,11,INTL WIRE - INTERNATIONAL WIRE REF791953,International Wire,Wire Transfer,Card Not Present,3901323.0,1.0,3901323.0,0.0,NG,0,DEV-4901480732,0,691,Completed,INTL WIRE - INTERNATIONAL WIRE REF791953,International Wire Ref791953,2023,December,8,0.00056,2184.74088,2840.163144,0
FLR-ACC-103899,Femi Ibrahim,Individual,NG,NGN,Tier1_Basic,2026-05-04,99.95,FLR260611157779,2026-06-11 11:07:23,Thursday,11,CNP PURCHASE - JUSTRITE SUPERSTORE,Justrite Superstore,Groceries,Card Not Present,89740.0,0.25,361466.66,0.0,NG,0,DEV-4562694459,0,38,Completed,CNP PURCHASE - JUSTRITE SUPERSTORE,Justrite Superstore,2026,May,4,0.00056,50.2544,65.33072,0
FLR-ACC-104053,Metro Consulting LLC,Business,GB,GBP,Tier2_Verified,2024-03-17,246.17,FLR250513163475,2025-05-13 09:30:15,Tuesday,9,CNP PURCHASE - BRITISH GAS,British Gas,Utilities,Card Not Present,137.0,1.25,109.99,0.0,GB,0,missing_device,-1,422,Completed,CNP PURCHASE - BRITISH GAS,British Gas,2024,March,17,1.0,137.0,178.1,0
FLR-ACC-104813,Chuka Eze,Individual,NG,NGN,Tier3_Enhanced,2023-05-03,41.88,FLR251224173680,2025-12-24 20:24:07,Wednesday,20,WEB PURCHASE - ABUJA DISCO,Abuja DisCo,Utilities,Web Dashboard,61077.3,1.83,33385.35,1.0,NG,0,DEV-1362944111,0,966,Reversed,WEB PURCHASE - ABUJA DISCO,Abuja Disco,2023,May,3,0.00056,34.203288,44.4642744,0
FLR-ACC-103517,Olu Green,Individual,NG,NGN,Tier3_Enhanced,2024-09-21,110.26,FLR251018208087,2025-10-18 12:45:07,Saturday,12,WEB PURCHASE - DOMINO'S PIZZA,Domino's Pizza,Restaurants,Web Dashboard,36475.75,0.51,71840.12,0.0,NG,0,DEV-7724883190,0,392,Completed,WEB PURCHASE - DOMINO'S PIZZA,Domino'S Pizza,2024,September,21,0.00056,20.42642,26.554346,0
FLR-ACC-100623,Emeka Taylor,Individual,FR,EUR,Tier1_Basic,2025-04-24,53.35,FLR250929132522,2025-09-29 22:30:20,Monday,22,WEB PURCHASE - NOTION,Notion,Subscription/SaaS,Web Dashboard,3.09,0.04,76.14,0.0,FR,0,DEV-7809244558,0,158,Completed,WEB PURCHASE - NOTION,Notion,2025,April,24,0.84,2.5956,3.37428,0
FLR-ACC-101480,Chidi Williams,Individual,US,USD,Tier2_Verified,2026-04-09,118.04,FLR250405104230,2025-04-05 05:10:56,Saturday,5,CNP PURCHASE - SAINSBURY'S,Sainsbury's,Groceries,Card Not Present,47.52,1.5,31.62,0.0,GB,1,missing_device,-1,0,Completed,CNP PURCHASE - SAINSBURY'S,Sainsbury'S,2026,April,9,0.77,36.5904,47.56752,1
FLR-ACC-104579,Blessing Adeyemi,Individual,NG,NGN,Tier2_Verified,2024-05-16,82.47,FLR251213173439,2025-12-13 18:04:21,Saturday,18,CNP PURCHASE - SAINSBURY'S,Sainsbury's,Groceries,Card Not Present,70005.56,1.0,70005.56,0.0,NG,0,DEV-1558427767,0,576,Declined,CNP PURCHASE - SAINSBURY'S,Sainsbury'S,2024,May,16,0.00056,39.2031136,50.96404768000001,0
FLR-ACC-100134,Global Consulting LLC,Business,NG,NGN,Tier2_Verified,2025-11-10,242.32,FLR250311154123,2025-03-11 07:03:26,Tuesday,7,POS PURCHASE - ST. NICHOLAS HOSPITAL,St. Nicholas Hospital,Healthcare,Card Present,363855.02,0.26,1416004.67,0.0,NG,0,missing_device,-1,0,Completed,POS PURCHASE - ST. NICHOLAS HOSPITAL,St. Nicholas Hospital,2025,November,10,0.00056,203.7588112,264.88645456,1
FLR-ACC-103396,Aisha Bello,Individual,US,USD,Tier2_Verified,2022-06-17,21.9,FLR251228222813,2025-12-28 07:52:22,Sunday,7,WEB PURCHASE - JUSTRITE SUPERSTORE,Justrite Superstore,Groceries,Web Dashboard,4.0,1.12,3.58,0.0,US,0,DEV-8294559325,0,1290,Completed,WEB PURCHASE - JUSTRITE SUPERSTORE,Justrite Superstore,2022,June,17,0.77,3.08,4.004,0
FLR-ACC-103035,Grace Chukwu,Individual,NG,NGN,Tier3_Enhanced,2023-01-23,46.25,FLR251211100368,2025-12-11 20:51:27,Thursday,20,MOBILE PURCHASE - ZARA,Zara,Retail,Mobile App,40173.94,6.76,5942.24,0.0,NG,0,DEV-7902218984,0,1053,Declined,MOBILE PURCHASE - ZARA,Zara,2023,January,23,0.00056,22.4974064,29.24662832,0
FLR-ACC-100943,Urban Textiles Ltd,Business,US,USD,Tier2_Verified,2025-01-16,329.13,FLR260624200809,2026-06-24 21:26:28,Wednesday,21,WEB PURCHASE - UBER,Uber,Travel,Web Dashboard,256.16,1.45,176.06,0.0,US,0,DEV-2451207691,0,524,Completed,WEB PURCHASE - UBER,Uber,2025,January,16,0.77,197.24320000000003,256.41616000000005,0
FLR-ACC-104947,Greenfield Consulting LLC,Business,NG,NGN,Tier1_Basic,2026-07-14,1636.84,FLR251025135733,2025-10-25 16:24:58,Saturday,16,ATM WITHDRAWAL - ZENITH ATM,Zenith ATM,ATM Withdrawal,Web Dashboard,488464.53,0.04,11286259.16,0.0,NG,0,DEV-2815586356,0,0,Completed,ATM WITHDRAWAL - ZENITH ATM,Zenith Atm,2026,July,14,0.00056,273.5401368,355.60217784,1
FLR-ACC-103423,Global Consulting Inc,Business,US,USD,Tier2_Verified,2025-07-14,81.75,FLR250825147963,2025-08-25 14:58:15,Monday,14,WEB PURCHASE - MICROSOFT 365,Microsoft 365,Subscription/SaaS,Web Dashboard,6.95,0.02,425.8,0.0,US,0,DEV-2801935218,0,42,Completed,WEB PURCHASE - MICROSOFT 365,Microsoft 365,2025,July,14,0.77,5.351500000000001,6.956950000000001,0
FLR-ACC-106694,Greenfield Consulting Co.,Business,GB,GBP,Tier2_Verified,2023-10-23,293.06,FLR250817136509,2025-08-17 17:33:06,Sunday,17,WEB PURCHASE - SLACK,Slack,Subscription/SaaS,Web Dashboard,16.57,0.03,516.19,0.0,GB,0,DEV-9680309632,0,664,Completed,WEB PURCHASE - SLACK,Slack,2023,October,23,1.0,16.57,21.541,0
FLR-ACC-106584,Femi Eze,Individual,DE,EUR,Tier3_Enhanced,2025-07-11,80.57,FLR250626189003,2025-06-26 17:29:06,Thursday,17,MOBILE PURCHASE - SPAR,Spar,Groceries,Mobile App,31.89,0.32,99.24,0.0,DE,0,DEV-9025618901,0,0,Completed,MOBILE PURCHASE - SPAR,Spar,2025,July,11,0.84,26.7876,34.82388,1
FLR-ACC-104949,Tobi Eze,Individual,FR,EUR,Tier2_Verified,2026-06-15,111.3,FLR251119119693,2025-11-19 19:03:52,Wednesday,19,USSD PURCHASE - ASOS,ASOS,Retail,USSD,65.53,0.42,157.77,0.0,FR,0,DEV-4882420576,0,0,Completed,USSD PURCHASE - ASOS,Asos,2026,June,15,0.84,55.0452,71.55876,1
FLR-ACC-101338,Michael Green,Individual,US,USD,Tier2_Verified,2025-07-09,23.47,FLR260319129183,2026-03-19 09:34:45,Thursday,9,MOBILE PURCHASE - GOTV,GOtv,Subscription/SaaS,Mobile App,1.94,0.0,5942.24,0.0,US,0,DEV-9399518732,0,253,Completed,MOBILE PURCHASE - GOTV,Gotv,2025,July,9,0.77,1.4938,1.94194,0
FLR-ACC-102385,Silverline Trading Co.,Business,US,USD,Tier3_Enhanced,2023-04-09,808.98,FLR260126143098,2026-01-26 03:07:39,Monday,3,WEB PURCHASE - CONED,ConEd,Utilities,Web Dashboard,224.0,0.13,1754.16,0.0,US,0,DEV-7061388621,0,1023,Declined,WEB PURCHASE - CONED,Coned,2023,April,9,0.77,172.48000000000002,224.224,0
FLR-ACC-100875,David Eze,Individual,US,USD,Tier3_Enhanced,2024-06-24,45.17,FLR260809211424,2026-08-09 18:31:44,Sunday,18,CNP PURCHASE - SLACK,Slack,Subscription/SaaS,Card Not Present,2.0,0.0,5942.24,0.0,US,0,DEV-2928285455,1,776,Completed,CNP PURCHASE - SLACK,Slack,2024,June,24,0.77,1.54,2.002,0
FLR-ACC-105216,Laura Adeyemi,Individual,FR,EUR,Tier1_Basic,2026-04-04,73.96,FLR260504223664,2026-05-04 15:33:45,Monday,15,MOBILE PURCHASE - KFC,KFC,Restaurants,Mobile App,9.57,0.33,29.15,0.0,FR,0,DEV-2160607232,0,30,Completed,MOBILE PURCHASE - KFC,Kfc,2026,April,4,0.84,8.0388,10.45044,0
FLR-ACC-105084,Olu Williams,Individual,NG,NGN,Tier2_Verified,2026-02-01,35.07,FLR251230204831,2025-12-30 15:02:35,Tuesday,15,WEB PURCHASE - ZARA,Zara,Retail,Web Dashboard,40868.0,1.23,33190.8,0.0,US,1,DEV-3915382476,0,0,Completed,WEB PURCHASE - ZARA,Zara,2026,February,1,0.00056,22.88608,29.751904,1
FLR-ACC-101374,Silverline Logistics Ltd,Business,NG,NGN,Tier2_Verified,2024-09-15,449.48,FLR260628212388,2026-06-28 18:29:17,Sunday,18,WEB PURCHASE - CURRYS PC WORLD,Currys PC World,Electronics,Web Dashboard,2545834.68,0.82,3104747.95,0.0,NG,0,DEV-6618186337,0,651,Completed,WEB PURCHASE - CURRYS PC WORLD,Currys Pc World,2024,September,15,0.00056,1425.6674208,1853.36764704,0
FLR-ACC-103109,Mary Obi,Individual,NG,NGN,Tier2_Verified,2023-11-25,60.05,FLR250729115049,2025-07-29 18:18:16,Tuesday,18,API PURCHASE - SPAR,Spar,Groceries,API/Integration,12510.07,0.22,55862.76,0.0,NG,0,DEV-3954897035,0,612,Completed,API PURCHASE - SPAR,Spar,2023,November,25,0.00056,7.005639199999999,9.10733096,0
FLR-ACC-106257,Metro Ventures Ltd,Business,GB,GBP,Tier3_Enhanced,2025-04-03,162.67,FLR250429203859,2025-04-29 02:23:09,Tuesday,2,SALARY - SUNRISE CONSULTING,no_merchant,Payroll Transfer,Web Dashboard,636.74,0.68,941.48,0.0,GB,0,missing_device,-1,26,Completed,SALARY - SUNRISE CONSULTING,Sunrise Consulting,2025,April,3,1.0,636.74,827.7620000000001,0
FLR-ACC-106531,Sunrise Foods Co.,Business,NG,NGN,Tier1_Basic,2025-07-07,1315.58,FLR250228202130,2025-02-28 18:14:51,Friday,18,WEB PURCHASE - SAINSBURY'S,Sainsbury's,Groceries,Web Dashboard,1804837.0,0.1,18219629.18,0.0,NG,0,missing_device,-1,0,Completed,WEB PURCHASE - SAINSBURY'S,Sainsbury'S,2025,July,7,0.00056,1010.70872,1313.921336,1
FLR-ACC-103732,Aisha Yusuf,Individual,NG,NGN,Tier1_Basic,2024-12-01,126.74,FLR251024120330,2025-10-24 10:36:15,Friday,10,MOBILE PURCHASE - EEDC,EEDC,Utilities,Mobile App,127899.0,0.38,332999.5,0.0,NG,0,DEV-4492028768,0,327,Completed,MOBILE PURCHASE - EEDC,Eedc,2024,December,1,0.00056,71.62343999999999,93.110472,0
FLR-ACC-104094,Ben Williams,Individual,NG,NGN,Tier3_Enhanced,2025-02-26,226.33,FLR250501189248,2025-05-01 08:43:21,Thursday,8,MOBILE PURCHASE - CVS PHARMACY,CVS Pharmacy,Healthcare,Mobile App,325955.03,0.41,789926.21,0.0,NG,0,missing_device,-1,64,Completed,MOBILE PURCHASE - CVS PHARMACY,Cvs Pharmacy,2025,February,26,0.00056,182.5348168,237.29526184,0
FLR-ACC-101070,Michael Johnson,Individual,US,USD,Tier2_Verified,2025-06-23,33.53,FLR251213114272,2025-12-13 19:36:50,Saturday,19,MOBILE PURCHASE - SPAR,Spar,Groceries,Mobile App,13.56,1.0,13.56,0.0,US,0,DEV-3055923867,0,173,Completed,MOBILE PURCHASE - SPAR,Spar,2025,June,23,0.77,10.4412,13.57356,0
FLR-ACC-104322,Ifeoma Yusuf,Individual,NG,NGN,Tier3_Enhanced,2024-06-02,62.22,FLR260315164244,2026-03-15 15:42:33,Sunday,15,MOBILE PURCHASE - IKEJA ELECTRIC,Ikeja Electric,Utilities,Mobile App,104927.98,19.42,5404.17,0.0,NG,0,DEV-8854255057,0,651,Completed,MOBILE PURCHASE - IKEJA ELECTRIC,Ikeja Electric,2024,June,2,0.00056,58.75966879999999,76.38756944,0
FLR-ACC-105631,Kunle Yusuf,Individual,NG,NGN,Tier1_Basic,2022-08-21,16.55,FLR251103157832,2025-11-03 11:03:48,Monday,11,CNP PURCHASE - BOOTS PHARMACY,Boots Pharmacy,Healthcare,Card Not Present,20806.0,1.0,20806.0,0.0,NG,0,DEV-7962011078,0,1170,Declined,CNP PURCHASE - BOOTS PHARMACY,Boots Pharmacy,2022,August,21,0.00056,11.65136,15.146768000000002,0
FLR-ACC-100461,Metro Media Co.,Business,NG,NGN,Tier3_Enhanced,2025-09-14,154.95,FLR260511158808,2026-05-11 17:48:29,Monday,17,API PURCHASE - CVS PHARMACY,CVS Pharmacy,Healthcare,API/Integration,295177.66,1.0,295177.66,0.0,NG,0,DEV-2040491999,0,239,Declined,API PURCHASE - CVS PHARMACY,Cvs Pharmacy,2025,September,14,0.00056,165.29948959999996,214.88933648,0
FLR-ACC-100879,Metro Retail Inc,Business,NG,NGN,Tier2_Verified,2024-07-15,338.55,FLR260303137974,2026-03-03 16:09:47,Tuesday,16,WEB PURCHASE - WHOLE FOODS,Whole Foods,Groceries,Web Dashboard,91918.72,0.02,4330232.44,0.0,NG,0,DEV-7083598571,0,596,Completed,WEB PURCHASE - WHOLE FOODS,Whole Foods,2024,July,15,0.00056,51.4744832,66.91682816000001,0
FLR-ACC-105063,Chidi Green,Individual,DE,EUR,Tier1_Basic,2026-05-31,58.32,FLR250219112018,2025-02-19 09:41:43,Wednesday,9,API PURCHASE - JUMIA,Jumia,Retail,API/Integration,43.0,1.97,21.87,0.0,DE,0,DEV-8342843605,0,0,Completed,API PURCHASE - JUMIA,Jumia,2026,May,31,0.84,36.12,46.956,1
FLR-ACC-100050,Laura Johnson,Individual,GB,GBP,Tier1_Basic,2026-06-08,84.73,FLR260127190457,2026-01-27 19:23:56,Tuesday,19,SALARY - METRO TEXTILES,no_merchant,Payroll Transfer,Card Not Present,1590.63,1.0,1590.63,0.0,GB,0,DEV-6625460811,0,0,Completed,SALARY - METRO TEXTILES,Metro Textiles,2026,June,8,1.0,1590.63,2067.8190000000004,1
FLR-ACC-103498,Bluewave Builders LLC,Business,NG,NGN,Tier3_Enhanced,2024-09-13,248.23,FLR260123126153,2026-01-23 21:25:25,Friday,21,SALARY - NORTH CONSULTING,no_merchant,Payroll Transfer,Web Dashboard,1247930.55,1.0,1247930.55,0.0,NG,0,DEV-8622600273,0,497,Completed,SALARY - NORTH CONSULTING,North Consulting,2024,September,13,0.00056,698.841108,908.4934404,0
FLR-ACC-103138,Ifeoma Adeyemi,Individual,FR,EUR,Tier2_Verified,2025-12-20,118.57,FLR250927156686,2025-09-27 19:37:16,Saturday,19,WEB PURCHASE - NOTION,Notion,Subscription/SaaS,Web Dashboard,10.9,0.22,50.3,0.0,FR,0,DEV-8386189886,0,0,Completed,WEB PURCHASE - NOTION,Notion,2025,December,20,0.84,9.156,11.9028,1
FLR-ACC-106826,Silverline Logistics Ltd,Business,GB,GBP,Tier2_Verified,2025-11-28,152.83,FLR260307173716,2026-03-07 20:45:35,Saturday,20,INTL WIRE - INTERNATIONAL WIRE REF907858,International Wire,Wire Transfer,Web Dashboard,445.72,0.74,599.98,0.0,GB,0,DEV-2746286459,0,99,Completed,INTL WIRE - INTERNATIONAL WIRE REF907858,International Wire Ref907858,2025,November,28,1.0,445.72,579.436,0
FLR-ACC-103926,David Yusuf,Individual,NG,NGN,Tier2_Verified,2025-08-11,22.36,FLR251217180673,2025-12-17 16:33:43,Wednesday,16,POS PURCHASE - JUMIA MART,Jumia Mart,Groceries,Card Present,16251.88,5.72,2842.0,0.0,NG,0,DEV-2154469741,0,128,Completed,POS PURCHASE - JUMIA MART,Jumia Mart,2025,August,11,0.00056,9.101052799999998,11.831368639999996,0
FLR-ACC-105413,Apex Textiles Co.,Business,GB,GBP,Tier1_Basic,2024-11-02,1036.1,FLR250719218706,2025-07-19 08:40:53,Saturday,8,SALARY - METRO VENTURES,no_merchant,Payroll Transfer,Card Not Present,8310.05,3.52,2357.48,0.0,GB,0,DEV-5959145384,0,259,Completed,SALARY - METRO VENTURES,Metro Ventures,2024,November,2,1.0,8310.05,10803.065,0
FLR-ACC-103324,Kunle Ibrahim,Individual,FR,EUR,Tier2_Verified,2025-12-12,60.43,FLR251223142291,2025-12-23 10:34:45,Tuesday,10,MOBILE PURCHASE - SPOTIFY,Spotify,Subscription/SaaS,Mobile App,3.93,0.07,53.68,0.0,FR,0,DEV-5858121380,0,11,Completed,MOBILE PURCHASE - SPOTIFY,Spotify,2025,December,12,0.84,3.3012,4.2915600000000005,0
FLR-ACC-101542,Peter Johnson,Individual,NG,NGN,Tier1_Basic,2025-04-16,62.45,FLR251209177605,2025-12-09 21:23:55,Tuesday,21,WEB PURCHASE - UBER,Uber,Travel,Web Dashboard,342280.79,57.6,5942.24,0.0,NG,0,DEV-2261899992,0,237,Completed,WEB PURCHASE - UBER,Uber,2025,April,16,0.00056,191.6772424,249.18041512,0
FLR-ACC-103275,Daniel Okoro,Individual,FR,EUR,Tier3_Enhanced,2024-04-11,29.42,FLR260327176143,2026-03-27 19:53:24,Friday,19,MOBILE PURCHASE - TESCO,Tesco,Groceries,Mobile App,9.0,0.3,30.42,0.0,FR,0,DEV-9070523465,0,715,Completed,MOBILE PURCHASE - TESCO,Tesco,2024,April,11,0.84,7.56,9.828,0
FLR-ACC-104277,Grace Yusuf,Individual,NG,NGN,Tier3_Enhanced,2024-05-26,50.41,FLR250603111326,2025-06-03 21:56:11,Tuesday,21,MOBILE PURCHASE - BRITISH AIRWAYS,British Airways,Travel,Mobile App,127831.2,1.21,106011.35,0.0,NG,0,DEV-7958543039,0,373,Completed,MOBILE PURCHASE - BRITISH AIRWAYS,British Airways,2024,May,26,0.00056,71.585472,93.0611136,0
FLR-ACC-100811,Funke Yusuf,Individual,GB,GBP,Tier3_Enhanced,2024-09-14,29.78,FLR260322101688,2026-03-22 19:47:55,Sunday,19,SALARY - BLUEWAVE BUILDERS,no_merchant,Payroll Transfer,Card Not Present,96.34,0.67,143.04,0.0,GB,0,DEV-9449616649,0,554,Completed,SALARY - BLUEWAVE BUILDERS,Bluewave Builders,2024,September,14,1.0,96.34,125.242,0
FLR-ACC-101374,Silverline Logistics Ltd,Business,NG,NGN,Tier2_Verified,2024-09-15,449.48,FLR260711123502,2026-07-11 08:30:12,Saturday,8,SALARY - SILVERLINE BUILDERS,no_merchant,Payroll Transfer,Mobile App,7338269.84,2.48,2954905.33,0.0,NG,0,DEV-6618186337,0,664,Completed,SALARY - SILVERLINE BUILDERS,Silverline Builders,2024,September,15,0.00056,4109.4311104,5342.26044352,0
FLR-ACC-107139,Grace Eze,Individual,GB,GBP,Tier3_Enhanced,2024-01-23,20.64,FLR260309198969,2026-03-09 19:53:49,Monday,19,NIP TRANSFER TO CHIDI HASSAN,no_merchant,P2P Transfer,Web Dashboard,10.81,1.0,10.81,0.0,GB,0,DEV-5451764825,0,776,Completed,NIP TRANSFER - CHIDI HASSAN,Chidi Hassan,2024,January,23,1.0,10.81,14.053,0
FLR-ACC-103963,Sunrise Foods Co.,Business,FR,EUR,Tier2_Verified,2024-09-18,2238.41,FLR260212156971,2026-02-12 06:24:34,Thursday,6,API PURCHASE - AMAZON,Amazon,Retail,API/Integration,522.69,0.07,7510.68,0.0,FR,0,DEV-4146469346,0,512,Completed,API PURCHASE - AMAZON,Amazon,2024,September,18,0.84,439.0596000000001,570.7774800000002,0
FLR-ACC-103640,James Balogun,Individual,NG,NGN,Tier2_Verified,2023-11-20,29.79,FLR260526202422,2026-05-26 19:03:11,Tuesday,19,SALARY - GLOBAL TEXTILES,no_merchant,Payroll Transfer,USSD,201733.15,1.0,201733.15,0.0,NG,0,DEV-3648610949,0,918,Completed,SALARY - GLOBAL TEXTILES,Global Textiles,2023,November,20,0.00056,112.97056399999998,146.86173319999995,0
FLR-ACC-106611,Peter Yusuf,Individual,NG,NGN,Tier1_Basic,2025-05-26,31.39,FLR260330165661,2026-03-30 06:07:28,Monday,6,MOBILE PURCHASE - COLD STONE CREAMERY,Cold Stone Creamery,Restaurants,Mobile App,10093.0,0.45,22532.95,0.0,NG,0,DEV-5982973489,0,308,Completed,MOBILE PURCHASE - COLD STONE CREAMERY,Cold Stone Creamery,2025,May,26,0.00056,5.65208,7.347704,0
FLR-ACC-102113,Metro Technologies Co.,Business,GB,GBP,Tier3_Enhanced,2023-12-15,709.23,FLR251222117386,2025-12-22 17:09:48,Monday,17,MOBILE PURCHASE - NETFLIX,Netflix,Subscription/SaaS,Mobile App,58.0,0.01,5942.24,0.0,GB,0,DEV-1241419698,0,738,Completed,MOBILE PURCHASE - NETFLIX,Netflix,2023,December,15,1.0,58.0,75.4,0
FLR-ACC-106526,Ngozi Bello,Individual,NG,NGN,Tier2_Verified,2023-12-14,54.88,FLR250621103108,2025-06-21 22:52:54,Saturday,22,MOBILE PURCHASE - LEADWAY ASSURANCE,Leadway Assurance,Insurance,Mobile App,134032.45,3.66,36664.0,0.0,NG,0,DEV-1951283284,0,555,Completed,MOBILE PURCHASE - LEADWAY ASSURANCE,Leadway Assurance,2023,December,14,0.00056,75.058172,97.5756236,0
FLR-ACC-102339,Aisha Williams,Individual,US,USD,Tier2_Verified,2023-07-06,38.76,FLR260207205491,2026-02-07 21:44:11,Saturday,21,WEB PURCHASE - ABUJA DISCO,Abuja DisCo,Utilities,Web Dashboard,11.4,0.34,34.01,0.0,US,0,DEV-2329061809,0,947,Completed,WEB PURCHASE - ABUJA DISCO,Abuja Disco,2023,July,6,0.77,8.778,11.4114,0
FLR-ACC-102859,Musa Johnson,Individual,GB,GBP,Tier1_Basic,2025-07-25,105.54,FLR250328176578,2025-03-28 11:10:03,Friday,11,WEB PURCHASE - BET9JA,Bet9ja,Gambling/Gaming,Web Dashboard,9.0,0.09,96.82,0.0,GB,0,missing_device,-1,0,Completed,WEB PURCHASE - BET9JA,Bet9Ja,2025,July,25,1.0,9.0,11.7,1
FLR-ACC-106964,Metro Retail Ltd,Business,GB,GBP,Tier1_Basic,2026-06-16,1236.95,FLR260311193701,2026-03-11 19:44:04,Wednesday,19,API PURCHASE - GOTV,GOtv,Subscription/SaaS,API/Integration,105.4,0.03,3165.72,0.0,GB,0,DEV-3018072144,0,0,Completed,API PURCHASE - GOTV,Gotv,2026,June,16,1.0,105.4,137.02,1
FLR-ACC-104484,Chidi Brown,Individual,NG,NGN,Tier3_Enhanced,2023-04-10,56.61,FLR260313197276,2026-03-13 06:18:34,Friday,6,SALARY - BLUEWAVE VENTURES,no_merchant,Payroll Transfer,Card Present,509204.48,1.0,509204.48,0.0,NG,0,DEV-9899783032,0,1068,Completed,SALARY - BLUEWAVE VENTURES,Bluewave Ventures,2023,April,10,0.00056,285.1545088,370.70086144,0
FLR-ACC-100514,Apex Textiles Co.,Business,US,USD,Tier3_Enhanced,2023-09-21,360.98,FLR260724145287,2026-07-24 21:51:24,Friday,21,WEB PURCHASE - LEADWAY ASSURANCE,Leadway Assurance,Insurance,Web Dashboard,384.0,0.81,473.43,0.0,US,0,DEV-3501436162,0,1037,Completed,WEB PURCHASE - LEADWAY ASSURANCE,Leadway Assurance,2023,September,21,0.77,295.68,384.384,0
FLR-ACC-101651,Urban Ventures Ltd,Business,US,USD,Tier2_Verified,2024-09-25,150.28,FLR251227189280,2025-12-27 20:43:10,Saturday,20,INTL WIRE - INTERNATIONAL WIRE REF129918,International Wire,Wire Transfer,Card Present,818.0,0.93,877.34,0.0,US,0,DEV-4783443320,0,458,Reversed,INTL WIRE - INTERNATIONAL WIRE REF129918,International Wire Ref129918,2024,September,25,0.77,629.86,818.8180000000001,0
FLR-ACC-105961,Urban Consulting LLC,Business,US,USD,Tier2_Verified,2025-04-05,94.76,FLR260309202869,2026-03-09 18:31:32,Monday,18,MOBILE PURCHASE - THAMES WATER,Thames Water,Utilities,Mobile App,69.91,0.04,1586.09,0.0,US,0,DEV-3896795374,0,338,Completed,MOBILE PURCHASE - THAMES WATER,Thames Water,2025,April,5,0.77,53.8307,69.97991,0
FLR-ACC-103102,Chioma Green,Individual,NG,NGN,Tier2_Verified,2025-04-13,85.52,FLR260409221987,2026-04-09 14:11:57,Thursday,14,NIP TRANSFER TO YETUNDE OKORO,no_merchant,P2P Transfer,Mobile App,129693.75,0.95,136555.87,0.0,NG,0,DEV-3667974577,1,361,Completed,NIP TRANSFER - YETUNDE OKORO,Yetunde Okoro,2025,April,13,0.00056,72.62849999999999,94.41705,0
FLR-ACC-103347,Sunrise Consulting Co.,Business,NG,NGN,Tier2_Verified,2025-02-04,1187.39,FLR260713219934,2026-07-13 17:59:31,Monday,17,MOBILE PURCHASE - AIR PEACE,Air Peace,Travel,Mobile App,8361052.11,43.43,192496.32,0.0,NG,0,DEV-2869767717,0,524,Completed,MOBILE PURCHASE - AIR PEACE,Air Peace,2025,February,4,0.00056,4682.1891816,6086.84593608,0
FLR-ACC-105598,Chuka Bello,Individual,NG,NGN,Tier1_Basic,2025-05-22,12.35,FLR260102127558,2026-01-02 18:33:35,Friday,18,API PURCHASE - SAINSBURY'S,Sainsbury's,Groceries,API/Integration,9506.84,0.37,25678.75,0.0,NG,0,DEV-9197814102,0,225,Completed,API PURCHASE - SAINSBURY'S,Sainsbury'S,2025,May,22,0.00056,5.323830399999999,6.92097952,0
FLR-ACC-103855,Yetunde Bello,Individual,NG,NGN,Tier2_Verified,2024-11-17,127.54,FLR250215180847,2025-02-15 14:54:00,Saturday,14,WEB PURCHASE - TESCO,Tesco,Groceries,Web Dashboard,42024.39,0.22,190071.99,0.0,NG,0,missing_device,-1,90,Completed,WEB PURCHASE - TESCO,Tesco,2024,November,17,0.00056,23.5336584,30.59375592,0
FLR-ACC-103159,James Bello,Individual,US,USD,Tier1_Basic,2024-04-14,226.45,FLR250727204258,2025-07-27 20:37:35,Sunday,20,MOBILE PURCHASE - SAINSBURY'S,Sainsbury's,Groceries,Mobile App,38.0,0.27,141.85,0.0,US,0,DEV-5980560412,0,469,Completed,MOBILE PURCHASE - SAINSBURY'S,Sainsbury'S,2024,April,14,0.77,29.26,38.038,0
FLR-ACC-103634,Femi Okoro,Individual,GB,GBP,Tier2_Verified,2025-08-08,24.66,FLR260113161009,2026-01-13 19:20:15,Tuesday,19,CNP PURCHASE - KONGA,Konga,Retail,Card Not Present,10.56,1.03,10.24,0.0,GB,0,DEV-4442931972,0,158,Completed,CNP PURCHASE - KONGA,Konga,2025,August,8,1.0,10.56,13.728000000000002,0
FLR-ACC-101366,Laura Okoro,Individual,US,USD,Tier1_Basic,2026-04-07,34.75,FLR260414223656,2026-04-14 13:21:32,Tuesday,13,MOBILE PURCHASE - SPAR,Spar,Groceries,Mobile App,12.62,0.2,62.6,0.0,US,0,DEV-8395207569,0,7,Completed,MOBILE PURCHASE - SPAR,Spar,2026,April,7,0.77,9.7174,12.63262,0
FLR-ACC-106764,Bluewave Technologies Co.,Business,NG,NGN,Tier3_Enhanced,2023-07-01,674.34,FLR250928166915,2025-09-28 15:00:10,Sunday,15,WEB PURCHASE - SPOTIFY,Spotify,Subscription/SaaS,Web Dashboard,42274.36,1.0,42274.36,0.0,NG,0,DEV-8764972821,0,820,Completed,WEB PURCHASE - SPOTIFY,Spotify,2023,July,1,0.00056,23.6736416,30.77573408,0
FLR-ACC-100796,Tunde Balogun,Individual,GB,GBP,Tier3_Enhanced,2024-07-01,64.83,FLR260714168219,2026-07-14 15:33:53,Tuesday,15,WEB PURCHASE - IKEJA ELECTRIC,Ikeja Electric,Utilities,Web Dashboard,92.0,1.62,56.84,0.0,GB,0,DEV-7823259031,0,743,Completed,WEB PURCHASE - IKEJA ELECTRIC,Ikeja Electric,2024,July,1,1.0,92.0,119.6,0
FLR-ACC-105391,Femi Eze,Individual,US,USD,Tier3_Enhanced,2024-04-25,71.87,FLR260516203702,2026-05-16 15:38:28,Saturday,15,CNP PURCHASE - EEDC,EEDC,Utilities,Card Not Present,60.24,0.27,224.82,0.0,US,0,DEV-3762299623,0,751,Completed,CNP PURCHASE - EEDC,Eedc,2024,April,25,0.77,46.384800000000006,60.30024000000001,0
FLR-ACC-104957,John Williams,Individual,NG,NGN,Tier3_Enhanced,2025-12-10,39.22,FLR260628214605,2026-06-28 00:47:24,Sunday,0,CNP PURCHASE - NETFLIX,Netflix,Subscription/SaaS,Card Not Present,5015.25,0.23,21891.84,0.0,NG,0,DEV-2600509376,0,200,Completed,CNP PURCHASE - NETFLIX,Netflix,2025,December,10,0.00056,2.80854,3.651102,0
FLR-ACC-105168,Urban Builders LLC,Business,NG,NGN,Tier2_Verified,2024-07-19,1081.17,FLR250711109352,2025-07-11 14:09:27,Friday,14,SALARY - NORTH TRADING,no_merchant,Payroll Transfer,Mobile App,4128945.94,0.64,6448467.29,0.0,NG,0,DEV-2240544904,0,357,Completed,SALARY - NORTH TRADING,North Trading,2024,July,19,0.00056,2312.2097264,3005.87264432,0
FLR-ACC-105562,Femi Bello,Individual,NG,NGN,Tier3_Enhanced,2024-07-04,251.86,FLR260801221118,2026-08-01 16:12:34,Saturday,16,SALARY - APEX LOGISTICS,no_merchant,Payroll Transfer,Mobile App,867130.75,1.55,560452.06,0.0,NG,0,DEV-5362338873,0,758,Completed,SALARY - APEX LOGISTICS,Apex Logistics,2024,July,4,0.00056,485.59322,631.271186,0
FLR-ACC-100007,North Foods Co.,Business,US,USD,Tier1_Basic,2026-01-30,285.49,FLR250720142088,2025-07-20 07:12:49,Sunday,7,SALARY - SUNRISE MEDIA,no_merchant,Payroll Transfer,API/Integration,1533.04,17.41,88.08,0.0,US,0,DEV-6453630468,0,0,Completed,SALARY - SUNRISE MEDIA,Sunrise Media,2026,January,30,0.77,1180.4408,1534.5730400000002,1
FLR-ACC-103596,Femi Green,Individual,NG,NGN,Tier3_Enhanced,2023-07-08,210.85,FLR250714184607,2025-07-14 04:59:42,Monday,4,WEB PURCHASE - SHOPRITE,Shoprite,Groceries,Web Dashboard,90377.57,0.53,170791.57,0.0,NG,0,DEV-3267003472,0,737,Completed,WEB PURCHASE - SHOPRITE,Shoprite,2023,July,8,0.00056,50.6114392,65.79487096,0
FLR-ACC-103167,Ruth Okafor,Individual,GB,GBP,Tier3_Enhanced,2026-03-12,144.31,FLR250620129222,2025-06-20 19:07:14,Friday,19,MOBILE PURCHASE - BOLT,Bolt,Travel,Mobile App,324.99,1.0,324.99,0.0,GB,0,DEV-9392948894,0,0,Completed,MOBILE PURCHASE - BOLT,Bolt,2026,March,12,1.0,324.99,422.487,1
FLR-ACC-104668,Peter Green,Individual,NG,NGN,Tier2_Verified,2025-10-12,38.19,FLR260417187185,2026-04-17 20:43:38,Friday,20,CNP PURCHASE - CVS PHARMACY,CVS Pharmacy,Healthcare,Card Not Present,59522.0,1.84,32375.28,0.0,NG,0,DEV-4793561210,0,187,Completed,CNP PURCHASE - CVS PHARMACY,Cvs Pharmacy,2025,October,12,0.00056,33.33232,43.332016,0
FLR-ACC-100166,Peter Balogun,Individual,NG,NGN,Tier2_Verified,2024-02-22,83.81,FLR260330125386,2026-03-30 13:00:26,Monday,13,MOBILE PURCHASE - DSTV,DSTV,Subscription/SaaS,Mobile App,3132.15,0.01,317861.15,0.0,NG,0,DEV-9044117586,0,767,Completed,MOBILE PURCHASE - DSTV,Dstv,2024,February,22,0.00056,1.754004,2.2802052,0
FLR-ACC-106060,Bluewave Retail LLC,Business,NG,NGN,Tier1_Basic,2024-07-02,2375.97,FLR251130225276,2025-11-30 15:21:56,Sunday,15,WEB PURCHASE - ADOBE CREATIVE CLOUD,Adobe Creative Cloud,Subscription/SaaS,Web Dashboard,440237.89,1.14,386568.0,0.0,NG,0,DEV-2526553084,0,516,Completed,WEB PURCHASE - ADOBE CREATIVE CLOUD,Adobe Creative Cloud,2024,July,2,0.00056,246.5332184,320.49318392000004,0
FLR-ACC-104777,Michael Taylor,Individual,GB,GBP,Tier2_Verified,2025-08-18,248.07,FLR260220199778,2026-02-20 16:49:27,Friday,16,MOBILE PURCHASE - DOMINO'S PIZZA,Domino's Pizza,Restaurants,Mobile App,44.0,0.25,174.79,0.0,GB,0,DEV-2990384149,0,186,Reversed,MOBILE PURCHASE - DOMINO'S PIZZA,Domino'S Pizza,2025,August,18,1.0,44.0,57.2,0
FLR-ACC-101518,Michael Johnson,Individual,US,USD,Tier2_Verified,2025-12-22,80.78,FLR251224129676,2025-12-24 11:10:52,Wednesday,11,CNP PURCHASE - ABUJA DISCO,Abuja DisCo,Utilities,Card Not Present,77.47,3.49,22.21,0.0,US,0,DEV-4954547298,0,2,Reversed,CNP PURCHASE - ABUJA DISCO,Abuja Disco,2025,December,22,0.77,59.6519,77.54747,0
FLR-ACC-100953,Sarah Hassan,Individual,NG,NGN,Tier2_Verified,2024-12-16,73.2,FLR251017123059,2025-10-17 19:45:47,Friday,19,CNP PURCHASE - LEADWAY ASSURANCE,Leadway Assurance,Insurance,Card Not Present,196631.0,0.59,335906.91,0.0,NG,0,DEV-4901590428,0,305,Completed,CNP PURCHASE - LEADWAY ASSURANCE,Leadway Assurance,2024,December,16,0.00056,110.11336,143.147368,0
FLR-ACC-104064,James Okoro,Individual,NG,NGN,Tier3_Enhanced,2025-02-01,81.12,FLR250722161242,2025-07-22 13:13:24,Tuesday,13,POS PURCHASE - BRITISH AIRWAYS,British Airways,Travel,Card Present,111825.0,2.09,53483.34,0.0,NG,0,DEV-5823279692,0,171,Completed,POS PURCHASE - BRITISH AIRWAYS,British Airways,2025,February,1,0.00056,62.62199999999999,81.40859999999999,0
FLR-ACC-101797,North Foods Co.,Business,NG,NGN,Tier2_Verified,2024-01-12,67.71,FLR250325178200,2025-03-25 07:09:03,Tuesday,7,NIP TRANSFER TO KEMI JOHNSON,no_merchant,P2P Transfer,Mobile App,99478.0,18.04,5513.33,0.0,NG,0,missing_device,-1,438,Completed,NIP TRANSFER - KEMI JOHNSON,Kemi Johnson,2024,January,12,0.00056,55.70768,72.41998400000001,0
FLR-ACC-104626,Mary Chukwu,Individual,NG,NGN,Tier2_Verified,2025-01-11,30.88,FLR260218182388,2026-02-18 17:28:50,Wednesday,17,MOBILE PURCHASE - APPLE STORE ONLINE,Apple Store Online,Retail,Mobile App,25041.57,0.23,109191.47,0.0,NG,0,DEV-5888287884,0,403,Declined,MOBILE PURCHASE - APPLE STORE ONLINE,Apple Store Online,2025,January,11,0.00056,14.0232792,18.23026296,0
FLR-ACC-100716,Emeka Okoro,Individual,FR,EUR,Tier2_Verified,2024-12-02,18.19,FLR250818164559,2025-08-18 19:01:39,Monday,19,NIP TRANSFER TO LAURA EZE,no_merchant,P2P Transfer,Card Present,13.72,3.27,4.2,0.0,FR,0,DEV-9598778097,0,259,Completed,NIP TRANSFER - LAURA EZE,Laura Eze,2024,December,2,0.84,11.5248,14.98224,0
FLR-ACC-106297,Sarah Nwosu,Individual,US,USD,Tier2_Verified,2025-04-01,64.53,FLR260326218673,2026-03-26 18:25:10,Thursday,18,CNP PURCHASE - UBER,Uber,Travel,Card Not Present,113.88,0.02,5942.24,0.0,US,0,DEV-2915570940,0,359,Completed,CNP PURCHASE - UBER,Uber,2025,April,1,0.77,87.6876,113.99388,0
FLR-ACC-102674,Peter Eze,Individual,NG,NGN,Tier1_Basic,2026-06-20,18.05,FLR251228201918,2025-12-28 16:40:54,Sunday,16,CNP PURCHASE - BOOKING.COM,Booking.com,Travel,Card Not Present,39115.97,2.69,14516.93,0.0,NG,0,DEV-9688602565,0,0,Completed,CNP PURCHASE - BOOKING.COM,Booking.Com,2026,June,20,0.00056,21.9049432,28.476426160000003,1
FLR-ACC-101758,Bluewave Trading Inc,Business,NG,NGN,Tier2_Verified,2024-12-29,575.87,FLR251119144403,2025-11-19 15:15:24,Wednesday,15,ATM WITHDRAWAL - GTBANK ATM,GTBank ATM,ATM Withdrawal,Web Dashboard,445333.47,0.32,1404205.23,0.0,NG,0,DEV-9864453977,0,325,Completed,ATM WITHDRAWAL - GTBANK ATM,Gtbank Atm,2024,December,29,0.00056,249.3867432,324.20276616,0
FLR-ACC-105301,John Smith,Individual,GB,GBP,Tier2_Verified,2024-03-15,82.2,FLR260708122111,2026-07-08 08:43:06,Wednesday,8,SALARY - NORTH BUILDERS,no_merchant,Payroll Transfer,Mobile App,212.38,0.75,284.51,0.0,GB,0,DEV-8804424622,0,845,Completed,SALARY - NORTH BUILDERS,North Builders,2024,March,15,1.0,212.38,276.094,0
FLR-ACC-107191,Tunde Smith,Individual,NG,NGN,Tier3_Enhanced,2024-07-09,43.25,FLR250904194066,2025-09-04 17:19:55,Thursday,17,NIP TRANSFER TO MARY YUSUF,no_merchant,P2P Transfer,Mobile App,46898.42,1.0,46898.42,0.0,NG,0,DEV-2000321017,0,422,Completed,NIP TRANSFER - MARY YUSUF,Mary Yusuf,2024,July,9,0.00056,26.2631152,34.142049760000006,0
FLR-ACC-106723,Apex Foods LLC,Business,US,USD,Tier3_Enhanced,2024-10-17,526.58,FLR251212153278,2025-12-12 08:32:44,Friday,8,ATM WITHDRAWAL - GTBANK ATM,GTBank ATM,ATM Withdrawal,Card Present,706.04,0.15,4826.43,0.0,US,0,DEV-2569701800,0,421,Completed,ATM WITHDRAWAL - GTBANK ATM,Gtbank Atm,2024,October,17,0.77,543.6508,706.74604,0
FLR-ACC-102964,Ben Fashola,Individual,US,USD,Tier1_Basic,2026-01-19,70.72,FLR260817179916,2026-08-17 17:21:34,Monday,17,SALARY - URBAN FOODS,no_merchant,Payroll Transfer,Web Dashboard,400.02,4.05,98.72,0.0,US,0,DEV-3231509995,0,210,Completed,SALARY - URBAN FOODS,Urban Foods,2026,January,19,0.77,308.0154,400.42002,0
FLR-ACC-104391,Prime Trading Co.,Business,NG,NGN,Tier3_Enhanced,2024-02-18,646.52,FLR260517190285,2026-05-17 10:14:54,Sunday,10,INTL WIRE - INTERNATIONAL WIRE REF888698,International Wire,Wire Transfer,Web Dashboard,5152298.74,1.47,3516306.84,0.0,NG,0,DEV-7420147255,0,819,Completed,INTL WIRE - INTERNATIONAL WIRE REF888698,International Wire Ref888698,2024,February,18,0.00056,2885.2872944,3750.87348272,0
FLR-ACC-105958,North Consulting Inc,Business,GB,GBP,Tier1_Basic,2026-05-29,1097.62,FLR250225207632,2025-02-25 14:18:36,Tuesday,14,API PURCHASE - BOLT,Bolt,Travel,API/Integration,2147.0,0.85,2535.58,0.0,GB,0,DEV-8288511776,0,0,Completed,API PURCHASE - BOLT,Bolt,2026,May,29,1.0,2147.0,2791.1,1
FLR-ACC-102677,Global Builders Ltd,Business,NG,NGN,Tier2_Verified,2026-07-11,824.77,FLR250627109276,2025-06-27 14:31:01,Friday,14,INTL WIRE - INTERNATIONAL WIRE REF206704,International Wire,Wire Transfer,Mobile App,8614476.0,1449.7,5942.24,0.0,NG,0,DEV-1529002155,0,0,Completed,INTL WIRE - INTERNATIONAL WIRE REF206704,International Wire Ref206704,2026,July,11,0.00056,4824.106559999999,6271.338527999999,1
FLR-ACC-101272,Global Ventures Co.,Business,FR,EUR,Tier3_Enhanced,2026-04-26,629.85,FLR251016141166,2025-10-16 10:31:36,Thursday,10,API PURCHASE - BOOTS PHARMACY,Boots Pharmacy,Healthcare,API/Integration,482.88,0.63,769.42,0.0,FR,0,DEV-9462636795,0,0,Completed,API PURCHASE - BOOTS PHARMACY,Boots Pharmacy,2026,April,26,0.84,405.6192,527.3049599999999,1
FLR-ACC-104114,Yetunde Chukwu,Individual,NG,NGN,Tier2_Verified,2023-07-04,19.25,FLR251227129773,2025-12-27 16:10:54,Saturday,16,MOBILE PURCHASE - SPAR,Spar,Groceries,Mobile App,16587.0,0.31,52989.86,0.0,NG,0,DEV-4620295586,0,907,Completed,MOBILE PURCHASE - SPAR,Spar,2023,July,4,0.00056,9.28872,12.075336,0
FLR-ACC-101727,Tobi Balogun,Individual,US,USD,Tier2_Verified,2025-10-15,71.66,FLR260809178810,2026-08-09 19:41:02,Sunday,19,CNP PURCHASE - CONED,ConEd,Utilities,Card Not Present,81.53,1.0,81.53,0.0,US,0,DEV-3726332172,0,298,Completed,CNP PURCHASE - CONED,Coned,2025,October,15,0.77,62.7781,81.61153,0
FLR-ACC-101070,Michael Johnson,Individual,US,USD,Tier2_Verified,2025-06-23,33.53,FLR250627150616,2025-06-27 07:31:34,Friday,7,CNP PURCHASE - EEDC,EEDC,Utilities,Card Not Present,13.0,1.0,13.0,0.0,US,0,DEV-3263196861,1,4,Completed,CNP PURCHASE - EEDC,Eedc,2025,June,23,0.77,10.01,13.013,0
FLR-ACC-103161,Peter Adekunle,Individual,GB,GBP,Tier2_Verified,2024-09-16,100.11,FLR260525107494,2026-05-25 06:11:27,Monday,6,MOBILE PURCHASE - KFC,KFC,Restaurants,Mobile App,9.82,0.04,248.46,0.0,DE,1,DEV-7151224770,0,616,Completed,MOBILE PURCHASE - KFC,Kfc,2024,September,16,1.0,9.82,12.766,0
FLR-ACC-105186,Yetunde Bello,Individual,US,USD,Tier3_Enhanced,2025-12-09,233.77,FLR260515127355,2026-05-15 11:47:00,Friday,11,MOBILE PURCHASE - EEDC,EEDC,Utilities,Mobile App,167.86,1.0,167.86,0.0,US,0,DEV-5210017369,0,157,Completed,MOBILE PURCHASE - EEDC,Eedc,2025,December,9,0.77,129.25220000000002,168.02786000000003,0
FLR-ACC-103138,Ifeoma Adeyemi,Individual,FR,EUR,Tier2_Verified,2025-12-20,118.57,FLR250923193358,2025-09-23 19:55:32,Tuesday,19,MOBILE PURCHASE - NOTION,Notion,Subscription/SaaS,Mobile App,19.02,1.0,19.02,0.0,FR,0,DEV-8386189886,0,0,Completed,MOBILE PURCHASE - NOTION,Notion,2025,December,20,0.84,15.9768,20.76984,1
FLR-ACC-100159,Ben Okafor,Individual,DE,EUR,Tier2_Verified,2025-11-01,141.7,FLR250927119084,2025-09-27 19:01:24,Saturday,19,MOBILE PURCHASE - JUSTRITE SUPERSTORE,Justrite Superstore,Groceries,Mobile App,36.98,1.03,36.0,0.0,DE,0,DEV-8216377751,0,0,Completed,MOBILE PURCHASE - JUSTRITE SUPERSTORE,Justrite Superstore,2025,November,1,0.84,31.063199999999995,40.38215999999999,1
FLR-ACC-106764,Bluewave Technologies Co.,Business,NG,NGN,Tier3_Enhanced,2023-07-01,674.34,FLR250329193671,2025-03-29 20:02:10,Saturday,20,NIP TRANSFER TO DANIEL JOHNSON,no_merchant,P2P Transfer,API/Integration,1236180.0,1.32,939107.11,0.0,NG,0,DEV-8764972821,0,637,Reversed,NIP TRANSFER - DANIEL JOHNSON,Daniel Johnson,2023,July,1,0.00056,692.2607999999999,899.9390399999999,0
FLR-ACC-101127,Chioma Okoro,Individual,NG,NGN,Tier3_Enhanced,2023-10-13,55.43,FLR250421208598,2025-04-21 08:06:03,Monday,8,POS PURCHASE - DOMINO'S PIZZA,Domino's Pizza,Restaurants,Card Present,9400.32,0.22,42724.41,0.0,NG,0,DEV-2769747542,0,556,Reversed,POS PURCHASE - DOMINO'S PIZZA,Domino'S Pizza,2023,October,13,0.00056,5.264179199999999,6.84343296,0
FLR-ACC-102842,Ngozi Okafor,Individual,NG,NGN,Tier2_Verified,2026-04-22,44.89,FLR250226179306,2025-02-26 12:21:55,Wednesday,12,MOBILE PURCHASE - SHOPRITE,Shoprite,Groceries,Mobile App,18019.96,2.72,6626.73,0.0,DE,1,missing_device,-1,0,Completed,MOBILE PURCHASE - SHOPRITE,Shoprite,2026,April,22,0.00056,10.091177599999998,13.118530879999998,1
FLR-ACC-101881,Sarah Okoro,Individual,FR,EUR,Tier1_Basic,2026-06-05,79.09,FLR260116199601,2026-01-16 11:34:03,Friday,11,MOBILE PURCHASE - KFC,KFC,Restaurants,Mobile App,14.51,0.16,93.0,0.0,FR,0,DEV-7058203378,0,0,Completed,MOBILE PURCHASE - KFC,Kfc,2026,June,5,0.84,12.1884,15.84492,1
FLR-ACC-107070,Tunde Adeyemi,Individual,NG,NGN,Tier2_Verified,2025-06-16,66.47,FLR251223214506,2025-12-23 11:56:34,Tuesday,11,MOBILE PURCHASE - BRITISH GAS,British Gas,Utilities,Mobile App,45924.58,0.36,127045.12,0.0,NG,0,DEV-1884216441,0,190,Completed,MOBILE PURCHASE - BRITISH GAS,British Gas,2025,June,16,0.00056,25.7177648,33.43309424,0
FLR-ACC-100148,Laura Brown,Individual,NG,NGN,Tier3_Enhanced,2022-11-10,111.95,FLR250421126228,2025-04-21 21:55:44,Monday,21,POS PURCHASE - CURRYS PC WORLD,Currys PC World,Electronics,Card Present,177982.43,4.26,41808.0,0.0,FR,1,missing_device,-1,893,Completed,POS PURCHASE - CURRYS PC WORLD,Currys Pc World,2022,November,10,0.00056,99.6701608,129.57120904,0
FLR-ACC-102746,Global Foods LLC,Business,US,USD,Tier2_Verified,2025-06-03,946.31,FLR260302136101,2026-03-02 07:49:04,Monday,7,WEB PURCHASE - IKEJA ELECTRIC,Ikeja Electric,Utilities,Web Dashboard,205.55,0.14,1521.18,0.0,US,0,DEV-9052760830,0,272,Completed,WEB PURCHASE - IKEJA ELECTRIC,Ikeja Electric,2025,June,3,0.77,158.2735,205.75555000000003,0
FLR-ACC-105988,Mary Okoro,Individual,GB,GBP,Tier2_Verified,2026-02-08,81.48,FLR260110107524,2026-01-10 21:53:49,Saturday,21,NIP TRANSFER TO FUNKE OKAFOR,no_merchant,P2P Transfer,USSD,62.0,3.26,19.0,0.0,GB,0,DEV-2509970267,0,0,Completed,NIP TRANSFER - FUNKE OKAFOR,Funke Okafor,2026,February,8,1.0,62.0,80.60000000000001,1
FLR-ACC-101197,Prime Media Co.,Business,NG,NGN,Tier2_Verified,2025-03-10,558.88,FLR250220206378,2025-02-20 08:39:01,Thursday,8,INTL WIRE - INTERNATIONAL WIRE REF783253,International Wire,Wire Transfer,Web Dashboard,6784286.69,1.0,6784286.69,0.0,NG,0,missing_device,-1,0,Completed,INTL WIRE - INTERNATIONAL WIRE REF783253,International Wire Ref783253,2025,March,10,0.00056,3799.2005464,4938.96071032,1
FLR-ACC-105877,Chuka Okoro,Individual,NG,NGN,Tier3_Enhanced,2024-03-12,34.33,FLR260428125025,2026-04-28 09:29:16,Tuesday,9,WEB PURCHASE - WHOLE FOODS,Whole Foods,Groceries,Web Dashboard,11870.0,0.04,265794.79,0.0,NG,0,DEV-6884079235,0,777,Completed,WEB PURCHASE - WHOLE FOODS,Whole Foods,2024,March,12,0.00056,6.6472,8.64136,0
FLR-ACC-101747,Sunrise Technologies Inc,Business,NG,NGN,Tier2_Verified,2023-07-13,2221.84,FLR260501189098,2026-05-01 19:22:18,Friday,19,WEB PURCHASE - AXA MANSARD,AXA Mansard,Insurance,Web Dashboard,5994902.72,0.25,24226053.6,0.0,NG,0,DEV-9560664629,0,1023,Completed,WEB PURCHASE - AXA MANSARD,Axa Mansard,2023,July,13,0.00056,3357.1455231999994,4364.289180159999,0
FLR-ACC-102494,Grace Bello,Individual,NG,NGN,Tier2_Verified,2025-08-02,41.09,FLR251127111678,2025-11-27 12:33:09,Thursday,12,MOBILE PURCHASE - AXA MANSARD,AXA Mansard,Insurance,Mobile App,78502.0,23.74,3307.11,0.0,NG,0,DEV-8076919845,0,117,Completed,MOBILE PURCHASE - AXA MANSARD,Axa Mansard,2025,August,2,0.00056,43.96112,57.149456,0
FLR-ACC-101036,Olu Okoro,Individual,US,USD,Tier3_Enhanced,2024-09-08,30.06,FLR260128208982,2026-01-28 11:01:35,Wednesday,11,NIP TRANSFER TO SARAH OKORO,no_merchant,P2P Transfer,Card Present,35.45,1.83,19.39,0.0,US,0,DEV-6192601616,0,507,Declined,NIP TRANSFER - SARAH OKORO,Sarah Okoro,2024,September,8,0.77,27.2965,35.48545,0
FLR-ACC-102567,Chioma Fashola,Individual,NG,NGN,Tier3_Enhanced,2023-02-07,124.52,FLR260124115145,2026-01-24 08:43:29,Saturday,8,CNP PURCHASE - WHOLE FOODS,Whole Foods,Groceries,Card Not Present,70259.0,0.62,113725.29,0.0,NG,0,DEV-4074040523,0,1082,Completed,CNP PURCHASE - WHOLE FOODS,Whole Foods,2023,February,7,0.00056,39.34504,51.148552,0
FLR-ACC-104027,Urban Foods LLC,Business,NG,NGN,Tier2_Verified,2025-07-19,659.72,FLR250331115724,2025-03-31 17:01:09,Monday,17,CNP PURCHASE - BOOKING.COM,Booking.com,Travel,Card Not Present,1098955.69,0.36,3046913.67,0.0,NG,0,missing_device,-1,0,Completed,CNP PURCHASE - BOOKING.COM,Booking.Com,2025,July,19,0.00056,615.4151863999999,800.03974232,1
FLR-ACC-102142,Prime Consulting Ltd,Business,GB,GBP,Tier2_Verified,2025-05-19,301.68,FLR260623114949,2026-06-23 14:09:31,Tuesday,14,API PURCHASE - KONGA,Konga,Retail,API/Integration,98.13,0.55,178.47,0.0,GB,0,DEV-8765913805,0,400,Completed,API PURCHASE - KONGA,Konga,2025,May,19,1.0,98.13,127.569,0
FLR-ACC-105835,North Foods Inc,Business,NG,NGN,Tier3_Enhanced,2026-02-02,86.33,FLR250527160808,2025-05-27 14:48:38,Tuesday,14,SALARY - APEX TECHNOLOGIES,no_merchant,Payroll Transfer,Web Dashboard,903273.93,1.0,903273.93,0.0,NG,0,DEV-7857515720,0,0,Completed,SALARY - APEX TECHNOLOGIES,Apex Technologies,2026,February,2,0.00056,505.8334008,657.58342104,1
FLR-ACC-104209,Grace Eze,Individual,GB,GBP,Tier1_Basic,2025-12-08,45.01,FLR250507158116,2025-05-07 17:54:03,Wednesday,17,USSD PURCHASE - BEST BUY,Best Buy,Electronics,USSD,33.0,1.18,28.0,0.0,US,1,missing_device,-1,0,Completed,USSD PURCHASE - BEST BUY,Best Buy,2025,December,8,1.0,33.0,42.9,1
FLR-ACC-106958,Apex Logistics LLC,Business,US,USD,Tier2_Verified,2025-11-26,301.81,FLR260712123028,2026-07-12 18:41:09,Sunday,18,MOBILE PURCHASE - AVIVA,Aviva,Insurance,Mobile App,1417.5,1.0,1417.5,0.0,US,0,DEV-8537541697,0,228,Declined,MOBILE PURCHASE - AVIVA,Aviva,2025,November,26,0.77,1091.475,1418.9175,0
FLR-ACC-103647,Olu Eze,Individual,NG,NGN,Tier1_Basic,2025-12-31,31.16,FLR250318134458,2025-03-18 10:23:19,Tuesday,10,MOBILE PURCHASE - WHOLE FOODS,Whole Foods,Groceries,Mobile App,8724.0,1.0,8724.0,0.0,NG,0,missing_device,-1,0,Completed,MOBILE PURCHASE - WHOLE FOODS,Whole Foods,2025,December,31,0.00056,4.88544,6.351072,1
FLR-ACC-103548,Peter Taylor,Individual,NG,NGN,Tier2_Verified,2023-11-01,47.64,FLR250715222563,2025-07-15 20:59:47,Tuesday,20,MOBILE PURCHASE - SPAR,Spar,Groceries,Mobile App,15747.66,0.25,62970.0,0.0,NG,0,DEV-7834068263,1,622,Reversed,MOBILE PURCHASE - SPAR,Spar,2023,November,1,0.00056,8.818689599999999,11.46429648,0
FLR-ACC-103871,Olu Green,Individual,US,USD,Tier2_Verified,2024-03-27,82.83,FLR250320189120,2025-03-20 05:07:56,Thursday,5,MOBILE PURCHASE - AIRBNB,Airbnb,Travel,Mobile App,277.04,1.0,277.04,0.0,US,0,missing_device,-1,358,Completed,MOBILE PURCHASE - AIRBNB,Airbnb,2024,March,27,0.77,213.3208,277.31704,0
FLR-ACC-103803,Musa Bello,Individual,US,USD,Tier3_Enhanced,2026-03-04,32.0,FLR250411208112,2025-04-11 11:20:33,Friday,11,NIP TRANSFER TO MARY WILLIAMS,no_merchant,P2P Transfer,Card Not Present,34.58,1.13,30.52,0.0,US,0,DEV-8680051711,0,0,Completed,NIP TRANSFER - MARY WILLIAMS,Mary Williams,2026,March,4,0.77,26.6266,34.614580000000004,1
FLR-ACC-102292,Laura Balogun,Individual,NG,NGN,Tier2_Verified,2025-08-22,54.15,FLR260829180782,2026-08-29 16:30:50,Saturday,16,NIP TRANSFER TO CHIDI GREEN,no_merchant,P2P Transfer,Mobile App,58101.87,0.55,105168.73,0.0,NG,0,DEV-3252416001,0,372,Completed,NIP TRANSFER - CHIDI GREEN,Chidi Green,2025,August,22,0.00056,32.5370472,42.29816136000001,0
FLR-ACC-100273,North Media Co.,Business,NG,NGN,Tier1_Basic,2024-11-10,251.01,FLR260830182790,2026-08-30 00:33:30,Sunday,0,SALARY - GREENFIELD VENTURES,no_merchant,Payroll Transfer,Card Not Present,3335523.49,2.21,1505934.0,0.0,NG,0,DEV-2683575911,0,658,Completed,SALARY - GREENFIELD VENTURES,Greenfield Ventures,2024,November,10,0.00056,1867.8931544,2428.26110072,0
FLR-ACC-105710,Greenfield Foods Ltd,Business,NG,NGN,Tier3_Enhanced,2024-05-26,666.1,FLR260502222557,2026-05-02 09:58:53,Saturday,9,MOBILE PURCHASE - AXA MANSARD,AXA Mansard,Insurance,Mobile App,1097841.16,17.89,61371.52,0.0,NG,0,DEV-8656288432,0,706,Completed,MOBILE PURCHASE - AXA MANSARD,Axa Mansard,2024,May,26,0.00056,614.7910496,799.22836448,0
FLR-ACC-102224,Apex Builders LLC,Business,NG,NGN,Tier3_Enhanced,2025-03-27,177.11,FLR250517225011,2025-05-17 12:26:49,Saturday,12,MOBILE PURCHASE - APPLE STORE ONLINE,Apple Store Online,Retail,Mobile App,87211.05,0.31,285804.67,0.0,NG,0,missing_device,-1,51,Completed,MOBILE PURCHASE - APPLE STORE ONLINE,Apple Store Online,2025,March,27,0.00056,48.838188,63.4896444,0
FLR-ACC-100628,Ifeoma Fashola,Individual,NG,NGN,Tier1_Basic,2026-04-07,32.72,FLR260324115178,2026-03-24 07:28:10,Tuesday,7,ATM WITHDRAWAL - CHASE ATM,Chase ATM,ATM Withdrawal,Web Dashboard,26977.0,1.64,16431.31,0.0,NG,0,DEV-6975590824,0,0,Completed,ATM WITHDRAWAL - CHASE ATM,Chase Atm,2026,April,7,0.00056,15.107119999999998,19.639256,1
FLR-ACC-101363,Urban Media Inc,Business,US,USD,Tier2_Verified,2022-10-14,105.91,FLR260427193364,2026-04-27 01:39:20,Monday,1,SALARY - PRIME MEDIA,no_merchant,Payroll Transfer,API/Integration,813.0,1.24,653.11,0.0,US,0,DEV-6667055630,0,1291,Completed,SALARY - PRIME MEDIA,Prime Media,2022,October,14,0.77,626.01,813.813,0
FLR-ACC-102189,Sunrise Ventures Inc,Business,NG,NGN,Tier1_Basic,2025-12-18,237.88,FLR251206176904,2025-12-06 12:54:57,Saturday,12,SALARY - GREENFIELD TEXTILES,no_merchant,Payroll Transfer,API/Integration,3409122.83,2.19,1556653.07,0.0,NG,0,DEV-1135177175,0,0,Completed,SALARY - GREENFIELD TEXTILES,Greenfield Textiles,2025,December,18,0.00056,1909.1087848,2481.84142024,1
FLR-ACC-104066,Blessing Yusuf,Individual,NG,NGN,Tier2_Verified,2024-09-05,70.3,FLR260524195416,2026-05-24 19:01:13,Sunday,19,USSD PURCHASE - ST. NICHOLAS HOSPITAL,St. Nicholas Hospital,Healthcare,USSD,34624.38,0.29,120527.51,0.0,NG,0,DEV-1380771228,0,626,Completed,USSD PURCHASE - ST. NICHOLAS HOSPITAL,St. Nicholas Hospital,2024,September,5,0.00056,19.3896528,25.20654864,0
FLR-ACC-100125,Ben Nwosu,Individual,NG,NGN,Tier2_Verified,2025-12-04,32.2,FLR251020130883,2025-10-20 18:22:18,Monday,18,USSD PURCHASE - BOLT,Bolt,Travel,USSD,80766.45,0.11,756377.07,0.0,NG,0,DEV-4297049487,0,0,Completed,USSD PURCHASE - BOLT,Bolt,2025,December,4,0.00056,45.229212,58.7979756,1
FLR-ACC-105345,Bluewave Trading Ltd,Business,GB,GBP,Tier2_Verified,2025-11-10,148.15,FLR251118191409,2025-11-18 11:05:21,Tuesday,11,POS PURCHASE - NETFLIX,Netflix,Subscription/SaaS,Card Present,9.51,0.2,46.72,0.0,GB,0,DEV-7318960538,0,8,Completed,POS PURCHASE - NETFLIX,Netflix,2025,November,10,1.0,9.51,12.363,0
FLR-ACC-100142,John Obi,Individual,FR,EUR,Tier1_Basic,2025-05-30,146.88,FLR250427140349,2025-04-27 15:26:21,Sunday,15,ATM WITHDRAWAL - GTBANK ATM,GTBank ATM,ATM Withdrawal,Card Present,91.83,1.88,48.79,0.0,FR,0,missing_device,-1,0,Completed,ATM WITHDRAWAL - GTBANK ATM,Gtbank Atm,2025,May,30,0.84,77.13719999999999,100.27836,1
FLR-ACC-100134,Global Consulting LLC,Business,NG,NGN,Tier2_Verified,2025-11-10,242.32,FLR260627186568,2026-06-27 20:57:50,Saturday,20,SALARY - GREENFIELD TEXTILES,no_merchant,Payroll Transfer,Mobile App,2926184.0,1.85,1584349.09,0.0,NG,0,DEV-2644327725,0,229,Declined,SALARY - GREENFIELD TEXTILES,Greenfield Textiles,2025,November,10,0.00056,1638.66304,2130.261952,0
FLR-ACC-107044,Laura Okoro,Individual,DE,EUR,Tier3_Enhanced,2025-04-13,60.03,FLR251226130804,2025-12-26 11:09:37,Friday,11,MOBILE PURCHASE - BOLT,Bolt,Travel,Mobile App,161.53,17.95,9.0,0.0,DE,0,DEV-9598079714,0,257,Completed,MOBILE PURCHASE - BOLT,Bolt,2025,April,13,0.84,135.6852,176.39076000000003,0
FLR-ACC-103919,Ngozi Yusuf,Individual,NG,NGN,Tier2_Verified,2023-08-11,29.96,FLR251128189095,2025-11-28 22:36:36,Friday,22,CNP PURCHASE - EEDC,EEDC,Utilities,Card Not Present,36945.1,1.44,25719.42,0.0,NG,0,DEV-2417205171,0,840,Completed,CNP PURCHASE - EEDC,Eedc,2023,August,11,0.00056,20.689256,26.8960328,0
FLR-ACC-105168,Urban Builders LLC,Business,NG,NGN,Tier2_Verified,2024-07-19,1081.17,FLR250224138931,2025-02-24 13:32:23,Monday,13,CNP PURCHASE - AVIVA,Aviva,Insurance,Card Not Present,2561619.88,0.28,9025930.64,0.0,NG,0,missing_device,-1,220,Completed,CNP PURCHASE - AVIVA,Aviva,2024,July,19,0.00056,1434.5071328,1864.85927264,0
FLR-ACC-100653,Peter Taylor,Individual,GB,GBP,Tier3_Enhanced,2025-02-21,125.37,FLR251212207403,2025-12-12 08:21:29,Friday,8,NIP TRANSFER TO DANIEL GREEN,no_merchant,P2P Transfer,Mobile App,73.0,10.99,6.64,0.0,GB,0,DEV-2230533434,0,294,Completed,NIP TRANSFER - DANIEL GREEN,Daniel Green,2025,February,21,1.0,73.0,94.9,0
FLR-ACC-106333,Tunde Johnson,Individual,US,USD,Tier3_Enhanced,2025-01-01,34.51,FLR260130138730,2026-01-30 18:09:02,Friday,18,MOBILE PURCHASE - APPLE STORE,Apple Store,Electronics,Mobile App,16.84,1.58,10.63,0.0,DE,1,DEV-6783528289,0,394,Completed,MOBILE PURCHASE - APPLE STORE,Apple Store,2025,January,1,0.77,12.9668,16.85684,0
FLR-ACC-106142,Daniel Okoro,Individual,GB,GBP,Tier2_Verified,2024-03-26,90.93,FLR260208120567,2026-02-08 12:52:21,Sunday,12,MOBILE PURCHASE - CVS PHARMACY,CVS Pharmacy,Healthcare,Mobile App,31.0,0.44,71.0,0.0,GB,0,DEV-3000232492,0,684,Completed,MOBILE PURCHASE - CVS PHARMACY,Cvs Pharmacy,2024,March,26,1.0,31.0,40.3,0
FLR-ACC-100861,David Fashola,Individual,NG,NGN,Tier1_Basic,2026-02-07,23.96,FLR251222174415,2025-12-22 11:20:24,Monday,11,MOBILE PURCHASE - CURRYS PC WORLD,Currys PC World,Electronics,Mobile App,72224.71,7.73,9338.43,0.0,NG,0,DEV-4191600271,0,0,Completed,MOBILE PURCHASE - CURRYS PC WORLD,Currys Pc World,2026,February,7,0.00056,40.4458376,52.57958888,1
FLR-ACC-102784,Bluewave Retail LLC,Business,US,USD,Tier2_Verified,2023-10-31,533.28,FLR251213105018,2025-12-13 17:31:33,Saturday,17,POS PURCHASE - IKEJA ELECTRIC,Ikeja Electric,Utilities,Card Present,198.05,0.83,238.95,0.0,US,0,DEV-4648423113,0,774,Completed,POS PURCHASE - IKEJA ELECTRIC,Ikeja Electric,2023,October,31,0.77,152.4985,198.24805,0
FLR-ACC-104112,Yetunde Obi,Individual,NG,NGN,Tier3_Enhanced,2025-01-01,47.76,FLR260124213903,2026-01-24 21:02:22,Saturday,21,MOBILE PURCHASE - BOOTS PHARMACY,Boots Pharmacy,Healthcare,Mobile App,52957.26,1.0,52957.26,0.0,NG,0,DEV-8799400192,0,388,Completed,MOBILE PURCHASE - BOOTS PHARMACY,Boots Pharmacy,2025,January,1,0.00056,29.6560656,38.552885280000005,0
FLR-ACC-103411,Grace Yusuf,Individual,GB,GBP,Tier2_Verified,2024-10-19,108.86,FLR260320144400,2026-03-20 07:07:55,Friday,7,CNP PURCHASE - ABUJA DISCO,Abuja DisCo,Utilities,Card Not Present,165.79,2.94,56.38,0.0,GB,0,DEV-5363530519,0,517,Completed,CNP PURCHASE - ABUJA DISCO,Abuja Disco,2024,October,19,1.0,165.79,215.527,0
FLR-ACC-105676,Urban Foods Ltd,Business,FR,EUR,Tier2_Verified,2024-05-27,487.13,FLR260731186248,2026-07-31 17:07:28,Friday,17,SALARY - BLUEWAVE VENTURES,no_merchant,Payroll Transfer,Mobile App,2991.54,0.5,5942.24,0.0,FR,0,DEV-8670249294,0,795,Completed,SALARY - BLUEWAVE VENTURES,Bluewave Ventures,2024,May,27,0.84,2512.8936,3266.76168,0
FLR-ACC-101333,John Green,Individual,GB,GBP,Tier2_Verified,2024-09-04,33.7,FLR260322102921,2026-03-22 18:30:16,Sunday,18,USSD PURCHASE - TESCO,Tesco,Groceries,USSD,10.82,4.58,2.36,0.0,GB,0,DEV-5392585503,0,564,Completed,USSD PURCHASE - TESCO,Tesco,2024,September,4,1.0,10.82,14.066,0
FLR-ACC-106960,Prime Foods Inc,Business,NG,NGN,Tier3_Enhanced,2024-08-07,223.32,FLR250503149342,2025-05-03 13:06:54,Saturday,13,USSD PURCHASE - NETFLIX,Netflix,Subscription/SaaS,USSD,7362.72,0.0,1957689.57,0.0,NG,0,DEV-8163781246,0,269,Completed,USSD PURCHASE - NETFLIX,Netflix,2024,August,7,0.00056,4.1231232,5.360060160000001,0
FLR-ACC-105847,Femi Yusuf,Individual,NG,NGN,Tier2_Verified,2022-12-28,72.6,FLR250930102977,2025-09-30 10:11:09,Tuesday,10,MOBILE PURCHASE - SPAR,Spar,Groceries,Mobile App,74190.25,1.24,59969.95,0.0,NG,0,DEV-7421769312,0,1007,Declined,MOBILE PURCHASE - SPAR,Spar,2022,December,28,0.00056,41.54653999999999,54.010502,0
FLR-ACC-103087,Metro Media Co.,Business,US,USD,Tier2_Verified,2024-12-04,458.56,FLR250522195322,2025-05-22 21:01:17,Thursday,21,MOBILE PURCHASE - APPLE STORE ONLINE,Apple Store Online,Retail,Mobile App,434.0,1.22,355.74,0.0,US,0,DEV-4919539218,0,169,Completed,MOBILE PURCHASE - APPLE STORE ONLINE,Apple Store Online,2024,December,4,0.77,334.18,434.434,0
FLR-ACC-105691,Emeka Eze,Individual,US,USD,Tier3_Enhanced,2024-05-20,34.25,FLR250719136476,2025-07-19 06:06:34,Saturday,6,MOBILE PURCHASE - NETFLIX,Netflix,Subscription/SaaS,Mobile App,4.0,1.0,4.0,0.0,US,0,DEV-7404601380,0,425,Completed,MOBILE PURCHASE - NETFLIX,Netflix,2024,May,20,0.77,3.08,4.004,0
FLR-ACC-101818,Silverline Consulting LLC,Business,GB,GBP,Tier1_Basic,2024-06-24,860.4,FLR250527189409,2025-05-27 22:58:18,Tuesday,22,MOBILE PURCHASE - ZARA,Zara,Retail,Mobile App,586.0,0.15,3882.5,0.0,US,1,DEV-6383132113,0,337,Completed,MOBILE PURCHASE - ZARA,Zara,2024,June,24,1.0,586.0,761.8000000000001,0
FLR-ACC-100083,Musa Johnson,Individual,NG,NGN,Tier2_Verified,2025-07-26,197.85,FLR251116204775,2025-11-16 18:36:56,Sunday,18,NIP TRANSFER TO MARY NWOSU,no_merchant,P2P Transfer,Web Dashboard,259429.82,0.31,840826.48,0.0,NG,0,DEV-7771628758,0,113,Completed,NIP TRANSFER - MARY NWOSU,Mary Nwosu,2025,July,26,0.00056,145.2806992,188.86490896,0
FLR-ACC-104140,Sunrise Textiles Co.,Business,NG,NGN,Tier3_Enhanced,2024-11-11,208.73,FLR260414222832,2026-04-14 00:06:25,Tuesday,0,MOBILE PURCHASE - BET9JA,Bet9ja,Gambling/Gaming,Mobile App,40932.0,0.01,3548979.09,0.0,NG,0,DEV-1430805140,0,519,Completed,MOBILE PURCHASE - BET9JA,Bet9Ja,2024,November,11,0.00056,22.92192,29.798496,0
FLR-ACC-104730,Femi Hassan,Individual,FR,EUR,Tier2_Verified,2025-12-16,57.07,FLR260622130923,2026-06-22 14:27:17,Monday,14,SALARY - GREENFIELD LOGISTICS,no_merchant,Payroll Transfer,USSD,397.92,11.12,35.79,0.0,FR,0,DEV-8761397827,0,188,Completed,SALARY - GREENFIELD LOGISTICS,Greenfield Logistics,2025,December,16,0.84,334.2528,434.52864,0
FLR-ACC-101178,Chuka Adekunle,Individual,US,USD,Tier3_Enhanced,2024-03-04,27.49,FLR260116131902,2026-01-16 12:28:19,Friday,12,INTL WIRE - INTERNATIONAL WIRE REF390427,International Wire,Wire Transfer,Web Dashboard,316.32,6.08,52.0,0.0,US,0,DEV-3979158361,0,683,Completed,INTL WIRE - INTERNATIONAL WIRE REF390427,International Wire Ref390427,2024,March,4,0.77,243.5664,316.63632,0
FLR-ACC-102675,Ben Brown,Individual,US,USD,Tier2_Verified,2024-03-23,159.96,FLR251020211029,2025-10-20 21:52:19,Monday,21,MOBILE PURCHASE - CHICKEN REPUBLIC,Chicken Republic,Restaurants,Mobile App,51.11,0.16,317.99,0.0,US,0,DEV-8083870769,0,576,Completed,MOBILE PURCHASE - CHICKEN REPUBLIC,Chicken Republic,2024,March,23,0.77,39.3547,51.16111,0
FLR-ACC-100827,Ngozi Balogun,Individual,FR,EUR,Tier1_Basic,2024-11-02,41.56,FLR250412144155,2025-04-12 18:40:39,Saturday,18,MOBILE PURCHASE - CURRYS PC WORLD,Currys PC World,Electronics,Mobile App,44.48,0.58,76.74,0.0,FR,0,missing_device,-1,161,Completed,MOBILE PURCHASE - CURRYS PC WORLD,Currys Pc World,2024,November,2,0.84,37.3632,48.57216,0
FLR-ACC-104927,Emeka Nwosu,Individual,NG,NGN,Tier2_Verified,2024-03-29,108.07,FLR250309105027,2025-03-09 22:34:34,Sunday,22,MOBILE PURCHASE - DSTV,DSTV,Subscription/SaaS,Mobile App,17465.97,0.08,230106.64,0.0,NG,0,missing_device,-1,345,Completed,MOBILE PURCHASE - DSTV,Dstv,2024,March,29,0.00056,9.7809432,12.71522616,0
FLR-ACC-105562,Femi Bello,Individual,NG,NGN,Tier3_Enhanced,2024-07-04,251.86,FLR260508108508,2026-05-08 22:49:52,Friday,22,INTL WIRE - INTERNATIONAL WIRE REF222259,International Wire,Wire Transfer,Card Present,3461906.51,30.89,112075.04,0.0,NG,0,DEV-5362338873,0,673,Completed,INTL WIRE - INTERNATIONAL WIRE REF222259,International Wire Ref222259,2024,July,4,0.00056,1938.6676456,2520.26793928,0
FLR-ACC-103250,Apex Consulting Ltd,Business,NG,NGN,Tier2_Verified,2023-10-10,392.0,FLR250625136170,2025-06-25 21:25:41,Wednesday,21,SALARY - NORTH MEDIA,no_merchant,Payroll Transfer,Mobile App,1642212.0,2.73,601376.0,0.0,NG,0,DEV-7215151239,0,624,Completed,SALARY - NORTH MEDIA,North Media,2023,October,10,0.00056,919.63872,1195.530336,0
FLR-ACC-103988,James Johnson,Individual,US,USD,Tier3_Enhanced,2024-02-03,137.42,FLR260517149554,2026-05-17 01:01:21,Sunday,1,WEB PURCHASE - JUMIA MART,Jumia Mart,Groceries,Web Dashboard,23.76,0.52,45.68,0.0,DE,1,DEV-4188039808,0,834,Completed,WEB PURCHASE - JUMIA MART,Jumia Mart,2024,February,3,0.77,18.2952,23.78376,0
FLR-ACC-103959,John Eze,Individual,FR,EUR,Tier2_Verified,2024-07-25,42.09,FLR250525183105,2025-05-25 06:35:48,Sunday,6,MOBILE PURCHASE - TESCO,Tesco,Groceries,Mobile App,5.17,0.29,17.74,0.0,FR,0,DEV-8110037373,0,304,Completed,MOBILE PURCHASE - TESCO,Tesco,2024,July,25,0.84,4.3428,5.645640000000001,0
FLR-ACC-102957,Chuka Balogun,Individual,US,USD,Tier2_Verified,2023-04-28,76.06,FLR260713164123,2026-07-13 06:34:54,Monday,6,POS PURCHASE - NOTION,Notion,Subscription/SaaS,Card Present,3.0,0.08,39.5,0.0,US,0,DEV-2353830966,0,1172,Completed,POS PURCHASE - NOTION,Notion,2023,April,28,0.77,2.31,3.003,0
FLR-ACC-106059,Sunrise Consulting Inc,Business,GB,GBP,Tier3_Enhanced,2023-06-16,377.62,FLR250202187734,2025-02-02 06:32:52,Sunday,6,SALARY - GLOBAL MEDIA,no_merchant,Payroll Transfer,Mobile App,6733.0,1.0,6733.0,0.0,GB,0,DEV-5405515520,0,597,Completed,SALARY - GLOBAL MEDIA,Global Media,2023,June,16,1.0,6733.0,8752.9,0
FLR-ACC-105104,Femi Hassan,Individual,GB,GBP,Tier2_Verified,2024-08-15,147.88,FLR260804144525,2026-08-04 11:45:12,Tuesday,11,MOBILE PURCHASE - THAMES WATER,Thames Water,Utilities,Mobile App,101.0,1.0,101.0,0.0,GB,0,DEV-5902238401,0,719,Completed,MOBILE PURCHASE - THAMES WATER,Thames Water,2024,August,15,1.0,101.0,131.3,0
FLR-ACC-102857,Kunle Nwosu,Individual,NG,NGN,Tier2_Verified,2025-01-03,29.39,FLR260504136172,2026-05-04 19:44:52,Monday,19,MOBILE PURCHASE - JUMIA,Jumia,Retail,Mobile App,50441.0,13.28,3797.5,0.0,NG,0,DEV-5090902665,0,486,Completed,MOBILE PURCHASE - JUMIA,Jumia,2025,January,3,0.00056,28.24696,36.721048,0
FLR-ACC-100571,Peter Okoro,Individual,NG,NGN,Tier1_Basic,2026-01-14,31.12,FLR251026175433,2025-10-26 07:46:43,Sunday,7,MOBILE PURCHASE - APPLE STORE ONLINE,Apple Store Online,Retail,Mobile App,59078.51,1.43,41341.0,0.0,NG,0,DEV-7298628152,0,0,Completed,MOBILE PURCHASE - APPLE STORE ONLINE,Apple Store Online,2026,January,14,0.00056,33.0839656,43.00915528,1
FLR-ACC-103477,Blessing Adekunle,Individual,NG,NGN,Tier3_Enhanced,2025-01-10,55.36,FLR250214174599,2025-02-14 19:54:53,Friday,19,POS PURCHASE - DSTV,DSTV,Subscription/SaaS,Card Present,8987.65,1.0,8987.65,0.0,NG,0,DEV-2859842261,0,35,Completed,POS PURCHASE - DSTV,Dstv,2025,January,10,0.00056,5.033084,6.5430092,0
FLR-ACC-106624,Silverline Technologies LLC,Business,US,USD,Tier3_Enhanced,2023-12-26,748.26,FLR260810205976,2026-08-10 11:00:01,Monday,11,WEB PURCHASE - JUMIA,Jumia,Retail,Web Dashboard,396.0,0.42,947.52,0.0,US,0,DEV-5391573003,0,958,Completed,WEB PURCHASE - JUMIA,Jumia,2023,December,26,0.77,304.92,396.396,0
FLR-ACC-100748,Metro Consulting LLC,Business,NG,NGN,Tier3_Enhanced,2024-12-01,165.43,FLR251204162474,2025-12-04 18:30:40,Thursday,18,NIP TRANSFER TO MARY OBI,no_merchant,P2P Transfer,Card Present,110929.56,0.41,267352.61,0.0,NG,0,DEV-3130958882,1,368,Completed,NIP TRANSFER - MARY OBI,Mary Obi,2024,December,1,0.00056,62.1205536,80.75671968,0
FLR-ACC-106188,Sunrise Logistics LLC,Business,NG,NGN,Tier3_Enhanced,2026-04-03,169.06,FLR250330206742,2025-03-30 15:57:19,Sunday,15,NIP TRANSFER TO CHIOMA OKORO,no_merchant,P2P Transfer,API/Integration,449680.61,21.33,21079.0,0.0,NG,0,missing_device,-1,0,Completed,NIP TRANSFER - CHIOMA OKORO,Chioma Okoro,2026,April,3,0.00056,251.8211416,327.36748408,1
FLR-ACC-106070,North Retail Inc,Business,NG,NGN,Tier1_Basic,2025-04-14,290.87,FLR251222208809,2025-12-22 17:04:10,Monday,17,INTL WIRE - INTERNATIONAL WIRE REF667059,International Wire,Wire Transfer,API/Integration,3355677.0,2.7,1242381.08,0.0,NG,0,DEV-1447270836,0,252,Completed,INTL WIRE - INTERNATIONAL WIRE REF667059,International Wire Ref667059,2025,April,14,0.00056,1879.17912,2442.932856,0
FLR-ACC-101517,Bluewave Builders Ltd,Business,US,USD,Tier3_Enhanced,2025-02-04,379.83,FLR250711113449,2025-07-11 15:57:28,Friday,15,WEB PURCHASE - AVIVA,Aviva,Insurance,Web Dashboard,311.62,1.0,311.62,0.0,US,0,DEV-6408835251,0,157,Completed,WEB PURCHASE - AVIVA,Aviva,2025,February,4,0.77,239.9474,311.93162,0
FLR-ACC-103312,Laura Williams,Individual,NG,NGN,Tier3_Enhanced,2022-10-27,36.2,FLR260419122432,2026-04-19 17:54:10,Sunday,17,USSD PURCHASE - SLOT SYSTEMS,Slot Systems,Electronics,USSD,77274.0,3.47,22299.08,0.0,NG,0,DEV-5023197662,0,1270,Completed,USSD PURCHASE - SLOT SYSTEMS,Slot Systems,2022,October,27,0.00056,43.27344,56.255472000000005,0
FLR-ACC-103606,Amaka Hassan,Individual,NG,NGN,Tier2_Verified,2025-04-10,223.37,FLR250429116672,2025-04-29 08:45:47,Tuesday,8,MOBILE PURCHASE - BINANCE,Binance,Crypto Exchange,Mobile App,999998.7,2.56,390163.62,0.0,NG,0,missing_device,-1,19,Completed,MOBILE PURCHASE - BINANCE,Binance,2025,April,10,0.00056,559.9992719999999,727.9990535999999,0
FLR-ACC-102117,Funke Chukwu,Individual,US,USD,Tier2_Verified,2025-12-12,133.57,FLR250530211632,2025-05-30 12:43:34,Friday,12,MOBILE PURCHASE - CURRYS PC WORLD,Currys PC World,Electronics,Mobile App,168.0,1.0,168.0,0.0,US,0,DEV-9061281792,0,0,Completed,MOBILE PURCHASE - CURRYS PC WORLD,Currys Pc World,2025,December,12,0.77,129.36,168.16800000000003,1
FLR-ACC-107104,Prime Technologies Ltd,Business,NG,NGN,Tier2_Verified,2025-11-11,130.64,FLR251030194876,2025-10-30 21:38:09,Thursday,21,NIP TRANSFER TO KEMI ADEYEMI,no_merchant,P2P Transfer,Card Present,158586.0,1.0,158586.0,0.0,NG,0,DEV-5105876969,0,0,Completed,NIP TRANSFER - KEMI ADEYEMI,Kemi Adeyemi,2025,November,11,0.00056,88.80815999999999,115.450608,1
FLR-ACC-102189,Sunrise Ventures Inc,Business,NG,NGN,Tier1_Basic,2025-12-18,237.88,FLR250227137366,2025-02-27 14:05:26,Thursday,14,NIP TRANSFER TO TOBI YUSUF,no_merchant,P2P Transfer,Card Present,405377.04,0.18,2239696.37,0.0,NG,0,DEV-1135177175,0,0,Completed,NIP TRANSFER - TOBI YUSUF,Tobi Yusuf,2025,December,18,0.00056,227.01114239999995,295.1144851199999,1
FLR-ACC-104251,Amaka Okoro,Individual,US,USD,Tier2_Verified,2025-06-12,292.31,FLR260303103426,2026-03-03 11:13:07,Tuesday,11,CNP PURCHASE - TESCO,Tesco,Groceries,Card Not Present,108.86,1.89,57.58,0.0,US,0,DEV-2007019834,0,264,Completed,CNP PURCHASE - TESCO,Tesco,2025,June,12,0.77,83.8222,108.96886,0
FLR-ACC-105958,North Consulting Inc,Business,GB,GBP,Tier1_Basic,2026-05-29,1097.62,FLR250318169528,2025-03-18 07:53:24,Tuesday,7,API PURCHASE - LEADWAY ASSURANCE,Leadway Assurance,Insurance,API/Integration,901.0,0.23,3959.4,0.0,GB,0,DEV-8288511776,0,0,Completed,API PURCHASE - LEADWAY ASSURANCE,Leadway Assurance,2026,May,29,1.0,901.0,1171.3,1
FLR-ACC-102047,Femi Smith,Individual,NG,NGN,Tier2_Verified,2024-08-28,15.63,FLR260301124135,2026-03-01 20:20:55,Sunday,20,NIP TRANSFER TO CHIDI BROWN,no_merchant,P2P Transfer,Mobile App,17834.41,1.15,15512.61,0.0,NG,0,DEV-5168179267,0,550,Completed,NIP TRANSFER - CHIDI BROWN,Chidi Brown,2024,August,28,0.00056,9.9872696,12.98345048,0
FLR-ACC-103908,John Hassan,Individual,NG,NGN,Tier2_Verified,2024-12-15,43.56,FLR251026205218,2025-10-26 22:13:58,Sunday,22,WEB PURCHASE - MICROSOFT 365,Microsoft 365,Subscription/SaaS,Web Dashboard,7445.59,0.1,72623.04,0.0,NG,0,DEV-8627915714,0,315,Completed,WEB PURCHASE - MICROSOFT 365,Microsoft 365,2024,December,15,0.00056,4.169530399999999,5.42038952,0
FLR-ACC-103324,Kunle Ibrahim,Individual,FR,EUR,Tier2_Verified,2025-12-12,60.43,FLR260617163643,2026-06-17 09:52:27,Wednesday,9,MOBILE PURCHASE - APPLE STORE ONLINE,Apple Store Online,Retail,Mobile App,74.13,0.29,258.59,0.0,FR,0,DEV-5858121380,0,187,Completed,MOBILE PURCHASE - APPLE STORE ONLINE,Apple Store Online,2025,December,12,0.84,62.26919999999999,80.94995999999999,0
FLR-ACC-104275,Urban Technologies Ltd,Business,US,USD,Tier3_Enhanced,2024-04-12,323.33,FLR260527185781,2026-05-27 16:47:49,Wednesday,16,NIP TRANSFER TO KUNLE TAYLOR,no_merchant,P2P Transfer,Mobile App,841.0,5.59,150.33,0.0,US,0,DEV-4295351935,0,775,Completed,NIP TRANSFER - KUNLE TAYLOR,Kunle Taylor,2024,April,12,0.77,647.57,841.8410000000001,0
FLR-ACC-105852,Silverline Consulting Inc,Business,DE,EUR,Tier3_Enhanced,2023-03-29,144.85,FLR251126101467,2025-11-26 05:45:50,Wednesday,5,MOBILE PURCHASE - AMAZON,Amazon,Retail,Mobile App,102.0,1.0,102.0,0.0,DE,0,DEV-2678259055,0,973,Completed,MOBILE PURCHASE - AMAZON,Amazon,2023,March,29,0.84,85.67999999999999,111.384,0
FLR-ACC-103049,Urban Builders Inc,Business,NG,NGN,Tier3_Enhanced,2025-01-21,468.79,FLR260718138053,2026-07-18 23:39:36,Saturday,23,INTL WIRE - INTERNATIONAL WIRE REF863965,International Wire,Wire Transfer,API/Integration,3342019.51,3.45,967391.14,0.0,NG,0,DEV-3120705549,0,543,Completed,INTL WIRE - INTERNATIONAL WIRE REF863965,International Wire Ref863965,2025,January,21,0.00056,1871.5309256,2432.99020328,0
FLR-ACC-104311,Greenfield Foods Inc,Business,NG,NGN,Tier2_Verified,2025-06-07,267.15,FLR250921109162,2025-09-21 19:04:18,Sunday,19,SALARY - URBAN MEDIA,no_merchant,Payroll Transfer,Web Dashboard,1665572.0,0.55,3022193.0,0.0,NG,0,DEV-8491206696,0,106,Completed,SALARY - URBAN MEDIA,Urban Media,2025,June,7,0.00056,932.72032,1212.536416,0
FLR-ACC-101867,Global Ventures Ltd,Business,US,USD,Tier1_Basic,2025-07-22,827.06,FLR250801149463,2025-08-01 15:08:53,Friday,15,INTL WIRE - INTERNATIONAL WIRE REF389692,International Wire,Wire Transfer,API/Integration,7073.68,2.44,2895.2,0.0,US,0,DEV-9946290241,0,10,Completed,INTL WIRE - INTERNATIONAL WIRE REF389692,International Wire Ref389692,2025,July,22,0.77,5446.7336000000005,7080.753680000001,0
FLR-ACC-103353,Daniel Nwosu,Individual,US,USD,Tier3_Enhanced,2023-08-30,72.5,FLR250813185353,2025-08-13 21:48:58,Wednesday,21,WEB PURCHASE - APPLE STORE,Apple Store,Electronics,Web Dashboard,92.0,1.0,92.0,0.0,US,0,DEV-8731258562,0,714,Completed,WEB PURCHASE - APPLE STORE,Apple Store,2023,August,30,0.77,70.84,92.092,0
FLR-ACC-105071,North Trading Inc,Business,GB,GBP,Tier2_Verified,2026-01-29,541.92,FLR250328111325,2025-03-28 19:32:39,Friday,19,WEB PURCHASE - BOLT,Bolt,Travel,Web Dashboard,742.0,0.3,2494.99,0.0,GB,0,missing_device,-1,0,Completed,WEB PURCHASE - BOLT,Bolt,2026,January,29,1.0,742.0,964.6,1
FLR-ACC-100772,Femi Obi,Individual,US,USD,Tier3_Enhanced,2024-09-17,156.16,FLR260806201371,2026-08-06 16:10:49,Thursday,16,CNP PURCHASE - JUMIA MART,Jumia Mart,Groceries,Card Not Present,41.0,0.54,75.91,0.0,US,0,DEV-6856382461,0,688,Completed,CNP PURCHASE - JUMIA MART,Jumia Mart,2024,September,17,0.77,31.57,41.041,0
FLR-ACC-100368,Urban Consulting Co.,Business,US,USD,Tier2_Verified,2025-05-22,236.04,FLR250603206893,2025-06-03 17:14:52,Tuesday,17,CNP PURCHASE - SLACK,Slack,Subscription/SaaS,Card Not Present,12.67,0.01,2502.49,0.0,US,0,DEV-3782002685,0,12,Completed,CNP PURCHASE - SLACK,Slack,2025,May,22,0.77,9.7559,12.682670000000002,0
FLR-ACC-102827,Chuka Fashola,Individual,GB,GBP,Tier1_Basic,2025-08-07,51.41,FLR251216119119,2025-12-16 11:20:45,Tuesday,11,CNP PURCHASE - SAINSBURY'S,Sainsbury's,Groceries,Card Not Present,19.61,0.18,107.49,0.0,GB,0,DEV-5997881412,0,131,Declined,CNP PURCHASE - SAINSBURY'S,Sainsbury'S,2025,August,7,1.0,19.61,25.493,0
FLR-ACC-103336,Tobi Bello,Individual,NG,NGN,Tier2_Verified,2025-07-01,23.64,FLR260704220509,2026-07-04 19:19:09,Saturday,19,MOBILE PURCHASE - SAINSBURY'S,Sainsbury's,Groceries,Mobile App,12643.41,0.42,30075.91,0.0,NG,0,DEV-8877554963,0,368,Completed,MOBILE PURCHASE - SAINSBURY'S,Sainsbury'S,2025,July,1,0.00056,7.0803096,9.20440248,0
FLR-ACC-104846,Peter Eze,Individual,NG,NGN,Tier3_Enhanced,2024-10-10,141.41,FLR250728126882,2025-07-28 18:29:54,Monday,18,NIP TRANSFER TO AMAKA JOHNSON,no_merchant,P2P Transfer,USSD,498901.02,1.27,392603.98,0.0,NG,0,DEV-2275969353,0,291,Completed,NIP TRANSFER - AMAKA JOHNSON,Amaka Johnson,2024,October,10,0.00056,279.3845712,363.19994256,0
FLR-ACC-107026,James Johnson,Individual,FR,EUR,Tier2_Verified,2026-05-19,37.68,FLR260117190122,2026-01-17 14:59:51,Saturday,14,WEB PURCHASE - AMAZON,Amazon,Retail,Web Dashboard,36.41,4.82,7.56,0.0,FR,0,DEV-8914224307,0,0,Completed,WEB PURCHASE - AMAZON,Amazon,2026,May,19,0.84,30.584399999999995,39.75972,1
FLR-ACC-103253,Tunde Okoro,Individual,NG,NGN,Tier2_Verified,2026-03-07,57.38,FLR260430182964,2026-04-30 23:13:43,Thursday,23,POS PURCHASE - UBER,Uber,Travel,Card Present,278752.0,1.0,278752.0,0.0,NG,0,DEV-7923031769,0,54,Completed,POS PURCHASE - UBER,Uber,2026,March,7,0.00056,156.10111999999998,202.931456,0
FLR-ACC-106107,Laura Bello,Individual,NG,NGN,Tier2_Verified,2025-08-05,45.1,FLR251226209716,2025-12-26 15:58:08,Friday,15,MOBILE PURCHASE - SAINSBURY'S,Sainsbury's,Groceries,Mobile App,53581.0,1.05,50887.78,0.0,NG,0,DEV-7041615185,1,143,Completed,MOBILE PURCHASE - SAINSBURY'S,Sainsbury'S,2025,August,5,0.00056,30.00536,39.006968,0
FLR-ACC-101753,Silverline Ventures Inc,Business,NG,NGN,Tier3_Enhanced,2025-03-02,327.61,FLR260713101542,2026-07-13 19:58:33,Monday,19,SALARY - APEX RETAIL,no_merchant,Payroll Transfer,Web Dashboard,4213293.0,11.81,356713.17,0.0,NG,0,DEV-8527994573,0,498,Completed,SALARY - APEX RETAIL,Apex Retail,2025,March,2,0.00056,2359.44408,3067.277304,0
FLR-ACC-102951,Musa Eze,Individual,GB,GBP,Tier2_Verified,2026-01-20,81.29,FLR260531212234,2026-05-31 19:50:08,Sunday,19,MOBILE PURCHASE - DSTV,DSTV,Subscription/SaaS,Mobile App,3.58,0.03,119.54,0.0,GB,0,DEV-7615049480,0,131,Completed,MOBILE PURCHASE - DSTV,Dstv,2026,January,20,1.0,3.58,4.654,0
FLR-ACC-104391,Prime Trading Co.,Business,NG,NGN,Tier3_Enhanced,2024-02-18,646.52,FLR251011147237,2025-10-11 10:44:14,Saturday,10,INTL WIRE - INTERNATIONAL WIRE REF863035,International Wire,Wire Transfer,API/Integration,5787212.0,1.35,4296705.88,0.0,US,1,DEV-7420147255,0,601,Completed,INTL WIRE - INTERNATIONAL WIRE REF863035,International Wire Ref863035,2024,February,18,0.00056,3240.83872,4213.090336,0
FLR-ACC-106864,Tunde Okoro,Individual,NG,NGN,Tier2_Verified,2024-09-15,51.44,FLR260506107300,2026-05-06 08:16:00,Wednesday,8,POS PURCHASE - ASOS,ASOS,Retail,Card Present,43603.83,0.22,200903.78,0.0,NG,0,DEV-7403039043,0,598,Completed,POS PURCHASE - ASOS,Asos,2024,September,15,0.00056,24.4181448,31.74358824,0
FLR-ACC-100134,Global Consulting LLC,Business,NG,NGN,Tier2_Verified,2025-11-10,242.32,FLR251020195967,2025-10-20 14:20:48,Monday,14,SALARY - SILVERLINE TRADING,no_merchant,Payroll Transfer,Mobile App,1947486.91,1.33,1459793.92,1.0,NG,0,DEV-2644327725,0,0,Completed,SALARY - SILVERLINE TRADING,Silverline Trading,2025,November,10,0.00056,1090.5926696,1417.77047048,1
FLR-ACC-103411,Grace Yusuf,Individual,GB,GBP,Tier2_Verified,2024-10-19,108.86,FLR250813108609,2025-08-13 12:20:05,Wednesday,12,MOBILE PURCHASE - NOTION,Notion,Subscription/SaaS,Mobile App,11.18,0.34,32.94,0.0,GB,0,DEV-5363530519,0,298,Completed,MOBILE PURCHASE - NOTION,Notion,2024,October,19,1.0,11.18,14.534,0
FLR-ACC-106185,Prime Ventures Co.,Business,US,USD,Tier3_Enhanced,2024-12-26,180.43,FLR260322171880,2026-03-22 21:29:16,Sunday,21,SALARY - SUNRISE RETAIL,no_merchant,Payroll Transfer,API/Integration,1061.37,18.3,58.0,0.0,US,0,DEV-5461906072,0,451,Completed,SALARY - SUNRISE RETAIL,Sunrise Retail,2024,December,26,0.77,817.2548999999999,1062.43137,0
FLR-ACC-102675,Ben Brown,Individual,US,USD,Tier2_Verified,2024-03-23,159.96,FLR250621164051,2025-06-21 20:11:45,Saturday,20,MOBILE PURCHASE - UBER,Uber,Travel,Mobile App,418.0,3.7,112.86,0.0,US,0,DEV-8083870769,0,455,Completed,MOBILE PURCHASE - UBER,Uber,2024,March,23,0.77,321.86,418.418,0
FLR-ACC-103563,Tunde Fashola,Individual,GB,GBP,Tier2_Verified,2024-01-04,34.79,FLR260221181518,2026-02-21 19:50:37,Saturday,19,MOBILE PURCHASE - NETFLIX,Netflix,Subscription/SaaS,Mobile App,1.26,0.11,11.0,0.0,GB,0,DEV-2302211138,0,779,Completed,MOBILE PURCHASE - NETFLIX,Netflix,2024,January,4,1.0,1.26,1.638,0
FLR-ACC-104695,Olu Eze,Individual,GB,GBP,Tier3_Enhanced,2023-11-14,46.58,FLR250202131607,2025-02-02 13:36:37,Sunday,13,NIP TRANSFER TO JOHN HASSAN,no_merchant,P2P Transfer,Card Present,23.0,1.0,23.0,0.0,GB,0,DEV-6545570931,0,446,Completed,NIP TRANSFER - JOHN HASSAN,John Hassan,2023,November,14,1.0,23.0,29.9,0
FLR-ACC-103336,Tobi Bello,Individual,NG,NGN,Tier2_Verified,2025-07-01,23.64,FLR250531175942,2025-05-31 12:22:00,Saturday,12,POS PURCHASE - KONGA,Konga,Retail,Card Present,24897.0,0.99,25050.24,0.0,NG,0,missing_device,-1,0,Completed,POS PURCHASE - KONGA,Konga,2025,July,1,0.00056,13.94232,18.125016,1
FLR-ACC-106797,Ngozi Bello,Individual,NG,NGN,Tier2_Verified,2025-04-08,72.51,FLR260409222150,2026-04-09 12:59:01,Thursday,12,MOBILE PURCHASE - APPLE STORE,Apple Store,Electronics,Mobile App,319036.0,4.63,68918.05,0.0,NG,0,DEV-4356889547,0,366,Completed,MOBILE PURCHASE - APPLE STORE,Apple Store,2025,April,8,0.00056,178.66016,232.258208,0
FLR-ACC-102109,Yetunde Yusuf,Individual,NG,NGN,Tier2_Verified,2024-02-06,5.67,FLR260104144755,2026-01-04 07:49:40,Sunday,7,CNP PURCHASE - APPLE STORE,Apple Store,Electronics,Card Not Present,20189.99,1.0,20189.99,0.0,NG,0,DEV-2000525819,0,698,Completed,CNP PURCHASE - APPLE STORE,Apple Store,2024,February,6,0.00056,11.3063944,14.69831272,0
FLR-ACC-104668,Peter Green,Individual,NG,NGN,Tier2_Verified,2025-10-12,38.19,FLR250422179739,2025-04-22 18:51:57,Tuesday,18,MOBILE PURCHASE - BEST BUY,Best Buy,Electronics,Mobile App,96194.05,2.05,47005.74,0.0,NG,0,missing_device,-1,0,Completed,MOBILE PURCHASE - BEST BUY,Best Buy,2025,October,12,0.00056,53.868668,70.0292684,1
FLR-ACC-106580,Aisha Johnson,Individual,US,USD,Tier2_Verified,2024-09-26,76.1,FLR260714169965,2026-07-14 10:48:26,Tuesday,10,WEB PURCHASE - TESCO,Tesco,Groceries,Web Dashboard,4.38,0.06,75.33,0.0,US,0,DEV-8581996128,0,656,Completed,WEB PURCHASE - TESCO,Tesco,2024,September,26,0.77,3.3726,4.38438,0
FLR-ACC-100085,Ruth Taylor,Individual,NG,NGN,Tier2_Verified,2023-09-03,19.61,FLR250728174728,2025-07-28 08:26:56,Monday,8,ATM WITHDRAWAL - GTBANK ATM,GTBank ATM,ATM Withdrawal,Web Dashboard,13387.99,1.0,13387.99,0.0,NG,0,DEV-2775367439,0,694,Completed,ATM WITHDRAWAL - GTBANK ATM,Gtbank Atm,2023,September,3,0.00056,7.497274399999999,9.74645672,0
FLR-ACC-102131,Yetunde Adeyemi,Individual,FR,EUR,Tier1_Basic,2025-09-04,188.33,FLR260811154336,2026-08-11 12:03:53,Tuesday,12,MOBILE PURCHASE - BRITISH GAS,British Gas,Utilities,Mobile App,72.98,0.44,164.34,0.0,FR,0,DEV-2264398699,0,341,Completed,MOBILE PURCHASE - BRITISH GAS,British Gas,2025,September,4,0.84,61.3032,79.69416,0
FLR-ACC-104942,Grace Okoro,Individual,NG,NGN,Tier3_Enhanced,2024-11-06,73.52,FLR250323135246,2025-03-23 22:21:22,Sunday,22,MOBILE PURCHASE - MICROSOFT 365,Microsoft 365,Subscription/SaaS,Mobile App,5839.14,0.05,107903.03,0.0,NG,0,missing_device,-1,137,Declined,MOBILE PURCHASE - MICROSOFT 365,Microsoft 365,2024,November,6,0.00056,3.2699184,4.25089392,0
FLR-ACC-100681,Grace Eze,Individual,NG,NGN,Tier3_Enhanced,2024-11-06,90.52,FLR260409175214,2026-04-09 18:18:05,Thursday,18,SALARY - NORTH MEDIA,no_merchant,Payroll Transfer,Card Not Present,1352096.0,82.68,16353.29,0.0,NG,0,DEV-3172792512,0,519,Completed,SALARY - NORTH MEDIA,North Media,2024,November,6,0.00056,757.1737599999999,984.3258879999998,0
FLR-ACC-102445,James Fashola,Individual,NG,NGN,Tier1_Basic,2023-04-21,26.1,FLR260429110483,2026-04-29 10:05:25,Wednesday,10,POS PURCHASE - ST. NICHOLAS HOSPITAL,St. Nicholas Hospital,Healthcare,Card Present,12099.0,0.08,150058.54,0.0,NG,0,DEV-6723505280,0,1104,Completed,POS PURCHASE - ST. NICHOLAS HOSPITAL,St. Nicholas Hospital,2023,April,21,0.00056,6.77544,8.808072,0
FLR-ACC-101205,Metro Technologies Ltd,Business,NG,NGN,Tier3_Enhanced,2025-04-27,44.05,FLR251025105544,2025-10-25 07:06:25,Saturday,7,WEB PURCHASE - CONED,ConEd,Utilities,Web Dashboard,18143.45,3.05,5942.24,0.0,NG,0,DEV-8296192319,0,181,Completed,WEB PURCHASE - CONED,Coned,2025,April,27,0.00056,10.160332,13.2084316,0
FLR-ACC-100630,Olu Nwosu,Individual,GB,GBP,Tier1_Basic,2025-08-04,13.65,FLR260114133061,2026-01-14 21:45:59,Wednesday,21,POS PURCHASE - TESCO,Tesco,Groceries,Card Present,1.13,0.01,191.74,0.0,GB,0,DEV-3359307404,0,163,Completed,POS PURCHASE - TESCO,Tesco,2025,August,4,1.0,1.13,1.469,0
FLR-ACC-100727,Silverline Consulting LLC,Business,US,USD,Tier2_Verified,2025-07-13,273.99,FLR250826168667,2025-08-26 21:23:56,Tuesday,21,SALARY - SILVERLINE LOGISTICS,no_merchant,Payroll Transfer,Mobile App,2283.39,1.81,1259.38,0.0,US,0,DEV-9477500169,0,44,Reversed,SALARY - SILVERLINE LOGISTICS,Silverline Logistics,2025,July,13,0.77,1758.2103,2285.67339,0
FLR-ACC-105168,Urban Builders LLC,Business,NG,NGN,Tier2_Verified,2024-07-19,1081.17,FLR260811131666,2026-08-11 18:17:09,Tuesday,18,API PURCHASE - ADOBE CREATIVE CLOUD,Adobe Creative Cloud,Subscription/SaaS,API/Integration,129128.56,0.02,6089367.22,0.0,NG,0,DEV-2240544904,0,753,Completed,API PURCHASE - ADOBE CREATIVE CLOUD,Adobe Creative Cloud,2024,July,19,0.00056,72.3119936,94.00559168,0
FLR-ACC-103732,Aisha Yusuf,Individual,NG,NGN,Tier1_Basic,2024-12-01,126.74,FLR250720191133,2025-07-20 06:48:39,Sunday,6,ATM WITHDRAWAL - GTBANK ATM,GTBank ATM,ATM Withdrawal,USSD,135733.0,0.35,392763.33,0.0,NG,0,DEV-4492028768,0,231,Reversed,ATM WITHDRAWAL - GTBANK ATM,Gtbank Atm,2024,December,1,0.00056,76.01047999999999,98.813624,0
FLR-ACC-104701,Amaka Balogun,Individual,US,USD,Tier3_Enhanced,2024-03-04,6.33,FLR260429107351,2026-04-29 20:16:30,Wednesday,20,SALARY - SUNRISE TECHNOLOGIES,no_merchant,Payroll Transfer,Card Not Present,37.0,3.98,9.3,0.0,US,0,DEV-3920773377,0,786,Completed,SALARY - SUNRISE TECHNOLOGIES,Sunrise Technologies,2024,March,4,0.77,28.49,37.037,0
FLR-ACC-101055,Olu Eze,Individual,NG,NGN,Tier3_Enhanced,2025-08-27,24.43,FLR250709140325,2025-07-09 22:20:36,Wednesday,22,MOBILE PURCHASE - COINBASE,Coinbase,Crypto Exchange,Mobile App,83434.66,4.23,19705.69,0.0,NG,0,DEV-1289073621,0,0,Completed,MOBILE PURCHASE - COINBASE,Coinbase,2025,August,27,0.00056,46.7234096,60.74043248,1
FLR-ACC-102569,Musa Balogun,Individual,NG,NGN,Tier1_Basic,2026-06-08,26.18,FLR250817173768,2025-08-17 09:49:55,Sunday,9,MOBILE PURCHASE - KFC,KFC,Restaurants,Mobile App,7653.33,0.22,34656.61,0.0,NG,0,DEV-7832980361,0,0,Completed,MOBILE PURCHASE - KFC,Kfc,2026,June,8,0.00056,4.2858648,5.57162424,1
FLR-ACC-100161,Sunrise Foods Co.,Business,NG,NGN,Tier1_Basic,2025-10-31,725.75,FLR260830188249,2026-08-30 19:43:06,Sunday,19,INTL WIRE - INTERNATIONAL WIRE REF958754,International Wire,Wire Transfer,Mobile App,10600547.53,1.74,6080480.99,0.0,NG,0,DEV-1876393192,0,303,Completed,INTL WIRE - INTERNATIONAL WIRE REF958754,International Wire Ref958754,2025,October,31,0.00056,5936.306616799999,7717.198601839998,0
FLR-ACC-106826,Silverline Logistics Ltd,Business,GB,GBP,Tier2_Verified,2025-11-28,152.83,FLR260509146078,2026-05-09 13:26:28,Saturday,13,INTL WIRE - INTERNATIONAL WIRE REF960106,International Wire,Wire Transfer,API/Integration,2440.69,8.06,302.77,0.0,GB,0,DEV-2746286459,0,162,Completed,INTL WIRE - INTERNATIONAL WIRE REF960106,International Wire Ref960106,2025,November,28,1.0,2440.69,3172.8970000000004,0
FLR-ACC-104184,Musa Balogun,Individual,DE,EUR,Tier2_Verified,2026-02-16,41.16,FLR260108209186,2026-01-08 18:23:55,Thursday,18,WEB PURCHASE - UBER,Uber,Travel,Web Dashboard,106.18,1.0,106.18,0.0,DE,0,DEV-7763547411,0,0,Completed,WEB PURCHASE - UBER,Uber,2026,February,16,0.84,89.19120000000001,115.94856,1
FLR-ACC-105875,Grace Smith,Individual,DE,EUR,Tier3_Enhanced,2024-09-01,53.54,FLR251125209180,2025-11-25 12:32:55,Tuesday,12,MOBILE PURCHASE - DOMINO'S PIZZA,Domino's Pizza,Restaurants,Mobile App,12.01,1.0,12.01,0.0,DE,0,DEV-3165633753,0,450,Completed,MOBILE PURCHASE - DOMINO'S PIZZA,Domino'S Pizza,2024,September,1,0.84,10.0884,13.11492,0
FLR-ACC-100544,Bluewave Trading Ltd,Business,NG,NGN,Tier2_Verified,2024-01-20,753.53,FLR250625217694,2025-06-25 23:14:03,Wednesday,23,POS PURCHASE - NANDO'S,Nando's,Restaurants,Card Present,106510.1,0.01,13135553.38,0.0,NG,0,DEV-6986355016,0,522,Completed,POS PURCHASE - NANDO'S,Nando'S,2024,January,20,0.00056,59.645656,77.5393528,0
FLR-ACC-100434,Bluewave Media Co.,Business,GB,GBP,Tier2_Verified,2024-09-02,438.49,FLR251228161281,2025-12-28 08:05:13,Sunday,8,API PURCHASE - SLOT SYSTEMS,Slot Systems,Electronics,API/Integration,1282.0,0.57,2259.34,0.0,GB,0,DEV-4964874132,0,482,Completed,API PURCHASE - SLOT SYSTEMS,Slot Systems,2024,September,2,1.0,1282.0,1666.6,0
FLR-ACC-104985,Funke Smith,Individual,NG,NGN,Tier3_Enhanced,2024-09-13,103.07,FLR250605154945,2025-06-05 06:18:08,Thursday,6,POS PURCHASE - AXA MANSARD,AXA Mansard,Insurance,Card Present,182037.0,1.0,182037.0,0.0,NG,0,DEV-3853448074,0,265,Completed,POS PURCHASE - AXA MANSARD,Axa Mansard,2024,September,13,0.00056,101.94071999999998,132.522936,0
FLR-ACC-103843,Grace Balogun,Individual,NG,NGN,Tier2_Verified,2025-04-19,15.32,FLR251110133772,2025-11-10 13:08:52,Monday,13,USSD PURCHASE - UBER,Uber,Travel,USSD,70911.0,2.94,24142.27,0.0,NG,0,DEV-2707315371,0,205,Completed,USSD PURCHASE - UBER,Uber,2025,April,19,0.00056,39.71016,51.623208000000005,0
FLR-ACC-101503,James Ibrahim,Individual,NG,NGN,Tier2_Verified,2025-09-05,74.41,FLR250902186007,2025-09-02 23:27:39,Tuesday,23,WEB PURCHASE - DOMINO'S PIZZA,Domino's Pizza,Restaurants,Web Dashboard,17936.0,0.4,44447.04,0.0,NG,0,DEV-5884097959,0,0,Completed,WEB PURCHASE - DOMINO'S PIZZA,Domino'S Pizza,2025,September,5,0.00056,10.04416,13.057408,1
FLR-ACC-101845,Amaka Chukwu,Individual,US,USD,Tier3_Enhanced,2024-11-04,173.19,FLR260131219210,2026-01-31 11:50:53,Saturday,11,MOBILE PURCHASE - RELIANCE HMO,Reliance HMO,Healthcare,Mobile App,132.0,6.59,20.03,0.0,US,0,DEV-7024400483,0,453,Completed,MOBILE PURCHASE - RELIANCE HMO,Reliance Hmo,2024,November,4,0.77,101.64,132.132,0
FLR-ACC-103528,Sarah Eze,Individual,NG,NGN,Tier1_Basic,2025-07-24,49.25,FLR251205109764,2025-12-05 20:37:02,Friday,20,MOBILE PURCHASE - IKEJA ELECTRIC,Ikeja Electric,Utilities,Mobile App,102021.0,1.0,102021.0,0.0,NG,0,DEV-1583883251,0,134,Completed,MOBILE PURCHASE - IKEJA ELECTRIC,Ikeja Electric,2025,July,24,0.00056,57.13175999999999,74.271288,0
FLR-ACC-105923,Kemi Brown,Individual,US,USD,Tier3_Enhanced,2025-09-09,24.23,FLR251129135965,2025-11-29 20:18:30,Saturday,20,MOBILE PURCHASE - SAINSBURY'S,Sainsbury's,Groceries,Mobile App,28.0,1.0,28.0,0.0,US,0,DEV-3698955606,0,81,Completed,MOBILE PURCHASE - SAINSBURY'S,Sainsbury'S,2025,September,9,0.77,21.56,28.028,0
FLR-ACC-106932,Ngozi Green,Individual,NG,NGN,Tier2_Verified,2025-02-07,70.74,FLR251209100055,2025-12-09 13:21:56,Tuesday,13,WEB PURCHASE - IKEJA ELECTRIC,Ikeja Electric,Utilities,Web Dashboard,149966.79,0.53,282127.35,0.0,NG,0,DEV-2188336060,0,305,Completed,WEB PURCHASE - IKEJA ELECTRIC,Ikeja Electric,2025,February,7,0.00056,83.9814024,109.17582312,0
FLR-ACC-102035,Femi Hassan,Individual,US,USD,Tier2_Verified,2023-04-06,141.06,FLR260602224410,2026-06-02 21:49:11,Tuesday,21,USSD PURCHASE - AMAZON,Amazon,Retail,USSD,104.49,0.78,133.8,0.0,US,0,DEV-5197877466,0,1153,Completed,USSD PURCHASE - AMAZON,Amazon,2023,April,6,0.77,80.4573,104.59449,0
FLR-ACC-106615,Prime Textiles Co.,Business,US,USD,Tier1_Basic,2025-10-08,1122.69,FLR260124134128,2026-01-24 19:25:36,Saturday,19,INTL WIRE - INTERNATIONAL WIRE REF839657,International Wire,Wire Transfer,Web Dashboard,5670.05,1.0,5670.05,0.0,US,0,DEV-5293826516,0,108,Completed,INTL WIRE - INTERNATIONAL WIRE REF839657,International Wire Ref839657,2025,October,8,0.77,4365.9385,5675.720050000001,0
FLR-ACC-100827,Ngozi Balogun,Individual,FR,EUR,Tier1_Basic,2024-11-02,41.56,FLR260601198939,2026-06-01 10:42:33,Monday,10,SALARY - SUNRISE TRADING,no_merchant,Payroll Transfer,Mobile App,146.0,2.96,49.4,0.0,FR,0,DEV-9358605255,0,576,Completed,SALARY - SUNRISE TRADING,Sunrise Trading,2024,November,2,0.84,122.64,159.43200000000002,0
FLR-ACC-100325,Chidi Okafor,Individual,NG,NGN,Tier2_Verified,2025-04-02,38.51,FLR260326219061,2026-03-26 09:00:40,Thursday,9,MOBILE PURCHASE - ABUJA DISCO,Abuja DisCo,Utilities,Mobile App,17096.42,0.43,40172.74,0.0,NG,0,DEV-7689077062,0,358,Completed,MOBILE PURCHASE - ABUJA DISCO,Abuja Disco,2025,April,2,0.00056,9.5739952,12.446193760000002,0
FLR-ACC-100051,Aisha Nwosu,Individual,US,USD,Tier3_Enhanced,2025-01-31,143.01,FLR260110124257,2026-01-10 22:37:42,Saturday,22,SALARY - SILVERLINE RETAIL,no_merchant,Payroll Transfer,Web Dashboard,335.0,5.58,60.0,0.0,US,0,DEV-3042442889,0,344,Completed,SALARY - SILVERLINE RETAIL,Silverline Retail,2025,January,31,0.77,257.95,335.335,0
FLR-ACC-100986,James Okafor,Individual,US,USD,Tier2_Verified,2026-02-11,399.65,FLR251230116407,2025-12-30 22:05:33,Tuesday,22,WEB PURCHASE - EEDC,EEDC,Utilities,Web Dashboard,149.81,0.11,1359.75,0.0,US,0,DEV-9525208675,0,0,Completed,WEB PURCHASE - EEDC,Eedc,2026,February,11,0.77,115.3537,149.95981,1
FLR-ACC-104322,Ifeoma Yusuf,Individual,NG,NGN,Tier3_Enhanced,2024-06-02,62.22,FLR260326173075,2026-03-26 22:10:13,Thursday,22,NIP TRANSFER TO OLU EZE,no_merchant,P2P Transfer,Card Not Present,27460.29,0.26,104927.98,0.0,NG,0,DEV-8854255057,0,662,Completed,NIP TRANSFER - OLU EZE,Olu Eze,2024,June,2,0.00056,15.3777624,19.99109112,0
FLR-ACC-104328,Bluewave Builders Inc,Business,GB,GBP,Tier2_Verified,2025-06-27,623.12,FLR251023176683,2025-10-23 06:30:47,Thursday,6,WEB PURCHASE - AMAZON,Amazon,Retail,Web Dashboard,105.3,0.02,4709.13,0.0,GB,0,DEV-4327836698,0,118,Completed,WEB PURCHASE - AMAZON,Amazon,2025,June,27,1.0,105.3,136.89,0
FLR-ACC-100586,Global Builders Inc,Business,NG,NGN,Tier2_Verified,2024-09-23,186.0,FLR251027120296,2025-10-27 08:42:15,Monday,8,SALARY - BLUEWAVE FOODS,no_merchant,Payroll Transfer,Mobile App,1821613.74,1.0,1821613.74,0.0,NG,0,DEV-9249409623,0,399,Completed,SALARY - BLUEWAVE FOODS,Bluewave Foods,2024,September,23,0.00056,1020.1036944,1326.13480272,0
FLR-ACC-102490,Amaka Yusuf,Individual,NG,NGN,Tier3_Enhanced,2026-05-08,181.34,FLR251215187447,2025-12-15 19:33:29,Monday,19,ATM WITHDRAWAL - ZENITH ATM,Zenith ATM,ATM Withdrawal,Card Present,37609.22,0.45,82756.0,0.0,NG,0,DEV-7465202121,0,0,Completed,ATM WITHDRAWAL - ZENITH ATM,Zenith Atm,2026,May,8,0.00056,21.0611632,27.37951216,1
FLR-ACC-102554,Apex Consulting LLC,Business,GB,GBP,Tier3_Enhanced,2024-03-31,1276.27,FLR250216212336,2025-02-16 14:30:21,Sunday,14,INTL WIRE - INTERNATIONAL WIRE REF487410,International Wire,Wire Transfer,API/Integration,11859.41,1.28,9258.82,0.0,GB,0,missing_device,-1,322,Completed,INTL WIRE - INTERNATIONAL WIRE REF487410,International Wire Ref487410,2024,March,31,1.0,11859.41,15417.233,0
FLR-ACC-100648,Ngozi Williams,Individual,US,USD,Tier1_Basic,2026-05-02,84.57,FLR260125215065,2026-01-25 02:19:48,Sunday,2,USSD PURCHASE - BRITISH GAS,British Gas,Utilities,USSD,39.3,0.2,194.4,0.0,US,0,DEV-7469618942,0,0,Completed,USSD PURCHASE - BRITISH GAS,British Gas,2026,May,2,0.77,30.261,39.3393,1
FLR-ACC-105933,Greenfield Textiles Co.,Business,GB,GBP,Tier2_Verified,2026-06-28,1586.11,FLR251020132558,2025-10-20 18:59:51,Monday,18,INTL WIRE - INTERNATIONAL WIRE REF377324,International Wire,Wire Transfer,Web Dashboard,7465.91,1.09,6847.62,0.0,GB,0,DEV-4061264069,0,0,Completed,INTL WIRE - INTERNATIONAL WIRE REF377324,International Wire Ref377324,2026,June,28,1.0,7465.91,9705.683,1
FLR-ACC-101514,Ruth Okoro,Individual,NG,NGN,Tier2_Verified,2025-11-27,57.25,FLR260606159670,2026-06-06 20:35:14,Saturday,20,MOBILE PURCHASE - CONED,ConEd,Utilities,Mobile App,94175.0,0.48,197000.58,0.0,NG,0,DEV-3731677561,0,191,Completed,MOBILE PURCHASE - CONED,Coned,2025,November,27,0.00056,52.73799999999999,68.5594,0
FLR-ACC-106321,John Hassan,Individual,US,USD,Tier1_Basic,2025-05-24,27.34,FLR260410145138,2026-04-10 14:37:48,Friday,14,SALARY - URBAN MEDIA,no_merchant,Payroll Transfer,Card Not Present,108.0,11.64,9.28,0.0,US,0,DEV-2508391379,0,321,Completed,SALARY - URBAN MEDIA,Urban Media,2025,May,24,0.77,83.16,108.108,0
FLR-ACC-100059,Kemi Hassan,Individual,NG,NGN,Tier2_Verified,2024-10-30,90.88,FLR250323117774,2025-03-23 13:32:27,Sunday,13,API PURCHASE - SPAR,Spar,Groceries,API/Integration,47892.98,1.0,47892.98,0.0,NG,0,missing_device,-1,144,Completed,API PURCHASE - SPAR,Spar,2024,October,30,0.00056,26.8200688,34.86608944,0
FLR-ACC-104430,Apex Consulting LLC,Business,GB,GBP,Tier2_Verified,2023-06-09,288.25,FLR251129209857,2025-11-29 13:29:24,Saturday,13,SALARY - GREENFIELD BUILDERS,no_merchant,Payroll Transfer,Card Present,1018.12,0.17,5942.24,0.0,GB,0,DEV-2768683318,0,904,Completed,SALARY - GREENFIELD BUILDERS,Greenfield Builders,2023,June,9,1.0,1018.12,1323.556,0
FLR-ACC-104332,Urban Technologies Co.,Business,NG,NGN,Tier2_Verified,2026-01-18,151.76,FLR250626166408,2025-06-26 05:19:53,Thursday,5,WEB PURCHASE - AVIVA,Aviva,Insurance,Web Dashboard,345001.91,0.14,2457941.91,0.0,NG,0,DEV-3806572668,0,0,Declined,WEB PURCHASE - AVIVA,Aviva,2026,January,18,0.00056,193.2010696,251.16139048,1
FLR-ACC-101238,Global Technologies Ltd,Business,DE,EUR,Tier1_Basic,2025-05-15,1883.66,FLR250712208618,2025-07-12 13:17:00,Saturday,13,SALARY - NORTH CONSULTING,no_merchant,Payroll Transfer,Mobile App,8267.57,8.78,942.06,0.0,DE,0,DEV-8038622457,0,58,Completed,SALARY - NORTH CONSULTING,North Consulting,2025,May,15,0.84,6944.7588,9028.18644,0
FLR-ACC-105202,Silverline Consulting LLC,Business,NG,NGN,Tier2_Verified,2024-04-10,605.7,FLR251013139921,2025-10-13 08:42:17,Monday,8,ATM WITHDRAWAL - BARCLAYS ATM,Barclays ATM,ATM Withdrawal,Web Dashboard,614060.0,0.33,1861148.55,0.0,NG,0,DEV-7450934052,0,551,Completed,ATM WITHDRAWAL - BARCLAYS ATM,Barclays Atm,2024,April,10,0.00056,343.87359999999995,447.03568,0
FLR-ACC-102675,Ben Brown,Individual,US,USD,Tier2_Verified,2024-03-23,159.96,FLR250507168710,2025-05-07 08:10:05,Wednesday,8,WEB PURCHASE - DSTV,DSTV,Subscription/SaaS,Web Dashboard,8.0,0.02,362.58,0.0,US,0,DEV-5471482613,0,410,Completed,WEB PURCHASE - DSTV,Dstv,2024,March,23,0.77,6.16,8.008000000000001,0
FLR-ACC-101610,Chidi Nwosu,Individual,GB,GBP,Tier3_Enhanced,2025-11-17,81.46,FLR250622209401,2025-06-22 15:16:38,Sunday,15,MOBILE PURCHASE - SHOPRITE,Shoprite,Groceries,Mobile App,16.06,0.27,59.54,0.0,GB,0,DEV-9744640761,1,0,Completed,MOBILE PURCHASE - SHOPRITE,Shoprite,2025,November,17,1.0,16.06,20.878,1
FLR-ACC-102506,Apex Consulting Co.,Business,NG,NGN,Tier3_Enhanced,2023-03-08,229.13,FLR260325105047,2026-03-25 08:33:05,Wednesday,8,WEB PURCHASE - SAINSBURY'S,Sainsbury's,Groceries,Web Dashboard,95195.4,1.0,95195.4,0.0,NG,0,DEV-7039683180,0,1113,Completed,WEB PURCHASE - SAINSBURY'S,Sainsbury'S,2023,March,8,0.00056,53.30942399999999,69.30225119999999,0
FLR-ACC-100401,North Technologies Inc,Business,NG,NGN,Tier1_Basic,2025-10-07,978.93,FLR250815148980,2025-08-15 18:30:47,Friday,18,API PURCHASE - APPLE STORE,Apple Store,Electronics,API/Integration,1972729.0,0.32,6212377.28,0.0,NG,0,DEV-6862558798,0,0,Completed,API PURCHASE - APPLE STORE,Apple Store,2025,October,7,0.00056,1104.72824,1436.146712,1
FLR-ACC-105751,Emeka Hassan,Individual,NG,NGN,Tier3_Enhanced,2025-11-01,44.96,FLR250606201810,2025-06-06 02:17:51,Friday,2,CNP PURCHASE - CONED,Coned,Utilities,Card Not Present,66057.0,1.67,39538.41,0.0,NG,0,DEV-2443694458,0,0,Completed,CNP PURCHASE - CONED,Coned,2025,November,1,0.00056,36.99191999999999,48.08949599999999,1
FLR-ACC-106067,Global Retail Ltd,Business,NG,NGN,Tier2_Verified,2025-05-27,756.44,FLR251220197145,2025-12-20 09:16:16,Saturday,9,NIP TRANSFER TO CHUKA BALOGUN,no_merchant,P2P Transfer,USSD,1306224.2,0.36,3676987.86,0.0,NG,0,DEV-5448043979,0,207,Reversed,NIP TRANSFER - CHUKA BALOGUN,Chuka Balogun,2025,May,27,0.00056,731.4855519999999,950.9312176,0
FLR-ACC-100970,Tunde Adeyemi,Individual,NG,NGN,Tier3_Enhanced,2024-02-05,121.01,FLR250924208044,2025-09-24 16:17:15,Wednesday,16,USSD PURCHASE - AIR PEACE,Air Peace,Travel,USSD,594548.0,16.94,35095.69,0.0,NG,0,DEV-2507705297,0,597,Completed,USSD PURCHASE - AIR PEACE,Air Peace,2024,February,5,0.00056,332.94688,432.830944,0
FLR-ACC-100469,Bluewave Logistics Ltd,Business,US,USD,Tier3_Enhanced,2026-02-04,587.5,FLR250207139342,2025-02-07 21:54:13,Friday,21,POS PURCHASE - LEADWAY ASSURANCE,Leadway Assurance,Insurance,Card Present,337.0,0.06,5942.24,0.0,US,0,missing_device,-1,0,Declined,POS PURCHASE - LEADWAY ASSURANCE,Leadway Assurance,2026,February,4,0.77,259.49,337.33700000000005,1
FLR-ACC-102544,Daniel Okafor,Individual,FR,EUR,Tier2_Verified,2026-02-02,62.94,FLR251004111609,2025-10-04 18:25:41,Saturday,18,MOBILE PURCHASE - APPLE STORE,Apple Store,Electronics,Mobile App,87.37,1.0,87.37,0.0,FR,0,DEV-2408742882,1,0,Completed,MOBILE PURCHASE - APPLE STORE,Apple Store,2026,February,2,0.84,73.3908,95.40804,1
FLR-ACC-105598,Chuka Bello,Individual,NG,NGN,Tier1_Basic,2025-05-22,12.35,FLR260511128375,2026-05-11 18:01:56,Monday,18,SALARY - NORTH MEDIA,no_merchant,Payroll Transfer,Mobile App,101121.83,44.73,2260.9,0.0,NG,0,DEV-9197814102,0,354,Completed,SALARY - NORTH MEDIA,North Media,2025,May,22,0.00056,56.6282248,73.61669224,0
FLR-ACC-103159,James Bello,Individual,US,USD,Tier1_Basic,2024-04-14,226.45,FLR260412170878,2026-04-12 09:49:33,Sunday,9,MOBILE PURCHASE - NANDO'S,Nando's,Restaurants,Mobile App,31.97,0.3,105.33,0.0,US,0,DEV-7016506865,0,728,Declined,MOBILE PURCHASE - NANDO'S,Nando'S,2024,April,14,0.77,24.6169,32.00197,0
FLR-ACC-104862,Greenfield Ventures Ltd,Business,GB,GBP,Tier2_Verified,2025-11-21,255.85,FLR250228217024,2025-02-28 11:50:44,Friday,11,MOBILE PURCHASE - ADOBE CREATIVE CLOUD,Adobe Creative Cloud,Subscription/SaaS,Mobile App,3.49,0.02,181.73,0.0,GB,0,missing_device,-1,0,Completed,MOBILE PURCHASE - ADOBE CREATIVE CLOUD,Adobe Creative Cloud,2025,November,21,1.0,3.49,4.537000000000001,1
FLR-ACC-106414,Tunde Adekunle,Individual,NG,NGN,Tier3_Enhanced,2025-09-02,62.84,FLR250725210513,2025-07-25 18:52:41,Friday,18,USSD PURCHASE - BOLT,Bolt,Travel,USSD,756823.0,8.32,90940.14,0.0,NG,0,DEV-9824552351,0,0,Completed,USSD PURCHASE - BOLT,Bolt,2025,September,2,0.00056,423.82088,550.967144,1
FLR-ACC-101948,Ngozi Obi,Individual,NG,NGN,Tier2_Verified,2025-03-13,107.57,FLR250809218255,2025-08-09 18:16:39,Saturday,18,MOBILE PURCHASE - CURRYS PC WORLD,Currys PC World,Electronics,Mobile App,177769.72,1.0,177769.72,0.0,NG,0,DEV-6568681852,0,149,Completed,MOBILE PURCHASE - CURRYS PC WORLD,Currys Pc World,2025,March,13,0.00056,99.5510432,129.41635616,0
FLR-ACC-104391,Prime Trading Co.,Business,NG,NGN,Tier3_Enhanced,2024-02-18,646.52,FLR251022153095,2025-10-22 17:23:57,Wednesday,17,USSD PURCHASE - KONGA,Konga,Retail,USSD,577160.0,0.12,4760579.31,0.0,NG,0,DEV-7420147255,0,612,Completed,USSD PURCHASE - KONGA,Konga,2024,February,18,0.00056,323.2096,420.17248000000006,0
FLR-ACC-101374,Silverline Logistics Ltd,Business,NG,NGN,Tier2_Verified,2024-09-15,449.48,FLR260820135521,2026-08-20 07:51:46,Thursday,7,API PURCHASE - IKEJA ELECTRIC,Ikeja Electric,Utilities,API/Integration,480669.11,0.15,3104378.32,0.0,NG,0,DEV-6618186337,0,704,Completed,API PURCHASE - IKEJA ELECTRIC,Ikeja Electric,2024,September,15,0.00056,269.1747016,349.92711208000003,0
FLR-ACC-102831,Daniel Taylor,Individual,NG,NGN,Tier2_Verified,2024-04-18,115.84,FLR250625212897,2025-06-25 18:25:27,Wednesday,18,MOBILE PURCHASE - THAMES WATER,Thames Water,Utilities,Mobile App,120057.0,0.56,213812.11,0.0,NG,0,DEV-7940854282,0,433,Completed,MOBILE PURCHASE - THAMES WATER,Thames Water,2024,April,18,0.00056,67.23191999999999,87.401496,0
FLR-ACC-105489,Aisha Hassan,Individual,NG,NGN,Tier3_Enhanced,2024-02-05,77.61,FLR250701155302,2025-07-01 15:34:22,Tuesday,15,CNP PURCHASE - SHOPRITE,Shoprite,Groceries,Card Not Present,30290.29,1.18,25647.99,0.0,NG,0,DEV-5458755499,0,512,Completed,CNP PURCHASE - SHOPRITE,Shoprite,2024,February,5,0.00056,16.9625624,22.05133112,0
FLR-ACC-105510,David Taylor,Individual,NG,NGN,Tier2_Verified,2024-12-14,29.93,FLR250521169089,2025-05-21 10:21:50,Wednesday,10,SALARY - METRO MEDIA,no_merchant,Payroll Transfer,API/Integration,776776.67,30.33,25608.03,0.0,NG,0,missing_device,-1,158,Completed,SALARY - METRO MEDIA,Metro Media,2024,December,14,0.00056,434.9949352,565.49341576,0
FLR-ACC-102309,Sunrise Trading Co.,Business,NG,NGN,Tier2_Verified,2025-09-03,484.55,FLR250628221335,2025-06-28 00:04:52,Saturday,0,MOBILE PURCHASE - ZARA,Zara,Retail,Mobile App,363176.35,1.21,299011.86,0.0,NG,0,DEV-1302454843,0,0,Completed,MOBILE PURCHASE - ZARA,Zara,2025,September,3,0.00056,203.378756,264.3923828,1
FLR-ACC-106050,Metro Builders Co.,Business,GB,GBP,Tier3_Enhanced,2024-05-29,356.48,FLR251129220839,2025-11-29 12:36:39,Saturday,12,CNP PURCHASE - ZARA,Zara,Retail,Card Not Present,99.0,0.3,332.57,0.0,GB,0,DEV-3210657886,0,549,Completed,CNP PURCHASE - ZARA,Zara,2024,May,29,1.0,99.0,128.70000000000002,0
FLR-ACC-104295,Metro Textiles Inc,Business,NG,NGN,Tier1_Basic,2024-04-27,546.23,FLR250328217749,2025-03-28 13:54:51,Friday,13,WEB PURCHASE - SAINSBURY'S,Sainsbury's,Groceries,Web Dashboard,1026572.18,0.32,3210502.5,0.0,NG,0,DEV-4707110191,0,335,Reversed,WEB PURCHASE - SAINSBURY'S,Sainsbury'S,2024,April,27,0.00056,574.8804208,747.3445470400001,0
FLR-ACC-101876,Aisha Chukwu,Individual,US,USD,Tier2_Verified,2024-04-08,67.16,FLR251209161299,2025-12-09 17:29:29,Tuesday,17,SALARY - METRO TRADING,no_merchant,Payroll Transfer,Web Dashboard,510.86,7.81,65.41,0.0,US,0,DEV-7473241600,0,610,Completed,SALARY - METRO TRADING,Metro Trading,2024,April,8,0.77,393.3622,511.37086,0
FLR-ACC-103516,Urban Media Inc,Business,DE,EUR,Tier2_Verified,2024-07-12,301.97,FLR260521217110,2026-05-21 18:25:52,Thursday,18,WEB PURCHASE - BRITISH AIRWAYS,British Airways,Travel,Web Dashboard,609.0,2.68,227.22,0.0,DE,0,DEV-7142913989,0,678,Completed,WEB PURCHASE - BRITISH AIRWAYS,British Airways,2024,July,12,0.84,511.56,665.028,0
FLR-ACC-102273,Apex Foods Co.,Business,FR,EUR,Tier2_Verified,2025-11-29,403.63,FLR251107221492,2025-11-07 20:45:44,Friday,20,INTL WIRE - INTERNATIONAL WIRE REF988744,International Wire,Wire Transfer,Mobile App,11842.53,18.89,627.0,0.0,FR,0,DEV-7909869182,0,0,Declined,INTL WIRE - INTERNATIONAL WIRE REF988744,International Wire Ref988744,2025,November,29,0.84,9947.7252,12932.042760000002,1
FLR-ACC-102175,Musa Hassan,Individual,US,USD,Tier2_Verified,2025-02-20,62.64,FLR250312178775,2025-03-12 14:31:07,Wednesday,14,WEB PURCHASE - BOOTS PHARMACY,Boots Pharmacy,Healthcare,Web Dashboard,81.34,3.39,24.0,0.0,US,0,missing_device,-1,20,Completed,WEB PURCHASE - BOOTS PHARMACY,Boots Pharmacy,2025,February,20,0.77,62.631800000000005,81.42134000000001,0
FLR-ACC-105698,Tobi Taylor,Individual,NG,NGN,Tier2_Verified,2025-03-21,45.28,FLR250202209090,2025-02-02 16:35:46,Sunday,16,POS PURCHASE - SHOPRITE,Shoprite,Groceries,Card Present,19673.0,0.37,53180.02,0.0,NG,0,DEV-3593272942,0,0,Completed,POS PURCHASE - SHOPRITE,Shoprite,2025,March,21,0.00056,11.01688,14.321944,1
FLR-ACC-103081,Sarah Johnson,Individual,NG,NGN,Tier3_Enhanced,2023-05-31,42.06,FLR250225198932,2025-02-25 21:03:07,Tuesday,21,ATM WITHDRAWAL - ZENITH ATM,Zenith ATM,ATM Withdrawal,Mobile App,106456.77,3.57,29841.0,0.0,NG,0,DEV-2305486534,0,636,Completed,ATM WITHDRAWAL - ZENITH ATM,Zenith Atm,2023,May,31,0.00056,59.6157912,77.50052855999999,0
FLR-ACC-104962,Greenfield Builders LLC,Business,FR,EUR,Tier3_Enhanced,2023-08-07,233.54,FLR250602184100,2025-06-02 22:03:03,Monday,22,WEB PURCHASE - LEADWAY ASSURANCE,Leadway Assurance,Insurance,Web Dashboard,242.0,0.04,5942.24,0.0,FR,0,DEV-6183294855,0,665,Completed,WEB PURCHASE - LEADWAY ASSURANCE,Leadway Assurance,2023,August,7,0.84,203.28,264.264,0
FLR-ACC-107150,Sunrise Retail LLC,Business,DE,EUR,Tier2_Verified,2025-07-18,527.39,FLR250624183237,2025-06-24 02:29:39,Tuesday,2,API PURCHASE - THAMES WATER,Thames Water,Utilities,API/Integration,252.42,0.32,798.42,0.0,DE,0,DEV-4415678717,0,0,Completed,API PURCHASE - THAMES WATER,Thames Water,2025,July,18,0.84,212.0328,275.64264000000003,1
FLR-ACC-103679,North Consulting LLC,Business,GB,GBP,Tier3_Enhanced,2024-03-16,544.01,FLR260126223303,2026-01-26 09:49:01,Monday,9,WEB PURCHASE - SHOPRITE,Shoprite,Groceries,Web Dashboard,179.34,0.08,2373.0,0.0,GB,0,DEV-7190434216,0,681,Completed,WEB PURCHASE - SHOPRITE,Shoprite,2024,March,16,1.0,179.34,233.142,0
FLR-ACC-102778,Greenfield Technologies Co.,Business,NG,NGN,Tier2_Verified,2025-12-25,160.27,FLR250520120451,2025-05-20 11:58:22,Tuesday,11,SALARY - BLUEWAVE TEXTILES,no_merchant,Payroll Transfer,Mobile App,1393924.2,1.0,1393924.2,0.0,NG,0,DEV-1808361310,0,0,Completed,SALARY - BLUEWAVE TEXTILES,Bluewave Textiles,2025,December,25,0.00056,780.597552,1014.7768176,1
FLR-ACC-101374,Silverline Logistics Ltd,Business,NG,NGN,Tier2_Verified,2024-09-15,449.48,FLR260115162982,2026-01-15 19:48:26,Thursday,19,API PURCHASE - BOOKING.COM,Booking.com,Travel,API/Integration,1785167.25,0.64,2785208.35,0.0,NG,0,DEV-6618186337,0,487,Completed,API PURCHASE - BOOKING.COM,Booking.Com,2024,September,15,0.00056,999.69366,1299.601758,0
FLR-ACC-105380,Michael Smith,Individual,DE,EUR,Tier1_Basic,2026-08-18,26.69,FLR250403102954,2025-04-03 10:37:45,Thursday,10,ATM WITHDRAWAL - GTBANK ATM,GTBank ATM,ATM Withdrawal,API/Integration,9.08,0.38,24.06,0.0,DE,0,DEV-7430164913,0,0,Declined,ATM WITHDRAWAL - GTBANK ATM,Gtbank Atm,2026,August,18,0.84,7.6272,9.91536,1
FLR-ACC-101592,Chidi Obi,Individual,NG,NGN,Tier2_Verified,2024-07-21,143.29,FLR260324145161,2026-03-24 16:29:27,Tuesday,16,POS PURCHASE - IKEJA ELECTRIC,Ikeja Electric,Utilities,Card Present,321201.39,2.11,152442.59,0.0,NG,0,DEV-6047271948,1,611,Completed,POS PURCHASE - IKEJA ELECTRIC,Ikeja Electric,2024,July,21,0.00056,179.8727784,233.83461192,0
FLR-ACC-106918,Ifeoma Obi,Individual,NG,NGN,Tier3_Enhanced,2025-12-17,111.91,FLR250416219059,2025-04-16 00:01:12,Wednesday,0,CNP PURCHASE - TESCO,Tesco,Groceries,Card Not Present,16919.95,0.16,108713.32,0.0,NG,0,DEV-2340737648,0,0,Completed,CNP PURCHASE - TESCO,Tesco,2025,December,17,0.00056,9.475172,12.3177236,1
FLR-ACC-101883,Urban Media Inc,Business,DE,EUR,Tier2_Verified,2026-05-05,996.7,FLR260620113633,2026-06-20 09:17:15,Saturday,9,INTL WIRE - INTERNATIONAL WIRE REF893219,International Wire,Wire Transfer,Web Dashboard,4693.4,0.91,5174.45,0.0,DE,0,DEV-8347825416,0,46,Completed,INTL WIRE - INTERNATIONAL WIRE REF893219,International Wire Ref893219,2026,May,5,0.84,3942.456,5125.192800000001,0
FLR-ACC-103715,Tunde Balogun,Individual,GB,GBP,Tier2_Verified,2025-11-27,33.07,FLR250521119953,2025-05-21 15:29:53,Wednesday,15,POS PURCHASE - BOLT,Bolt,Travel,Card Present,69.0,1.0,69.0,0.0,GB,0,missing_device,-1,0,Completed,POS PURCHASE - BOLT,Bolt,2025,November,27,1.0,69.0,89.7,1
FLR-ACC-106602,Silverline Trading LLC,Business,NG,NGN,Tier2_Verified,2025-06-21,432.43,FLR250401183991,2025-04-01 16:54:42,Tuesday,16,SALARY - NORTH VENTURES,no_merchant,Payroll Transfer,API/Integration,3460364.0,1.16,2978554.95,0.0,NG,0,DEV-6305569702,0,0,Completed,SALARY - NORTH VENTURES,North Ventures,2025,June,21,0.00056,1937.80384,2519.144992,1
FLR-ACC-104916,Chidi Green,Individual,US,USD,Tier2_Verified,2025-10-07,115.45,FLR251103222747,2025-11-03 18:20:56,Monday,18,WEB PURCHASE - BOOKING.COM,Booking.com,Travel,Web Dashboard,213.74,2.52,84.77,0.0,US,0,DEV-9234746410,0,27,Completed,WEB PURCHASE - BOOKING.COM,Booking.Com,2025,October,7,0.77,164.5798,213.95374,0
FLR-ACC-101979,North Retail LLC,Business,US,USD,Tier2_Verified,2025-05-02,180.27,FLR250626173421,2025-06-26 13:13:17,Thursday,13,MOBILE PURCHASE - SLACK,Slack,Subscription/SaaS,Mobile App,5.45,0.12,46.71,0.0,US,0,DEV-6285807382,0,55,Completed,MOBILE PURCHASE - SLACK,Slack,2025,May,2,0.77,4.1965,5.455450000000001,0
FLR-ACC-102051,Global Builders Inc,Business,GB,GBP,Tier2_Verified,2024-11-22,297.16,FLR251006149139,2025-10-06 12:08:38,Monday,12,API PURCHASE - NETFLIX,Netflix,Subscription/SaaS,API/Integration,28.62,0.01,1929.85,0.0,GB,0,DEV-2753565618,0,318,Completed,API PURCHASE - NETFLIX,Netflix,2024,November,22,1.0,28.62,37.206,0
FLR-ACC-101658,Blessing Green,Individual,US,USD,Tier2_Verified,2026-05-03,19.56,FLR260407108312,2026-04-07 11:17:02,Tuesday,11,NIP TRANSFER TO TUNDE FASHOLA,no_merchant,P2P Transfer,Web Dashboard,5.0,0.19,26.54,0.0,US,0,DEV-6604751210,0,0,Completed,NIP TRANSFER - TUNDE FASHOLA,Tunde Fashola,2026,May,3,0.77,3.85,5.005,1
FLR-ACC-105373,John Adekunle,Individual,GB,GBP,Tier2_Verified,2026-06-16,71.19,FLR260205196614,2026-02-05 20:26:10,Thursday,20,USSD PURCHASE - SAINSBURY'S,Sainsbury's,Groceries,USSD,10.78,0.2,54.64,0.0,GB,0,DEV-8005023354,0,0,Completed,USSD PURCHASE - SAINSBURY'S,Sainsbury'S,2026,June,16,1.0,10.78,14.014,1
FLR-ACC-100149,Apex Media Ltd,Business,FR,EUR,Tier1_Basic,2026-01-07,271.9,FLR250529191261,2025-05-29 13:20:05,Thursday,13,SALARY - GLOBAL TRADING,no_merchant,Payroll Transfer,Mobile App,3283.0,0.29,11500.06,0.0,FR,0,missing_device,-1,0,Completed,SALARY - GLOBAL TRADING,Global Trading,2026,January,7,0.84,2757.72,3585.036,1
FLR-ACC-102376,Blessing Obi,Individual,US,USD,Tier3_Enhanced,2025-05-03,36.34,FLR260612141437,2026-06-12 13:31:32,Friday,13,MOBILE PURCHASE - AMAZON,Amazon,Retail,Mobile App,28.77,0.44,65.1,0.0,US,0,DEV-4350078585,0,405,Completed,MOBILE PURCHASE - AMAZON,Amazon,2025,May,3,0.77,22.1529,28.79877,0
FLR-ACC-102258,Chioma Nwosu,Individual,US,USD,Tier1_Basic,2025-07-26,279.97,FLR260225137259,2026-02-25 08:00:59,Wednesday,8,NIP TRANSFER TO DAVID ADEKUNLE,no_merchant,P2P Transfer,Card Not Present,149.56,1.54,97.07,0.0,US,0,DEV-1466227977,0,214,Completed,NIP TRANSFER - DAVID ADEKUNLE,David Adekunle,2025,July,26,0.77,115.1612,149.70956,0
FLR-ACC-100184,Prime Foods Ltd,Business,NG,NGN,Tier3_Enhanced,2021-12-26,1276.72,FLR260213135548,2026-02-13 06:56:35,Friday,6,INTL WIRE - INTERNATIONAL WIRE REF218889,International Wire,Wire Transfer,Web Dashboard,12473781.17,0.73,17152172.0,0.0,NG,0,DEV-6848897586,0,1510,Declined,INTL WIRE - INTERNATIONAL WIRE REF218889,International Wire Ref218889,2021,December,26,0.00056,6985.317455199999,9080.91269176,0
FLR-ACC-101600,Metro Consulting LLC,Business,GB,GBP,Tier3_Enhanced,2025-03-12,1837.38,FLR260630208746,2026-06-30 09:27:03,Tuesday,9,SALARY - SILVERLINE TEXTILES,no_merchant,Payroll Transfer,Web Dashboard,11870.56,11.35,1045.78,0.0,GB,0,DEV-5221778102,0,475,Completed,SALARY - SILVERLINE TEXTILES,Silverline Textiles,2025,March,12,1.0,11870.56,15431.728,0
FLR-ACC-100640,Sarah Adeyemi,Individual,GB,GBP,Tier1_Basic,2026-07-21,8.94,FLR260102129146,2026-01-02 15:13:14,Friday,15,NIP TRANSFER TO FEMI OKAFOR,no_merchant,P2P Transfer,Mobile App,6.27,0.9,6.94,0.0,GB,0,DEV-4488077998,0,0,Completed,NIP TRANSFER - FEMI OKAFOR,Femi Okafor,2026,July,21,1.0,6.27,8.151,1
FLR-ACC-102017,North Trading LLC,Business,NG,NGN,Tier2_Verified,2026-07-14,54.2,FLR260508162875,2026-05-08 13:33:06,Friday,13,API PURCHASE - SLOT SYSTEMS,Slot Systems,Electronics,API/Integration,95320.34,0.42,227659.57,0.0,NG,0,DEV-7594700845,0,0,Completed,API PURCHASE - SLOT SYSTEMS,Slot Systems,2026,July,14,0.00056,53.37939039999999,69.39320751999999,1
FLR-ACC-105852,Silverline Consulting Inc,Business,DE,EUR,Tier3_Enhanced,2023-03-29,144.85,FLR250505147788,2025-05-05 19:24:23,Monday,19,SALARY - SUNRISE CONSULTING,no_merchant,Payroll Transfer,Web Dashboard,780.32,1.77,440.0,0.0,DE,0,missing_device,-1,768,Completed,SALARY - SUNRISE CONSULTING,Sunrise Consulting,2023,March,29,0.84,655.4688,852.1094400000001,0
FLR-ACC-104986,Prime Textiles Co.,Business,FR,EUR,Tier2_Verified,2025-06-01,264.31,FLR260407224597,2026-04-07 13:28:19,Tuesday,13,WEB PURCHASE - MICROSOFT 365,Microsoft 365,Subscription/SaaS,Web Dashboard,27.0,0.02,1663.14,0.0,FR,0,DEV-2939209016,0,310,Completed,WEB PURCHASE - MICROSOFT 365,Microsoft 365,2025,June,1,0.84,22.68,29.484,0
FLR-ACC-103477,Blessing Adekunle,Individual,NG,NGN,Tier3_Enhanced,2025-01-10,55.36,FLR260620169428,2026-06-20 18:18:03,Saturday,18,MOBILE PURCHASE - DOMINO'S PIZZA,Domino's Pizza,Restaurants,Mobile App,24563.11,1.27,19266.53,0.0,NG,0,DEV-2859842261,0,526,Completed,MOBILE PURCHASE - DOMINO'S PIZZA,Domino'S Pizza,2025,January,10,0.00056,13.7553416,17.88194408,0
FLR-ACC-101341,Chuka Green,Individual,NG,NGN,Tier3_Enhanced,2023-11-19,75.78,FLR260713167561,2026-07-13 13:02:01,Monday,13,MOBILE PURCHASE - BEST BUY,Best Buy,Electronics,Mobile App,89465.0,0.31,290499.19,0.0,NG,0,DEV-1841726475,0,967,Completed,MOBILE PURCHASE - BEST BUY,Best Buy,2023,November,19,0.00056,50.10039999999999,65.13051999999999,0
FLR-ACC-106168,Greenfield Ventures LLC,Business,NG,NGN,Tier1_Basic,2026-02-13,683.57,FLR250911199277,2025-09-11 12:05:22,Thursday,12,MOBILE PURCHASE - IKEJA ELECTRIC,Ikeja Electric,Utilities,Mobile App,1361648.31,0.16,8508699.0,0.0,NG,0,DEV-3365158161,0,0,Completed,MOBILE PURCHASE - IKEJA ELECTRIC,Ikeja Electric,2026,February,13,0.00056,762.5230535999999,991.27996968,1
FLR-ACC-104701,Amaka Balogun,Individual,US,USD,Tier3_Enhanced,2024-03-04,6.33,FLR251125168642,2025-11-25 13:19:36,Tuesday,13,POS PURCHASE - KFC,KFC,Restaurants,Card Present,6.72,1.0,6.72,0.0,US,0,DEV-3920773377,0,631,Completed,POS PURCHASE - KFC,Kfc,2024,March,4,0.77,5.1744,6.72672,0
FLR-ACC-102451,Urban Ventures Co.,Business,NG,NGN,Tier3_Enhanced,2024-05-26,580.76,FLR260616153875,2026-06-16 15:44:33,Tuesday,15,SALARY - SUNRISE TRADING,no_merchant,Payroll Transfer,API/Integration,6033695.38,0.66,9179149.2,0.0,NG,0,DEV-3901352797,0,751,Declined,SALARY - SUNRISE TRADING,Sunrise Trading,2024,May,26,0.00056,3378.8694128,4392.53023664,0
FLR-ACC-106498,Laura Green,Individual,NG,NGN,Tier2_Verified,2024-09-17,60.94,FLR260308102931,2026-03-08 13:51:16,Sunday,13,ATM WITHDRAWAL - ACCESS BANK ATM,Access Bank ATM,ATM Withdrawal,Mobile App,51095.0,1.0,51095.0,0.0,NG,0,DEV-6784657697,0,537,Completed,ATM WITHDRAWAL - ACCESS BANK ATM,Access Bank Atm,2024,September,17,0.00056,28.6132,37.19716,0
FLR-ACC-102376,Blessing Obi,Individual,US,USD,Tier3_Enhanced,2025-05-03,36.34,FLR251129168200,2025-11-29 17:36:55,Saturday,17,POS PURCHASE - MICROSOFT 365,Microsoft 365,Subscription/SaaS,Card Present,1.61,0.03,54.14,0.0,US,0,DEV-4350078585,0,210,Reversed,POS PURCHASE - MICROSOFT 365,Microsoft 365,2025,May,3,0.77,1.2397,1.61161,0
FLR-ACC-102368,Greenfield Ventures Inc,Business,GB,GBP,Tier2_Verified,2025-11-29,940.39,FLR251121118143,2025-11-21 18:19:16,Friday,18,SALARY - URBAN TRADING,no_merchant,Payroll Transfer,API/Integration,4627.69,0.54,8638.67,0.0,GB,0,DEV-4882306041,0,0,Completed,SALARY - URBAN TRADING,Urban Trading,2025,November,29,1.0,4627.69,6015.996999999999,1
FLR-ACC-101876,Aisha Chukwu,Individual,US,USD,Tier2_Verified,2024-04-08,67.16,FLR250517143304,2025-05-17 18:31:53,Saturday,18,POS PURCHASE - COLD STONE CREAMERY,Cold Stone Creamery,Restaurants,Card Present,24.25,0.69,35.25,0.0,US,0,missing_device,-1,404,Completed,POS PURCHASE - COLD STONE CREAMERY,Cold Stone Creamery,2024,April,8,0.77,18.6725,24.27425,0
FLR-ACC-106872,John Eze,Individual,NG,NGN,Tier3_Enhanced,2024-07-12,27.69,FLR250625187436,2025-06-25 23:57:32,Wednesday,23,CNP PURCHASE - APPLE STORE ONLINE,Apple Store Online,Retail,Card Not Present,20891.0,1.94,10750.99,0.0,NG,0,DEV-4132570225,0,348,Completed,CNP PURCHASE - APPLE STORE ONLINE,Apple Store Online,2024,July,12,0.00056,11.69896,15.208648,0
FLR-ACC-105895,Aisha Adekunle,Individual,GB,GBP,Tier1_Basic,2026-03-05,91.2,FLR250727134286,2025-07-27 19:37:42,Sunday,19,USSD PURCHASE - BOLT,Bolt,Travel,USSD,95.77,4.61,20.77,0.0,GB,0,DEV-7712552496,0,0,Reversed,USSD PURCHASE - BOLT,Bolt,2026,March,5,1.0,95.77,124.501,1
FLR-ACC-101376,Musa Bello,Individual,NG,NGN,Tier2_Verified,2024-06-01,60.84,FLR260128105974,2026-01-28 16:31:07,Wednesday,16,POS PURCHASE - THAMES WATER,Thames Water,Utilities,Card Present,80040.0,0.42,188932.92,0.0,NG,0,DEV-8227512727,0,606,Completed,POS PURCHASE - THAMES WATER,Thames Water,2024,June,1,0.00056,44.8224,58.26912,0
FLR-ACC-107124,Emeka Bello,Individual,NG,NGN,Tier3_Enhanced,2026-03-27,28.9,FLR251018146414,2025-10-18 08:13:44,Saturday,8,CNP PURCHASE - LEADWAY ASSURANCE,Leadway Assurance,Insurance,Card Not Present,23412.0,3.74,6260.68,0.0,NG,0,DEV-6941048761,0,0,Completed,CNP PURCHASE - LEADWAY ASSURANCE,Leadway Assurance,2026,March,27,0.00056,13.11072,17.043936000000002,1
FLR-ACC-102125,Sarah Nwosu,Individual,NG,NGN,Tier3_Enhanced,2024-07-26,31.65,FLR250403118484,2025-04-03 13:25:29,Thursday,13,POS PURCHASE - AMAZON,Amazon,Retail,Card Present,37217.24,0.45,82004.2,0.0,NG,0,missing_device,-1,251,Completed,POS PURCHASE - AMAZON,Amazon,2024,July,26,0.00056,20.8416544,27.09415072,0
FLR-ACC-103905,Ngozi Johnson,Individual,US,USD,Tier3_Enhanced,2025-02-24,26.15,FLR260706207371,2026-07-06 22:43:18,Monday,22,CNP PURCHASE - SHOPRITE,Shoprite,Groceries,Card Not Present,9.31,0.86,10.87,0.0,US,0,DEV-2337531176,0,497,Reversed,CNP PURCHASE - SHOPRITE,Shoprite,2025,February,24,0.77,7.1687,9.319310000000002,0
FLR-ACC-101770,Tunde Okafor,Individual,NG,NGN,Tier2_Verified,2024-07-01,52.91,FLR260305165459,2026-03-05 11:07:03,Thursday,11,MOBILE PURCHASE - APPLE STORE ONLINE,Apple Store Online,Retail,Mobile App,36716.14,0.37,98662.08,0.0,NG,0,DEV-9773756401,0,612,Completed,MOBILE PURCHASE - APPLE STORE ONLINE,Apple Store Online,2024,July,1,0.00056,20.5610384,26.72934992,0
FLR-ACC-106227,Blessing Smith,Individual,NG,NGN,Tier3_Enhanced,2025-02-15,66.98,FLR260226120021,2026-02-26 11:24:48,Thursday,11,CNP PURCHASE - IKEJA ELECTRIC,Ikeja Electric,Utilities,Card Not Present,46266.49,1.76,26236.0,0.0,NG,0,DEV-8266613159,0,376,Completed,CNP PURCHASE - IKEJA ELECTRIC,Ikeja Electric,2025,February,15,0.00056,25.909234399999995,33.682004719999995,0
FLR-ACC-104348,Chidi Adekunle,Individual,NG,NGN,Tier3_Enhanced,2023-11-17,117.2,FLR250224134911,2025-02-24 11:02:09,Monday,11,WEB PURCHASE - BET9JA,Bet9ja,Gambling/Gaming,Web Dashboard,87356.56,1.48,59001.46,0.0,NG,0,missing_device,-1,465,Completed,WEB PURCHASE - BET9JA,Bet9Ja,2023,November,17,0.00056,48.9196736,63.59557568,0
FLR-ACC-101374,Silverline Logistics Ltd,Business,NG,NGN,Tier2_Verified,2024-09-15,449.48,FLR260726129554,2026-07-26 13:18:57,Sunday,13,MOBILE PURCHASE - AMAZON,Amazon,Retail,Mobile App,301607.03,0.14,2127079.56,0.0,NG,0,DEV-6618186337,0,679,Completed,MOBILE PURCHASE - AMAZON,Amazon,2024,September,15,0.00056,168.8999368,219.56991784,0
FLR-ACC-103883,Metro Technologies Inc,Business,NG,NGN,Tier2_Verified,2023-06-16,780.29,FLR250927184643,2025-09-27 22:15:12,Saturday,22,SALARY - SUNRISE TEXTILES,no_merchant,Payroll Transfer,API/Integration,4373261.44,0.81,5408317.33,0.0,NG,0,DEV-3141658016,0,834,Completed,SALARY - SUNRISE TEXTILES,Sunrise Textiles,2023,June,16,0.00056,2449.0264064,3183.73432832,0
FLR-ACC-103699,David Hassan,Individual,US,USD,Tier2_Verified,2025-03-08,49.25,FLR260323177911,2026-03-23 18:52:26,Monday,18,POS PURCHASE - SLACK,Slack,Subscription/SaaS,Card Present,2.14,0.16,13.0,0.0,DE,1,DEV-8436192752,0,380,Completed,POS PURCHASE - SLACK,Slack,2025,March,8,0.77,1.6478000000000002,2.1421400000000004,0
FLR-ACC-105878,Mary Johnson,Individual,US,USD,Tier3_Enhanced,2024-10-13,42.87,FLR251219184158,2025-12-19 03:54:05,Friday,3,MOBILE PURCHASE - SPOTIFY,Spotify,Subscription/SaaS,Mobile App,3.77,0.12,31.32,0.0,US,0,DEV-6178249686,0,432,Completed,MOBILE PURCHASE - SPOTIFY,Spotify,2024,October,13,0.77,2.9029000000000003,3.77377,0
FLR-ACC-102044,Ifeoma Chukwu,Individual,NG,NGN,Tier2_Verified,2024-06-13,123.23,FLR251115217599,2025-11-15 23:38:25,Saturday,23,CNP PURCHASE - ABUJA DISCO,Abuja DisCo,Utilities,Card Not Present,88322.26,1.34,65928.55,0.0,NG,0,DEV-4685097395,0,520,Completed,CNP PURCHASE - ABUJA DISCO,Abuja Disco,2024,June,13,0.00056,49.46046559999999,64.29860527999999,0
FLR-ACC-103428,Metro Textiles Ltd,Business,NG,NGN,Tier1_Basic,2026-03-20,390.15,FLR260304103597,2026-03-04 13:47:43,Wednesday,13,INTL WIRE - INTERNATIONAL WIRE REF997787,International Wire,Wire Transfer,API/Integration,10377627.0,1.9,5463420.65,0.0,NG,0,DEV-2884833631,0,0,Completed,INTL WIRE - INTERNATIONAL WIRE REF997787,International Wire Ref997787,2026,March,20,0.00056,5811.471119999999,7554.912455999999,1
FLR-ACC-106826,Silverline Logistics Ltd,Business,GB,GBP,Tier2_Verified,2025-11-28,152.83,FLR250222101002,2025-02-22 13:16:11,Saturday,13,WEB PURCHASE - ABUJA DISCO,Abuja DisCo,Utilities,Web Dashboard,110.99,0.16,708.94,0.0,GB,0,missing_device,-1,0,Completed,WEB PURCHASE - ABUJA DISCO,Abuja Disco,2025,November,28,1.0,110.99,144.287,1
FLR-ACC-103725,Global Media Co.,Business,NG,NGN,Tier3_Enhanced,2025-08-22,888.05,FLR250910118973,2025-09-10 12:25:41,Wednesday,12,SALARY - NORTH BUILDERS,no_merchant,Payroll Transfer,Web Dashboard,7466209.87,0.68,11030849.96,0.0,NG,0,DEV-1238297959,0,19,Completed,SALARY - NORTH BUILDERS,North Builders,2025,August,22,0.00056,4181.0775272,5435.400785360001,0
FLR-ACC-100482,Tobi Obi,Individual,US,USD,Tier3_Enhanced,2024-03-16,143.05,FLR250305220117,2025-03-05 09:26:41,Wednesday,9,WEB PURCHASE - JUMIA MART,Jumia Mart,Groceries,Web Dashboard,53.36,0.47,114.67,0.0,US,0,DEV-8709818272,0,354,Completed,WEB PURCHASE - JUMIA MART,Jumia Mart,2024,March,16,0.77,41.0872,53.41336,0
FLR-ACC-105815,Urban Consulting Ltd,Business,NG,NGN,Tier3_Enhanced,2022-11-20,584.8,FLR251126110121,2025-11-26 15:33:36,Wednesday,15,POS PURCHASE - APPLE STORE ONLINE,Apple Store Online,Retail,Card Present,224053.0,1.0,224053.0,0.0,NG,0,DEV-7814847096,0,1102,Completed,POS PURCHASE - APPLE STORE ONLINE,Apple Store Online,2022,November,20,0.00056,125.46967999999998,163.110584,0
FLR-ACC-106557,Greenfield Textiles Inc,Business,NG,NGN,Tier3_Enhanced,2024-09-27,344.22,FLR260730165061,2026-07-30 20:15:04,Thursday,20,SALARY - GLOBAL VENTURES,no_merchant,Payroll Transfer,Mobile App,4862969.61,2.76,1760722.08,0.0,NG,0,DEV-2330045399,0,671,Completed,SALARY - GLOBAL VENTURES,Global Ventures,2024,September,27,0.00056,2723.2629816,3540.24187608,0
FLR-ACC-106961,Kunle Ibrahim,Individual,NG,NGN,Tier2_Verified,2026-04-28,23.49,FLR260617223826,2026-06-17 11:12:56,Wednesday,11,NIP TRANSFER TO MARY GREEN,no_merchant,P2P Transfer,Mobile App,51703.48,1.0,51703.48,0.0,NG,0,DEV-8492288124,0,50,Completed,NIP TRANSFER - MARY GREEN,Mary Green,2026,April,28,0.00056,28.9539488,37.64013344,0
FLR-ACC-106435,John Okoro,Individual,NG,NGN,Tier3_Enhanced,2023-05-03,65.95,FLR260304133400,2026-03-04 23:14:18,Wednesday,23,ATM WITHDRAWAL - GTBANK ATM,GTBank ATM,ATM Withdrawal,Web Dashboard,11693.0,0.25,46138.94,0.0,NG,0,DEV-4724294555,0,1036,Completed,ATM WITHDRAWAL - GTBANK ATM,Gtbank Atm,2023,May,3,0.00056,6.54808,8.512504,0
FLR-ACC-106546,Sunrise Textiles Inc,Business,US,USD,Tier1_Basic,2026-06-01,968.64,FLR251222100057,2025-12-22 19:25:49,Monday,19,WEB PURCHASE - SAINSBURY'S,Sainsbury's,Groceries,Web Dashboard,355.48,0.1,3694.77,0.0,US,0,DEV-1452820978,0,0,Completed,WEB PURCHASE - SAINSBURY'S,Sainsbury'S,2026,June,1,0.77,273.7196,355.83548,1
FLR-ACC-103297,Apex Media Inc,Business,GB,GBP,Tier2_Verified,2025-05-05,10469.65,FLR260502131300,2026-05-02 23:20:36,Saturday,23,API PURCHASE - BRITISH GAS,British Gas,Utilities,API/Integration,3491.6,0.06,57942.9,0.0,GB,0,DEV-3915705232,0,362,Completed,API PURCHASE - BRITISH GAS,British Gas,2025,May,5,1.0,3491.6,4539.08,0
FLR-ACC-102743,Laura Chukwu,Individual,NG,NGN,Tier3_Enhanced,2023-04-14,62.29,FLR250428103729,2025-04-28 21:29:54,Monday,21,MOBILE PURCHASE - APPLE STORE,Apple Store,Electronics,Mobile App,249871.0,1.02,245871.06,0.0,FR,1,missing_device,-1,745,Completed,MOBILE PURCHASE - APPLE STORE,Apple Store,2023,April,14,0.00056,139.92775999999998,181.906088,0
FLR-ACC-105167,Silverline Builders Co.,Business,NG,NGN,Tier3_Enhanced,2023-03-25,347.87,FLR260317112105,2026-03-17 10:44:06,Tuesday,10,API PURCHASE - TESCO,Tesco,Groceries,API/Integration,164773.35,0.56,293932.0,0.0,NG,0,DEV-2386837447,0,1088,Completed,API PURCHASE - TESCO,Tesco,2023,March,25,0.00056,92.273076,119.9549988,0
FLR-ACC-106390,Urban Logistics Co.,Business,GB,GBP,Tier1_Basic,2022-11-25,359.11,FLR251206110438,2025-12-06 17:03:44,Saturday,17,WEB PURCHASE - CURRYS PC WORLD,Currys PC World,Electronics,Web Dashboard,291.99,0.82,355.0,0.0,GB,0,DEV-9706698298,0,1107,Completed,WEB PURCHASE - CURRYS PC WORLD,Currys Pc World,2022,November,25,1.0,291.99,379.5870000000001,0
FLR-ACC-102745,Silverline Builders Inc,Business,FR,EUR,Tier3_Enhanced,2024-02-15,1079.17,FLR260330114850,2026-03-30 16:22:23,Monday,16,API PURCHASE - KFC,KFC,Restaurants,API/Integration,131.55,0.02,5942.24,0.0,FR,0,DEV-3167953204,0,774,Completed,API PURCHASE - KFC,Kfc,2024,February,15,0.84,110.502,143.6526,0
FLR-ACC-102675,Ben Brown,Individual,US,USD,Tier2_Verified,2024-03-23,159.96,FLR250725114262,2025-07-25 10:31:24,Friday,10,NIP TRANSFER TO KEMI ADEYEMI,no_merchant,P2P Transfer,USSD,245.42,1.34,182.54,0.0,US,0,DEV-5471482613,0,489,Completed,NIP TRANSFER - KEMI ADEYEMI,Kemi Adeyemi,2024,March,23,0.77,188.9734,245.66542,0
FLR-ACC-100805,Bluewave Builders Ltd,Business,NG,NGN,Tier3_Enhanced,2024-10-10,921.11,FLR250324124496,2025-03-24 10:55:20,Monday,10,API PURCHASE - BOLT,Bolt,Travel,API/Integration,3497132.55,0.25,13884936.33,0.0,NG,0,DEV-2113156648,0,165,Completed,API PURCHASE - BOLT,Bolt,2024,October,10,0.00056,1958.394228,2545.9124964,0
FLR-ACC-105542,John Williams,Individual,US,USD,Tier2_Verified,2025-03-04,55.46,FLR250208217618,2025-02-08 19:00:16,Saturday,19,MOBILE PURCHASE - SPOTIFY,Spotify,Subscription/SaaS,Mobile App,3.0,1.0,3.0,0.0,US,0,DEV-1268199013,0,0,Completed,MOBILE PURCHASE - SPOTIFY,Spotify,2025,March,4,0.77,2.31,3.003,1
FLR-ACC-104391,Prime Trading Co.,Business,NG,NGN,Tier3_Enhanced,2024-02-18,646.52,FLR251227130494,2025-12-27 14:34:38,Saturday,14,WEB PURCHASE - BEST BUY,Best Buy,Electronics,Web Dashboard,1168915.26,0.32,3678971.29,0.0,NG,0,DEV-7420147255,0,678,Completed,WEB PURCHASE - BEST BUY,Best Buy,2024,February,18,0.00056,654.5925456,850.97030928,0
FLR-ACC-106562,Olu Chukwu,Individual,US,USD,Tier3_Enhanced,2025-06-11,16.03,FLR260301210890,2026-03-01 20:01:06,Sunday,20,ATM WITHDRAWAL - ACCESS BANK ATM,Access Bank ATM,ATM Withdrawal,Mobile App,6.0,1.0,6.0,0.0,US,0,DEV-1010981835,0,263,Completed,ATM WITHDRAWAL - ACCESS BANK ATM,Access Bank Atm,2025,June,11,0.77,4.62,6.006,0
FLR-ACC-100620,John Smith,Individual,NG,NGN,Tier2_Verified,2023-04-29,126.36,FLR251009162512,2025-10-09 12:15:24,Thursday,12,CNP PURCHASE - MICROSOFT 365,Microsoft 365,Subscription/SaaS,Card Not Present,16310.81,0.05,311078.41,0.0,NG,0,DEV-9405972416,0,894,Completed,CNP PURCHASE - MICROSOFT 365,Microsoft 365,2023,April,29,0.00056,9.1340536,11.87426968,0
FLR-ACC-100819,Michael Hassan,Individual,US,USD,Tier3_Enhanced,2024-07-11,77.71,FLR250519165289,2025-05-19 09:24:15,Monday,9,MOBILE PURCHASE - GOTV,GOtv,Subscription/SaaS,Mobile App,3.98,0.18,22.0,0.0,US,0,DEV-4516549496,0,312,Completed,MOBILE PURCHASE - GOTV,Gotv,2024,July,11,0.77,3.0646,3.98398,0
FLR-ACC-105945,Michael Brown,Individual,US,USD,Tier3_Enhanced,2023-01-05,12.16,FLR251205124406,2025-12-05 08:49:21,Friday,8,NIP TRANSFER TO TUNDE ADEKUNLE,no_merchant,P2P Transfer,Mobile App,7.47,1.5,4.99,0.0,US,0,DEV-6158521097,0,1065,Declined,NIP TRANSFER - TUNDE ADEKUNLE,Tunde Adekunle,2023,January,5,0.77,5.7519,7.47747,0
FLR-ACC-104949,Tobi Eze,Individual,FR,EUR,Tier2_Verified,2026-06-15,111.3,FLR250919119598,2025-09-19 09:22:27,Friday,9,USSD PURCHASE - RELIANCE HMO,Reliance HMO,Healthcare,USSD,58.0,0.34,168.67,0.0,FR,0,DEV-4882420576,0,0,Completed,USSD PURCHASE - RELIANCE HMO,Reliance Hmo,2026,June,15,0.84,48.72,63.336,1
FLR-ACC-104510,Amaka Adeyemi,Individual,NG,NGN,Tier2_Verified,2025-09-04,108.14,FLR250424187795,2025-04-24 15:49:01,Thursday,15,CNP PURCHASE - AMAZON,Amazon,Retail,Card Not Present,51868.36,0.13,400049.0,0.0,NG,0,DEV-3661936840,0,0,Completed,CNP PURCHASE - AMAZON,Amazon,2025,September,4,0.00056,29.0462816,37.760166080000005,1
FLR-ACC-106967,Sunrise Ventures Inc,Business,NG,NGN,Tier3_Enhanced,2024-06-07,277.69,FLR250307118171,2025-03-07 20:25:06,Friday,20,INTL WIRE - INTERNATIONAL WIRE REF567149,International Wire,Wire Transfer,API/Integration,2641199.0,1.81,1460129.04,0.0,NG,0,missing_device,-1,273,Declined,INTL WIRE - INTERNATIONAL WIRE REF567149,International Wire Ref567149,2024,June,7,0.00056,1479.07144,1922.792872,0
FLR-ACC-100009,David Johnson,Individual,US,USD,Tier1_Basic,2024-12-20,87.67,FLR251126103794,2025-11-26 10:18:51,Wednesday,10,MOBILE PURCHASE - BRITISH AIRWAYS,British Airways,Travel,Mobile App,154.0,2.77,55.68,0.0,US,0,DEV-1535127849,0,341,Completed,MOBILE PURCHASE - BRITISH AIRWAYS,British Airways,2024,December,20,0.77,118.58,154.154,0
FLR-ACC-100003,Femi Adeyemi,Individual,NG,NGN,Tier3_Enhanced,2025-09-15,19.18,FLR250812161590,2025-08-12 09:24:17,Tuesday,9,MOBILE PURCHASE - NOTION,Notion,Subscription/SaaS,Mobile App,1248.13,1.0,1248.13,0.0,NG,0,DEV-1814801537,0,0,Completed,MOBILE PURCHASE - NOTION,Notion,2025,September,15,0.00056,0.6989528,0.90863864,1
FLR-ACC-101708,Ruth Adekunle,Individual,US,USD,Tier2_Verified,2025-09-28,27.08,FLR260207182748,2026-02-07 07:16:41,Saturday,7,WEB PURCHASE - CONED,ConEd,Utilities,Web Dashboard,9.1,1.0,9.1,0.0,US,0,DEV-5593309290,0,132,Completed,WEB PURCHASE - CONED,Coned,2025,September,28,0.77,7.007,9.1091,0
FLR-ACC-100664,Grace Bello,Individual,GB,GBP,Tier2_Verified,2025-11-18,48.91,FLR260126219744,2026-01-26 17:45:24,Monday,17,MOBILE PURCHASE - CONED,ConEd,Utilities,Mobile App,14.0,0.22,64.89,0.0,GB,0,DEV-4208400446,0,69,Completed,MOBILE PURCHASE - CONED,Coned,2025,November,18,1.0,14.0,18.2,0
FLR-ACC-101374,Silverline Logistics Ltd,Business,NG,NGN,Tier2_Verified,2024-09-15,449.48,FLR260228147059,2026-02-28 12:44:28,Saturday,12,INTL WIRE - INTERNATIONAL WIRE REF266186,International Wire,Wire Transfer,API/Integration,7375697.0,3.02,2444125.54,0.0,NG,0,DEV-6618186337,0,531,Completed,INTL WIRE - INTERNATIONAL WIRE REF266186,International Wire Ref266186,2024,September,15,0.00056,4130.39032,5369.507416,0
FLR-ACC-104536,Apex Textiles Inc,Business,NG,NGN,Tier3_Enhanced,2024-08-07,171.19,FLR260625143245,2026-06-25 11:06:12,Thursday,11,MOBILE PURCHASE - UBER,Uber,Travel,Mobile App,719549.28,0.6,1200623.18,0.0,NG,0,DEV-1393494355,0,687,Completed,MOBILE PURCHASE - UBER,Uber,2024,August,7,0.00056,402.9475968,523.83187584,0
FLR-ACC-102257,Peter Yusuf,Individual,NG,NGN,Tier2_Verified,2024-07-19,102.1,FLR260227183070,2026-02-27 16:14:18,Friday,16,SALARY - BLUEWAVE FOODS,no_merchant,Payroll Transfer,Card Present,1666415.16,1.0,1666415.16,0.0,NG,0,DEV-4345713193,0,588,Completed,SALARY - BLUEWAVE FOODS,Bluewave Foods,2024,July,19,0.00056,933.1924895999998,1213.15023648,0
FLR-ACC-101918,Mary Okoro,Individual,NG,NGN,Tier2_Verified,2024-10-17,186.6,FLR260411222383,2026-04-11 21:34:31,Saturday,21,ATM WITHDRAWAL - CHASE ATM,Chase ATM,ATM Withdrawal,Card Not Present,255099.57,1.0,255099.57,0.0,US,1,DEV-4398078396,0,541,Completed,ATM WITHDRAWAL - CHASE ATM,Chase Atm,2024,October,17,0.00056,142.8557592,185.71248696,0
FLR-ACC-101558,Emeka Eze,Individual,DE,EUR,Tier2_Verified,2025-12-17,99.59,FLR251214138752,2025-12-14 17:12:33,Sunday,17,CNP PURCHASE - SPOTIFY,Spotify,Subscription/SaaS,Card Not Present,4.69,0.1,45.92,0.0,DE,0,DEV-9484191457,0,0,Completed,CNP PURCHASE - SPOTIFY,Spotify,2025,December,17,0.84,3.9396,5.12148,1
FLR-ACC-106795,Michael Adekunle,Individual,US,USD,Tier3_Enhanced,2025-09-22,112.97,FLR251107120739,2025-11-07 13:16:25,Friday,13,ATM WITHDRAWAL - BARCLAYS ATM,Barclays ATM,ATM Withdrawal,Web Dashboard,27.32,0.0,5942.24,0.0,US,0,DEV-3822605639,0,46,Completed,ATM WITHDRAWAL - BARCLAYS ATM,Barclays Atm,2025,September,22,0.77,21.0364,27.34732,0
FLR-ACC-106041,Sunrise Retail LLC,Business,US,USD,Tier2_Verified,2025-02-05,152.44,FLR251204100221,2025-12-04 23:46:26,Thursday,23,API PURCHASE - ABUJA DISCO,Abuja DisCo,Utilities,API/Integration,79.0,0.18,429.54,0.0,US,0,DEV-1090442105,0,302,Completed,API PURCHASE - ABUJA DISCO,Abuja Disco,2025,February,5,0.77,60.83,79.079,0
FLR-ACC-103606,Amaka Hassan,Individual,NG,NGN,Tier2_Verified,2025-04-10,223.37,FLR260823129688,2026-08-23 12:11:24,Sunday,12,POS PURCHASE - SAINSBURY'S,Sainsbury'S,Groceries,Card Present,73574.0,0.16,450463.54,0.0,NG,0,DEV-5827025131,0,500,Completed,POS PURCHASE - SAINSBURY'S,Sainsbury'S,2025,April,10,0.00056,41.20144,53.561872,0
FLR-ACC-105470,Chuka Adekunle,Individual,NG,NGN,Tier2_Verified,2024-03-16,80.88,FLR260607100348,2026-06-07 14:30:10,Sunday,14,WEB PURCHASE - AIRBNB,Airbnb,Travel,Web Dashboard,305132.0,4.95,61696.0,0.0,NG,0,DEV-8609677441,0,813,Completed,WEB PURCHASE - AIRBNB,Airbnb,2024,March,16,0.00056,170.87392,222.136096,0
FLR-ACC-107040,Urban Textiles Inc,Business,GB,GBP,Tier3_Enhanced,2024-11-20,110.22,FLR260830123759,2026-08-30 09:59:41,Sunday,9,WEB PURCHASE - WHOLE FOODS,Whole Foods,Groceries,Web Dashboard,31.0,0.01,5942.24,0.0,GB,0,DEV-9921871439,0,648,Completed,WEB PURCHASE - WHOLE FOODS,Whole Foods,2024,November,20,1.0,31.0,40.3,0
FLR-ACC-103606,Amaka Hassan,Individual,NG,NGN,Tier2_Verified,2025-04-10,223.37,FLR260219102428,2026-02-19 13:47:04,Thursday,13,MOBILE PURCHASE - BINANCE,Binance,Crypto Exchange,Mobile App,469616.0,1.56,301405.81,0.0,NG,0,DEV-5827025131,0,315,Completed,MOBILE PURCHASE - BINANCE,Binance,2025,April,10,0.00056,262.98496,341.880448,0
FLR-ACC-102189,Sunrise Ventures Inc,Business,NG,NGN,Tier1_Basic,2025-12-18,237.88,FLR251126186477,2025-11-26 20:04:24,Wednesday,20,SALARY - APEX TEXTILES,no_merchant,Payroll Transfer,Mobile App,1490455.12,0.77,1930027.09,0.0,NG,0,DEV-2285344798,1,0,Completed,SALARY - APEX TEXTILES,Apex Textiles,2025,December,18,0.00056,834.6548672,1085.05132736,1
FLR-ACC-106025,Silverline Builders Ltd,Business,FR,EUR,Tier2_Verified,2025-12-14,328.69,FLR250920200654,2025-09-20 18:55:11,Saturday,18,SALARY - NORTH LOGISTICS,no_merchant,Payroll Transfer,API/Integration,2820.45,20.9,134.96,0.0,FR,0,DEV-2236818939,0,0,Completed,SALARY - NORTH LOGISTICS,North Logistics,2025,December,14,0.84,2369.178,3079.9314,1
FLR-ACC-103453,Greenfield Retail Ltd,Business,US,USD,Tier3_Enhanced,2025-04-13,1533.32,FLR250926224668,2025-09-26 06:13:54,Friday,6,CNP PURCHASE - SPOTIFY,Spotify,Subscription/SaaS,Card Not Present,80.68,0.07,1221.16,0.0,US,0,DEV-1416801208,0,166,Completed,CNP PURCHASE - SPOTIFY,Spotify,2025,April,13,0.77,62.1236,80.76068000000001,0
FLR-ACC-102492,Musa Bello,Individual,NG,NGN,Tier2_Verified,2024-12-26,131.13,FLR250206120624,2025-02-06 06:24:28,Thursday,6,ATM WITHDRAWAL - ACCESS BANK ATM,Access Bank ATM,ATM Withdrawal,Card Not Present,54302.37,0.69,78264.49,0.0,NG,0,missing_device,-1,42,Completed,ATM WITHDRAWAL - ACCESS BANK ATM,Access Bank Atm,2024,December,26,0.00056,30.4093272,39.53212536,0
FLR-ACC-106252,Metro Builders Inc,Business,NG,NGN,Tier2_Verified,2025-11-15,338.23,FLR260615142410,2026-06-15 10:53:27,Monday,10,INTL WIRE - INTERNATIONAL WIRE REF279370,International Wire,Wire Transfer,Web Dashboard,1853187.6,2.02,915838.67,0.0,NG,0,DEV-8776029442,0,212,Completed,INTL WIRE - INTERNATIONAL WIRE REF279370,International Wire Ref279370,2025,November,15,0.00056,1037.785056,1349.1205728,0
FLR-ACC-101713,Blessing Williams,Individual,GB,GBP,Tier2_Verified,2025-05-06,176.08,FLR260416108995,2026-04-16 00:40:59,Thursday,0,CNP PURCHASE - JUMIA,Jumia,Retail,Card Not Present,94.02,2.78,33.79,0.0,GB,0,DEV-4426292438,1,345,Declined,CNP PURCHASE - JUMIA,Jumia,2025,May,6,1.0,94.02,122.226,0
FLR-ACC-104691,Ifeoma Hassan,Individual,US,USD,Tier2_Verified,2023-11-10,49.14,FLR250309183318,2025-03-09 19:49:14,Sunday,19,SALARY - GLOBAL VENTURES,no_merchant,Payroll Transfer,Card Not Present,119.03,0.63,189.74,0.0,US,0,missing_device,-1,485,Completed,SALARY - GLOBAL VENTURES,Global Ventures,2023,November,10,0.77,91.6531,119.14903,0
FLR-ACC-106777,Greenfield Technologies Inc,Business,NG,NGN,Tier2_Verified,2025-12-04,211.04,FLR251110157527,2025-11-10 14:47:26,Monday,14,SALARY - URBAN TECHNOLOGIES,no_merchant,Payroll Transfer,Card Not Present,1277791.0,1.0,1277791.0,0.0,NG,0,DEV-1592781061,0,0,Completed,SALARY - URBAN TECHNOLOGIES,Urban Technologies,2025,December,4,0.00056,715.56296,930.231848,1
FLR-ACC-100796,Tunde Balogun,Individual,GB,GBP,Tier3_Enhanced,2024-07-01,64.83,FLR260316162669,2026-03-16 18:41:13,Monday,18,WEB PURCHASE - KFC,KFC,Restaurants,Web Dashboard,6.4,1.0,6.4,0.0,GB,0,DEV-7823259031,0,623,Declined,WEB PURCHASE - KFC,Kfc,2024,July,1,1.0,6.4,8.32,0
FLR-ACC-101117,Michael Taylor,Individual,NG,NGN,Tier1_Basic,2023-10-08,50.12,FLR250827162984,2025-08-27 18:02:43,Wednesday,18,MOBILE PURCHASE - BEST BUY,Best Buy,Electronics,Mobile App,100348.69,5.25,19105.45,0.0,NG,0,DEV-8142006904,0,689,Completed,MOBILE PURCHASE - BEST BUY,Best Buy,2023,October,8,0.00056,56.1952664,73.05384632,0
FLR-ACC-102616,Grace Smith,Individual,NG,NGN,Tier1_Basic,2024-10-30,27.03,FLR260122148096,2026-01-22 21:05:34,Thursday,21,MOBILE PURCHASE - BET9JA,Bet9Ja,Gambling/Gaming,Mobile App,9940.58,0.49,20210.0,0.0,NG,0,DEV-9697834809,0,449,Completed,MOBILE PURCHASE - BET9JA,Bet9Ja,2024,October,30,0.00056,5.566724799999999,7.236742239999999,0
FLR-ACC-105413,Apex Textiles Co.,Business,GB,GBP,Tier1_Basic,2024-11-02,1036.1,FLR251122149086,2025-11-22 15:59:33,Saturday,15,MOBILE PURCHASE - GOTV,GOtv,Subscription/SaaS,Mobile App,32.54,0.02,1319.97,0.0,GB,0,DEV-5959145384,0,385,Completed,MOBILE PURCHASE - GOTV,Gotv,2024,November,2,1.0,32.54,42.302,0
FLR-ACC-105093,Mary Johnson,Individual,US,USD,Tier2_Verified,2025-07-17,239.21,FLR251003150689,2025-10-03 09:43:52,Friday,9,POS PURCHASE - SHOPRITE,Shoprite,Groceries,Card Present,78.71,0.86,91.23,0.0,US,0,DEV-6449563630,0,78,Completed,POS PURCHASE - SHOPRITE,Shoprite,2025,July,17,0.77,60.6067,78.78871,0
FLR-ACC-105771,Mary Green,Individual,US,USD,Tier2_Verified,2025-09-30,59.4,FLR260427181155,2026-04-27 16:02:35,Monday,16,WEB PURCHASE - BRITISH GAS,British Gas,Utilities,Web Dashboard,45.0,1.78,25.28,0.0,US,0,DEV-2918541498,0,209,Completed,WEB PURCHASE - BRITISH GAS,British Gas,2025,September,30,0.77,34.65,45.045,0
FLR-ACC-102334,North Logistics Co.,Business,NG,NGN,Tier3_Enhanced,2024-12-10,415.42,FLR260707154362,2026-07-07 20:21:18,Tuesday,20,MOBILE PURCHASE - JUMIA,Jumia,Retail,Mobile App,289859.0,0.02,14431842.38,0.0,NG,0,DEV-9029749313,0,574,Completed,MOBILE PURCHASE - JUMIA,Jumia,2024,December,10,0.00056,162.32103999999998,211.017352,0
FLR-ACC-106096,Daniel Williams,Individual,GB,GBP,Tier3_Enhanced,2023-03-27,64.01,FLR250901116767,2025-09-01 14:32:24,Monday,14,WEB PURCHASE - ASOS,ASOS,Retail,Web Dashboard,35.69,0.64,55.97,0.0,GB,0,DEV-2670314539,0,889,Completed,WEB PURCHASE - ASOS,Asos,2023,March,27,1.0,35.69,46.397,0
FLR-ACC-104989,Apex Logistics LLC,Business,GB,GBP,Tier1_Basic,2025-09-06,205.99,FLR260121129489,2026-01-21 10:24:58,Wednesday,10,INTL WIRE - INTERNATIONAL WIRE REF316703,International Wire,Wire Transfer,Mobile App,1764.11,1.0,1764.11,0.0,GB,0,DEV-2691508283,0,137,Completed,INTL WIRE - INTERNATIONAL WIRE REF316703,International Wire Ref316703,2025,September,6,1.0,1764.11,2293.343,0
FLR-ACC-102601,Mary Eze,Individual,NG,NGN,Tier2_Verified,2023-01-25,32.17,FLR260816216760,2026-08-16 06:21:02,Sunday,6,MOBILE PURCHASE - EEDC,EEDC,Utilities,Mobile App,16709.55,0.41,40756.62,0.0,NG,0,DEV-8388612453,0,1299,Completed,MOBILE PURCHASE - EEDC,Eedc,2023,January,25,0.00056,9.357347999999998,12.164552399999998,0
FLR-ACC-105230,Emeka Bello,Individual,NG,NGN,Tier3_Enhanced,2023-10-11,68.0,FLR260123134556,2026-01-23 18:52:41,Friday,18,MOBILE PURCHASE - ADOBE CREATIVE CLOUD,Adobe Creative Cloud,Subscription/SaaS,Mobile App,5377.75,0.08,64674.76,0.0,NG,0,DEV-6813255081,0,835,Declined,MOBILE PURCHASE - ADOBE CREATIVE CLOUD,Adobe Creative Cloud,2023,October,11,0.00056,3.01154,3.915002,0
FLR-ACC-102250,Chidi Bello,Individual,GB,GBP,Tier2_Verified,2023-07-10,28.76,FLR251026225833,2025-10-26 18:36:50,Sunday,18,ATM WITHDRAWAL - BARCLAYS ATM,Barclays ATM,ATM Withdrawal,Card Not Present,4.0,0.32,12.45,0.0,DE,1,DEV-4730333501,0,839,Completed,ATM WITHDRAWAL - BARCLAYS ATM,Barclays Atm,2023,July,10,1.0,4.0,5.2,0
FLR-ACC-101379,North Textiles Inc,Business,FR,EUR,Tier2_Verified,2023-11-29,712.15,FLR250927127886,2025-09-27 20:17:31,Saturday,20,INTL WIRE - INTERNATIONAL WIRE REF886916,International Wire,Wire Transfer,Web Dashboard,11456.85,23.56,486.35,0.0,FR,0,DEV-3105511355,0,668,Completed,INTL WIRE - INTERNATIONAL WIRE REF886916,International Wire Ref886916,2023,November,29,0.84,9623.754,12510.8802,0
FLR-ACC-101209,Metro Ventures Ltd,Business,NG,NGN,Tier2_Verified,2025-09-21,728.33,FLR251207102882,2025-12-07 09:41:58,Sunday,9,WEB PURCHASE - KFC,KFC,Restaurants,Web Dashboard,201580.0,0.05,4384927.94,0.0,NG,0,DEV-1174242983,0,77,Completed,WEB PURCHASE - KFC,Kfc,2025,September,21,0.00056,112.88479999999998,146.75024,0
FLR-ACC-103975,Kunle Ibrahim,Individual,FR,EUR,Tier1_Basic,2025-07-26,40.42,FLR260823191699,2026-08-23 12:59:24,Sunday,12,POS PURCHASE - ASOS,ASOS,Retail,Card Present,14.0,0.23,59.72,0.0,FR,0,DEV-9394844045,1,393,Completed,POS PURCHASE - ASOS,Asos,2025,July,26,0.84,11.76,15.288,0
FLR-ACC-101590,Mary Johnson,Individual,FR,EUR,Tier2_Verified,2026-03-21,41.26,FLR250416197392,2025-04-16 18:39:09,Wednesday,18,NIP TRANSFER TO FEMI TAYLOR,no_merchant,P2P Transfer,API/Integration,20.53,0.72,28.7,0.0,FR,0,missing_device,-1,0,Completed,NIP TRANSFER - FEMI TAYLOR,Femi Taylor,2026,March,21,0.84,17.2452,22.41876,1
FLR-ACC-101993,Prime Trading LLC,Business,GB,GBP,Tier2_Verified,2025-11-09,183.64,FLR250824129423,2025-08-24 17:21:32,Sunday,17,WEB PURCHASE - SLOT SYSTEMS,Slot Systems,Electronics,Web Dashboard,133.25,0.85,156.76,0.0,GB,0,DEV-1793962328,0,0,Completed,WEB PURCHASE - SLOT SYSTEMS,Slot Systems,2025,November,9,1.0,133.25,173.225,1
FLR-ACC-105826,Bluewave Consulting Co.,Business,US,USD,Tier2_Verified,2024-03-06,811.15,FLR250515205007,2025-05-15 19:38:14,Thursday,19,WEB PURCHASE - BOLT,Bolt,Travel,Web Dashboard,1716.19,0.46,3709.52,0.0,US,0,missing_device,-1,435,Declined,WEB PURCHASE - BOLT,Bolt,2024,March,6,0.77,1321.4663,1717.9061900000002,0
FLR-ACC-103001,North Consulting Ltd,Business,FR,EUR,Tier1_Basic,2025-06-07,437.27,FLR260427197075,2026-04-27 18:03:21,Monday,18,WEB PURCHASE - KONGA,Konga,Retail,Web Dashboard,140.19,0.04,3286.81,0.0,FR,0,DEV-4089647107,0,324,Completed,WEB PURCHASE - KONGA,Konga,2025,June,7,0.84,117.7596,153.08748,0
FLR-ACC-105135,Tobi Balogun,Individual,US,USD,Tier1_Basic,2026-04-26,76.21,FLR251126189852,2025-11-26 21:17:47,Wednesday,21,POS PURCHASE - AIR PEACE,Air Peace,Travel,Card Present,230.28,3.87,59.54,0.0,US,0,DEV-2173537111,0,0,Completed,POS PURCHASE - AIR PEACE,Air Peace,2026,April,26,0.77,177.31560000000002,230.51028,1
FLR-ACC-102567,Chioma Fashola,Individual,NG,NGN,Tier3_Enhanced,2023-02-07,124.52,FLR260525133035,2026-05-25 17:15:35,Monday,17,WEB PURCHASE - SAINSBURY'S,Sainsbury's,Groceries,Web Dashboard,61006.74,0.59,103658.98,0.0,NG,0,DEV-4074040523,0,1203,Completed,WEB PURCHASE - SAINSBURY'S,Sainsbury'S,2023,February,7,0.00056,34.163774399999994,44.41290672,0
FLR-ACC-103324,Kunle Ibrahim,Individual,FR,EUR,Tier2_Verified,2025-12-12,60.43,FLR250613211602,2025-06-13 07:31:33,Friday,7,CNP PURCHASE - BET9JA,Bet9ja,Gambling/Gaming,Card Not Present,15.49,0.38,41.0,0.0,FR,0,DEV-5858121380,0,0,Completed,CNP PURCHASE - BET9JA,Bet9Ja,2025,December,12,0.84,13.0116,16.91508,1
FLR-ACC-106050,Metro Builders Co.,Business,GB,GBP,Tier3_Enhanced,2024-05-29,356.48,FLR260826179645,2026-08-26 14:10:45,Wednesday,14,WEB PURCHASE - AVIVA,Aviva,Insurance,Web Dashboard,212.72,0.24,875.26,0.0,GB,0,DEV-8404820558,0,819,Completed,WEB PURCHASE - AVIVA,Aviva,2024,May,29,1.0,212.72,276.536,0
FLR-ACC-104022,Global Ventures Inc,Business,NG,NGN,Tier2_Verified,2024-07-17,498.2,FLR251230146226,2025-12-30 14:26:09,Tuesday,14,WEB PURCHASE - RELIANCE HMO,Reliance HMO,Healthcare,Web Dashboard,557929.2,0.23,2453743.8,0.0,NG,0,DEV-2716067098,0,531,Completed,WEB PURCHASE - RELIANCE HMO,Reliance Hmo,2024,July,17,0.00056,312.440352,406.1724576,0
FLR-ACC-103855,Yetunde Bello,Individual,NG,NGN,Tier2_Verified,2024-11-17,127.54,FLR250610150228,2025-06-10 13:51:04,Tuesday,13,MOBILE PURCHASE - ABUJA DISCO,Abuja DisCo,Utilities,Mobile App,103616.0,1.0,103616.0,0.0,NG,0,DEV-8181046423,0,205,Completed,MOBILE PURCHASE - ABUJA DISCO,Abuja Disco,2024,November,17,0.00056,58.02495999999999,75.432448,0
FLR-ACC-103920,Sunrise Trading LLC,Business,NG,NGN,Tier2_Verified,2023-06-01,1085.17,FLR250422185837,2025-04-22 10:41:29,Tuesday,10,INTL WIRE - INTERNATIONAL WIRE REF982202,International Wire,Wire Transfer,Web Dashboard,6274643.93,0.34,18688294.52,0.0,NG,0,missing_device,-1,691,Completed,INTL WIRE - INTERNATIONAL WIRE REF982202,International Wire Ref982202,2023,June,1,0.00056,3513.8006008,4567.940781040001,0
FLR-ACC-103198,Silverline Foods Ltd,Business,US,USD,Tier2_Verified,2025-11-05,189.27,FLR251126169975,2025-11-26 10:13:14,Wednesday,10,INTL WIRE - INTERNATIONAL WIRE REF523146,International Wire,Wire Transfer,API/Integration,2292.8,1.99,1153.37,0.0,US,0,DEV-2151788918,0,21,Completed,INTL WIRE - INTERNATIONAL WIRE REF523146,International Wire Ref523146,2025,November,5,0.77,1765.456,2295.0928,0
FLR-ACC-101374,Silverline Logistics Ltd,Business,NG,NGN,Tier2_Verified,2024-09-15,449.48,FLR260813220873,2026-08-13 23:27:50,Thursday,23,SALARY - GLOBAL RETAIL,no_merchant,Payroll Transfer,Mobile App,24603353.0,9.71,2533998.88,0.0,NG,0,DEV-6618186337,0,697,Completed,SALARY - GLOBAL RETAIL,Global Retail,2024,September,15,0.00056,13777.87768,17911.240984,0
FLR-ACC-102830,Tobi Yusuf,Individual,NG,NGN,Tier1_Basic,2025-05-11,23.3,FLR251104218812,2025-11-04 18:50:44,Tuesday,18,ATM WITHDRAWAL - ZENITH ATM,Zenith ATM,ATM Withdrawal,Web Dashboard,10387.16,1.0,10387.16,0.0,NG,0,DEV-6433598125,0,177,Completed,ATM WITHDRAWAL - ZENITH ATM,Zenith Atm,2025,May,11,0.00056,5.816809599999999,7.561852479999999,0
FLR-ACC-101815,Bluewave Trading Ltd,Business,NG,NGN,Tier3_Enhanced,2023-12-10,202.23,FLR251002182403,2025-10-02 22:08:04,Thursday,22,API PURCHASE - ABUJA DISCO,Abuja DisCo,Utilities,API/Integration,203177.0,0.13,1584805.72,0.0,NG,0,DEV-2775633947,0,662,Completed,API PURCHASE - ABUJA DISCO,Abuja Disco,2023,December,10,0.00056,113.77912,147.912856,0
FLR-ACC-102383,Ifeoma Hassan,Individual,NG,NGN,Tier3_Enhanced,2023-08-25,158.3,FLR260612181372,2026-06-12 14:30:27,Friday,14,SALARY - URBAN VENTURES,no_merchant,Payroll Transfer,Card Present,1353590.34,6.06,223374.8,0.0,NG,0,DEV-3432584449,0,1022,Completed,SALARY - URBAN VENTURES,Urban Ventures,2023,August,25,0.00056,758.0105904,985.41376752,0
FLR-ACC-103838,David Taylor,Individual,GB,GBP,Tier1_Basic,2023-10-24,174.95,FLR260208160930,2026-02-08 13:40:19,Sunday,13,USSD PURCHASE - NANDO'S,Nando's,Restaurants,USSD,11.89,0.17,69.0,0.0,GB,0,DEV-6908433776,0,838,Completed,USSD PURCHASE - NANDO'S,Nando'S,2023,October,24,1.0,11.89,15.457,0
FLR-ACC-100088,Kunle Yusuf,Individual,DE,EUR,Tier1_Basic,2026-02-23,41.49,FLR260424187368,2026-04-24 11:31:03,Friday,11,USSD PURCHASE - CURRYS PC WORLD,Currys PC World,Electronics,USSD,134.14,6.37,21.05,0.0,DE,0,DEV-8399989343,0,60,Completed,USSD PURCHASE - CURRYS PC WORLD,Currys Pc World,2026,February,23,0.84,112.67759999999998,146.48087999999998,0
FLR-ACC-103688,Chidi Taylor,Individual,GB,GBP,Tier2_Verified,2024-11-04,75.8,FLR250322195575,2025-03-22 20:54:34,Saturday,20,API PURCHASE - DOMINO'S PIZZA,Domino's Pizza,Restaurants,API/Integration,11.22,0.4,27.83,0.0,GB,0,missing_device,-1,138,Completed,API PURCHASE - DOMINO'S PIZZA,Domino'S Pizza,2024,November,4,1.0,11.22,14.586000000000002,0
FLR-ACC-103311,Amaka Hassan,Individual,GB,GBP,Tier2_Verified,2024-09-19,179.42,FLR250515131125,2025-05-15 11:00:52,Thursday,11,MOBILE PURCHASE - BOLT,Bolt,Travel,Mobile App,341.89,6.99,48.92,0.0,GB,0,missing_device,-1,238,Completed,MOBILE PURCHASE - BOLT,Bolt,2024,September,19,1.0,341.89,444.457,0
FLR-ACC-102250,Chidi Bello,Individual,GB,GBP,Tier2_Verified,2023-07-10,28.76,FLR251101105954,2025-11-01 04:06:26,Saturday,4,WEB PURCHASE - AIRBNB,Airbnb,Travel,Web Dashboard,56.0,4.7,11.91,0.0,GB,0,DEV-4730333501,0,845,Completed,WEB PURCHASE - AIRBNB,Airbnb,2023,July,10,1.0,56.0,72.8,0
FLR-ACC-104533,Bluewave Textiles LLC,Business,DE,EUR,Tier2_Verified,2026-04-10,296.43,FLR260203164486,2026-02-03 05:51:47,Tuesday,5,POS PURCHASE - THAMES WATER,Thames Water,Utilities,Card Present,327.61,0.29,1136.0,0.0,DE,0,DEV-3933373127,0,0,Completed,POS PURCHASE - THAMES WATER,Thames Water,2026,April,10,0.84,275.1924,357.75012000000004,1
FLR-ACC-105263,Tobi Williams,Individual,NG,NGN,Tier3_Enhanced,2024-11-20,205.21,FLR260714135694,2026-07-14 12:03:56,Tuesday,12,POS PURCHASE - JUMIA MART,Jumia Mart,Groceries,Card Present,327680.4,3.52,93104.07,0.0,NG,0,DEV-8262098174,0,601,Completed,POS PURCHASE - JUMIA MART,Jumia Mart,2024,November,20,0.00056,183.501024,238.5513312,0
FLR-ACC-104456,Bluewave Trading LLC,Business,US,USD,Tier3_Enhanced,2024-08-03,836.47,FLR250904100406,2025-09-04 21:50:20,Thursday,21,WEB PURCHASE - AIR PEACE,Air Peace,Travel,Web Dashboard,2196.71,0.31,7138.82,0.0,US,0,DEV-5705970592,1,397,Completed,WEB PURCHASE - AIR PEACE,Air Peace,2024,August,3,0.77,1691.4667000000002,2198.90671,0
FLR-ACC-100481,Kemi Okoro,Individual,GB,GBP,Tier1_Basic,2024-05-26,41.88,FLR260606117879,2026-06-06 16:03:08,Saturday,16,MOBILE PURCHASE - BEST BUY,Best Buy,Electronics,Mobile App,44.87,1.15,38.98,0.0,GB,0,DEV-9525215776,0,741,Completed,MOBILE PURCHASE - BEST BUY,Best Buy,2024,May,26,1.0,44.87,58.331,0
FLR-ACC-103857,Emeka Okoro,Individual,FR,EUR,Tier2_Verified,2024-08-27,74.26,FLR260724210358,2026-07-24 10:32:08,Friday,10,NIP TRANSFER TO SARAH EZE,no_merchant,P2P Transfer,Card Not Present,53.0,0.72,73.75,0.0,FR,0,DEV-9764557728,0,696,Completed,NIP TRANSFER - SARAH EZE,Sarah Eze,2024,August,27,0.84,44.52,57.876000000000005,0
FLR-ACC-105609,John Williams,Individual,US,USD,Tier2_Verified,2024-02-11,28.0,FLR251202164808,2025-12-02 14:52:54,Tuesday,14,USSD PURCHASE - NOTION,Notion,Subscription/SaaS,USSD,2.0,0.04,47.7,0.0,US,0,DEV-9944555181,0,660,Completed,USSD PURCHASE - NOTION,Notion,2024,February,11,0.77,1.54,2.002,0
FLR-ACC-106649,North Logistics LLC,Business,NG,NGN,Tier2_Verified,2023-09-25,285.17,FLR250303186029,2025-03-03 05:11:56,Monday,5,WEB PURCHASE - NETFLIX,Netflix,Subscription/SaaS,Web Dashboard,33985.26,0.01,4558701.0,0.0,NG,0,missing_device,-1,525,Completed,WEB PURCHASE - NETFLIX,Netflix,2023,September,25,0.00056,19.0317456,24.74126928,0
FLR-ACC-103606,Amaka Hassan,Individual,NG,NGN,Tier2_Verified,2025-04-10,223.37,FLR260601171094,2026-06-01 23:36:16,Monday,23,CNP PURCHASE - WHOLE FOODS,Whole Foods,Groceries,Card Not Present,40331.93,0.07,586665.57,0.0,NG,0,DEV-5827025131,0,417,Completed,CNP PURCHASE - WHOLE FOODS,Whole Foods,2025,April,10,0.00056,22.5858808,29.361645040000003,0
FLR-ACC-104942,Grace Okoro,Individual,NG,NGN,Tier3_Enhanced,2024-11-06,73.52,FLR250829203375,2025-08-29 17:55:02,Friday,17,CNP PURCHASE - DSTV,DSTV,Subscription/SaaS,Card Not Present,5470.0,0.03,214620.57,0.0,NG,0,DEV-1220592151,0,296,Completed,CNP PURCHASE - DSTV,Dstv,2024,November,6,0.00056,3.0632,3.98216,0
FLR-ACC-101580,Urban Technologies LLC,Business,NG,NGN,Tier2_Verified,2026-02-17,555.73,FLR260125154711,2026-01-25 20:40:52,Sunday,20,WEB PURCHASE - GOTV,GOtv,Subscription/SaaS,Web Dashboard,28975.85,0.01,3972066.21,0.0,NG,0,DEV-1536158564,0,0,Completed,WEB PURCHASE - GOTV,Gotv,2026,February,17,0.00056,16.226475999999998,21.0944188,1
FLR-ACC-104104,Laura Smith,Individual,NG,NGN,Tier1_Basic,2025-11-10,151.43,FLR260329115673,2026-03-29 10:57:07,Sunday,10,WEB PURCHASE - JUMIA,Jumia,Retail,Web Dashboard,98256.92,16.54,5942.24,0.0,NG,0,DEV-1380378331,0,139,Completed,WEB PURCHASE - JUMIA,Jumia,2025,November,10,0.00056,55.02387519999999,71.53103775999999,0
FLR-ACC-101374,Silverline Logistics Ltd,Business,NG,NGN,Tier2_Verified,2024-09-15,449.48,FLR251202216629,2025-12-02 04:19:26,Tuesday,4,INTL WIRE - INTERNATIONAL WIRE REF709048,International Wire,Wire Transfer,Card Present,5112374.38,1.85,2764486.65,0.0,NG,0,DEV-6618186337,0,443,Completed,INTL WIRE - INTERNATIONAL WIRE REF709048,International Wire Ref709048,2024,September,15,0.00056,2862.9296527999995,3721.80854864,0
FLR-ACC-102218,Tunde Okafor,Individual,NG,NGN,Tier2_Verified,2025-10-26,87.96,FLR251130113858,2025-11-30 21:54:02,Sunday,21,MOBILE PURCHASE - NETFLIX,Netflix,Subscription/SaaS,Mobile App,6826.0,1.15,5942.24,0.0,NG,0,DEV-9546054437,0,35,Declined,MOBILE PURCHASE - NETFLIX,Netflix,2025,October,26,0.00056,3.82256,4.969328,0
FLR-ACC-107070,Tunde Adeyemi,Individual,NG,NGN,Tier2_Verified,2025-06-16,66.47,FLR250826186740,2025-08-26 19:57:03,Tuesday,19,MOBILE PURCHASE - JUMIA,Jumia,Retail,Mobile App,22234.05,0.13,170051.0,0.0,NG,0,DEV-1884216441,0,71,Completed,MOBILE PURCHASE - JUMIA,Jumia,2025,June,16,0.00056,12.451068,16.1863884,0
FLR-ACC-101578,Sunrise Textiles Co.,Business,NG,NGN,Tier3_Enhanced,2024-04-19,501.16,FLR250216205296,2025-02-16 08:47:51,Sunday,8,ATM WITHDRAWAL - CHASE ATM,Chase ATM,ATM Withdrawal,Card Present,493593.93,83.07,5942.24,0.0,NG,0,missing_device,-1,303,Completed,ATM WITHDRAWAL - CHASE ATM,Chase Atm,2024,April,19,0.00056,276.41260079999995,359.33638103999994,0
FLR-ACC-104744,Urban Retail Co.,Business,NG,NGN,Tier3_Enhanced,2023-06-12,889.04,FLR250903171319,2025-09-03 12:57:17,Wednesday,12,MOBILE PURCHASE - SHOPRITE,Shoprite,Groceries,Mobile App,288845.12,1.0,288845.12,0.0,NG,0,DEV-8197821734,0,814,Completed,MOBILE PURCHASE - SHOPRITE,Shoprite,2023,June,12,0.00056,161.75326719999998,210.27924736,0
FLR-ACC-105413,Apex Textiles Co.,Business,GB,GBP,Tier1_Basic,2024-11-02,1036.1,FLR250921206673,2025-09-21 10:50:36,Sunday,10,SALARY - PRIME VENTURES,no_merchant,Payroll Transfer,Card Not Present,2618.52,1.89,1383.35,0.0,GB,0,DEV-5959145384,0,323,Completed,SALARY - PRIME VENTURES,Prime Ventures,2024,November,2,1.0,2618.52,3404.076,0
FLR-ACC-103732,Aisha Yusuf,Individual,NG,NGN,Tier1_Basic,2024-12-01,126.74,FLR251124157879,2025-11-24 10:00:03,Monday,10,MOBILE PURCHASE - COLD STONE CREAMERY,Cold Stone Creamery,Restaurants,Mobile App,28544.0,0.22,129285.24,0.0,NG,0,DEV-4492028768,0,358,Completed,MOBILE PURCHASE - COLD STONE CREAMERY,Cold Stone Creamery,2024,December,1,0.00056,15.98464,20.780032,0
FLR-ACC-102906,Tobi Eze,Individual,US,USD,Tier2_Verified,2025-07-04,120.0,FLR260328120910,2026-03-28 17:40:38,Saturday,17,CNP PURCHASE - CHICKEN REPUBLIC,Chicken Republic,Restaurants,Card Not Present,20.0,0.25,79.68,0.0,US,0,DEV-7628804938,0,267,Completed,CNP PURCHASE - CHICKEN REPUBLIC,Chicken Republic,2025,July,4,0.77,15.4,20.02,0
FLR-ACC-102443,Kunle Williams,Individual,US,USD,Tier2_Verified,2024-05-17,39.27,FLR251202203392,2025-12-02 17:08:44,Tuesday,17,MOBILE PURCHASE - SPAR,Spar,Groceries,Mobile App,4.0,0.03,120.58,0.0,US,0,DEV-5442955624,0,564,Completed,MOBILE PURCHASE - SPAR,Spar,2024,May,17,0.77,3.08,4.004,0
FLR-ACC-102451,Urban Ventures Co.,Business,NG,NGN,Tier3_Enhanced,2024-05-26,580.76,FLR251011188180,2025-10-11 15:46:49,Saturday,15,API PURCHASE - CURRYS PC WORLD,Currys PC World,Electronics,API/Integration,1150665.93,0.97,1191037.0,0.0,NG,0,DEV-3123103053,0,503,Completed,API PURCHASE - CURRYS PC WORLD,Currys Pc World,2024,May,26,0.00056,644.3729207999999,837.6847970399998,0
FLR-ACC-100664,Grace Bello,Individual,GB,GBP,Tier2_Verified,2025-11-18,48.91,FLR250409188215,2025-04-09 17:32:26,Wednesday,17,WEB PURCHASE - ZARA,Zara,Retail,Web Dashboard,28.55,0.9,31.84,0.0,GB,0,missing_device,-1,0,Completed,WEB PURCHASE - ZARA,Zara,2025,November,18,1.0,28.55,37.115,1
FLR-ACC-101152,Femi Adekunle,Individual,NG,NGN,Tier1_Basic,2026-07-25,169.22,FLR260226128823,2026-02-26 11:01:24,Thursday,11,INTL WIRE - INTERNATIONAL WIRE REF125199,International Wire,Wire Transfer,Web Dashboard,2024331.93,30.88,65555.87,0.0,NG,0,DEV-8490972605,0,0,Completed,INTL WIRE - INTERNATIONAL WIRE REF125199,International Wire Ref125199,2026,July,25,0.00056,1133.6258807999998,1473.7136450399998,1
FLR-ACC-103682,North Consulting Inc,Business,NG,NGN,Tier3_Enhanced,2025-02-04,337.53,FLR260615138351,2026-06-15 14:37:31,Monday,14,SALARY - SILVERLINE MEDIA,no_merchant,Payroll Transfer,Card Present,3853730.0,0.38,10177589.13,0.0,NG,0,DEV-1569145776,0,496,Completed,SALARY - SILVERLINE MEDIA,Silverline Media,2025,February,4,0.00056,2158.0888,2805.51544,0
FLR-ACC-102228,North Retail Ltd,Business,US,USD,Tier2_Verified,2025-06-25,282.74,FLR250709131823,2025-07-09 15:52:31,Wednesday,15,WEB PURCHASE - BRITISH AIRWAYS,British Airways,Travel,Web Dashboard,430.0,1.0,430.0,0.0,US,0,DEV-8945371673,0,14,Completed,WEB PURCHASE - BRITISH AIRWAYS,British Airways,2025,June,25,0.77,331.1,430.43000000000006,0
FLR-ACC-100309,Bluewave Consulting Ltd,Business,US,USD,Tier2_Verified,2025-09-20,684.04,FLR251220198381,2025-12-20 07:27:06,Saturday,7,MOBILE PURCHASE - ABUJA DISCO,Abuja DisCo,Utilities,Mobile App,292.0,1.0,292.0,0.0,US,0,DEV-7509257011,0,91,Completed,MOBILE PURCHASE - ABUJA DISCO,Abuja Disco,2025,September,20,0.77,224.84,292.29200000000003,0
FLR-ACC-104819,Kunle Taylor,Individual,NG,NGN,Tier3_Enhanced,2024-08-06,24.67,FLR260518138051,2026-05-18 13:17:24,Monday,13,CNP PURCHASE - AIR PEACE,Air Peace,Travel,Card Not Present,104162.43,1.5,69296.19,0.0,NG,0,DEV-6364061222,0,650,Completed,CNP PURCHASE - AIR PEACE,Air Peace,2024,August,6,0.00056,58.33096079999999,75.83024904,0
FLR-ACC-106649,North Logistics LLC,Business,NG,NGN,Tier2_Verified,2023-09-25,285.17,FLR260310110574,2026-03-10 10:54:36,Tuesday,10,INTL WIRE - INTERNATIONAL WIRE REF313405,International Wire,Wire Transfer,Web Dashboard,6902286.51,21.71,317869.0,0.0,NG,0,DEV-7764243633,0,897,Completed,INTL WIRE - INTERNATIONAL WIRE REF313405,International Wire Ref313405,2023,September,25,0.00056,3865.2804456,5024.86457928,0
FLR-ACC-101620,Bluewave Foods Inc,Business,NG,NGN,Tier3_Enhanced,2025-01-30,243.06,FLR250202147535,2025-02-02 17:17:30,Sunday,17,POS PURCHASE - IKEJA ELECTRIC,Ikeja Electric,Utilities,Card Present,120942.11,0.15,790618.24,0.0,NG,0,DEV-4693080808,0,3,Completed,POS PURCHASE - IKEJA ELECTRIC,Ikeja Electric,2025,January,30,0.00056,67.7275816,88.04585608,0
FLR-ACC-101252,Ngozi Bello,Individual,US,USD,Tier2_Verified,2023-03-01,77.39,FLR251215221750,2025-12-15 15:13:24,Monday,15,WEB PURCHASE - ABUJA DISCO,Abuja DisCo,Utilities,Web Dashboard,22.88,0.0,5942.24,0.0,US,0,DEV-5904736959,0,1020,Completed,WEB PURCHASE - ABUJA DISCO,Abuja Disco,2023,March,1,0.77,17.6176,22.90288,0
FLR-ACC-102492,Musa Bello,Individual,NG,NGN,Tier2_Verified,2024-12-26,131.13,FLR251225118626,2025-12-25 13:40:06,Thursday,13,CNP PURCHASE - AIR PEACE,Air Peace,Travel,Card Not Present,573776.64,2.62,219085.87,0.0,NG,0,DEV-7038638206,0,364,Declined,CNP PURCHASE - AIR PEACE,Air Peace,2024,December,26,0.00056,321.31491839999995,417.70939392,0
FLR-ACC-105344,Mary Johnson,Individual,US,USD,Tier2_Verified,2025-06-14,41.94,FLR260803195515,2026-08-03 07:48:28,Monday,7,NIP TRANSFER TO FUNKE WILLIAMS,no_merchant,P2P Transfer,Mobile App,43.0,2.05,21.0,0.0,US,0,DEV-3948739167,0,415,Completed,NIP TRANSFER - FUNKE WILLIAMS,Funke Williams,2025,June,14,0.77,33.11,43.043,0
FLR-ACC-106249,Bluewave Technologies Co.,Business,US,USD,Tier3_Enhanced,2026-07-13,706.85,FLR251215187705,2025-12-15 09:25:30,Monday,9,WEB PURCHASE - NANDO'S,Nando's,Restaurants,Web Dashboard,186.61,0.03,5411.88,0.0,US,0,DEV-2081098121,1,0,Completed,WEB PURCHASE - NANDO'S,Nando'S,2026,July,13,0.77,143.68970000000002,186.79661,1
FLR-ACC-104094,Ben Williams,Individual,NG,NGN,Tier3_Enhanced,2025-02-26,226.33,FLR250305122100,2025-03-05 10:46:28,Wednesday,10,MOBILE PURCHASE - KFC,KFC,Restaurants,Mobile App,130280.6,0.3,439844.31,0.0,NG,0,DEV-3262924884,0,7,Completed,MOBILE PURCHASE - KFC,Kfc,2025,February,26,0.00056,72.95713599999999,94.8442768,0
FLR-ACC-102264,Sunrise Builders Inc,Business,NG,NGN,Tier1_Basic,2025-12-22,399.2,FLR260208210904,2026-02-08 21:53:38,Sunday,21,MOBILE PURCHASE - MICROSOFT 365,Microsoft 365,Subscription/SaaS,Mobile App,41259.59,0.22,185359.0,0.0,NG,0,DEV-1832379043,0,48,Completed,MOBILE PURCHASE - MICROSOFT 365,Microsoft 365,2025,December,22,0.00056,23.105370399999995,30.03698152,0
FLR-ACC-100317,Mary Johnson,Individual,NG,NGN,Tier2_Verified,2024-11-15,82.14,FLR251021113198,2025-10-21 16:15:21,Tuesday,16,CNP PURCHASE - MICROSOFT 365,Microsoft 365,Subscription/SaaS,Card Not Present,8346.0,0.15,55756.71,0.0,NG,0,DEV-1733299077,0,340,Completed,CNP PURCHASE - MICROSOFT 365,Microsoft 365,2024,November,15,0.00056,4.67376,6.075888,0
FLR-ACC-103757,Metro Builders Inc,Business,GB,GBP,Tier3_Enhanced,2023-07-26,818.74,FLR250305181615,2025-03-05 07:06:17,Wednesday,7,SALARY - GREENFIELD VENTURES,no_merchant,Payroll Transfer,Card Not Present,4342.9,1.0,4325.14,0.0,GB,0,missing_device,-1,588,Declined,SALARY - GREENFIELD VENTURES,Greenfield Ventures,2023,July,26,1.0,4342.9,5645.77,0
FLR-ACC-103755,Ifeoma Johnson,Individual,NG,NGN,Tier2_Verified,2026-07-04,49.99,FLR250726192447,2025-07-26 09:19:44,Saturday,9,NIP TRANSFER TO NGOZI HASSAN,no_merchant,P2P Transfer,Mobile App,113591.58,3.08,36932.86,0.0,NG,0,DEV-4625320868,0,0,Completed,NIP TRANSFER - NGOZI HASSAN,Ngozi Hassan,2026,July,4,0.00056,63.61128479999999,82.69467024,1
FLR-ACC-103295,David Adeyemi,Individual,NG,NGN,Tier3_Enhanced,2025-09-03,63.13,FLR250424102829,2025-04-24 17:14:00,Thursday,17,CNP PURCHASE - APPLE STORE ONLINE,Apple Store Online,Retail,Card Not Present,45981.51,0.13,340934.27,0.0,NG,0,DEV-6307146258,1,0,Completed,CNP PURCHASE - APPLE STORE ONLINE,Apple Store Online,2025,September,3,0.00056,25.7496456,33.47453928,1
FLR-ACC-100531,Chidi Brown,Individual,NG,NGN,Tier3_Enhanced,2026-01-09,38.5,FLR260120220847,2026-01-20 19:29:51,Tuesday,19,USSD PURCHASE - SHOPRITE,Shoprite,Groceries,USSD,13854.5,0.03,453177.0,0.0,NG,0,DEV-8046630736,0,11,Completed,USSD PURCHASE - SHOPRITE,Shoprite,2026,January,9,0.00056,7.758519999999999,10.086075999999998,0
FLR-ACC-103620,North Consulting Inc,Business,NG,NGN,Tier1_Basic,2024-11-29,97.34,FLR250526172787,2025-05-26 18:14:36,Monday,18,WEB PURCHASE - IKEJA ELECTRIC,Ikeja Electric,Utilities,Web Dashboard,71500.99,1.0,71500.99,0.0,NG,0,missing_device,-1,178,Completed,WEB PURCHASE - IKEJA ELECTRIC,Ikeja Electric,2024,November,29,0.00056,40.0405544,52.05272072,0
FLR-ACC-104094,Ben Williams,Individual,NG,NGN,Tier3_Enhanced,2025-02-26,226.33,FLR250417189268,2025-04-17 07:48:50,Thursday,7,MOBILE PURCHASE - EEDC,EEDC,Utilities,Mobile App,147719.0,0.26,566673.99,0.0,NG,0,missing_device,-1,50,Completed,MOBILE PURCHASE - EEDC,Eedc,2025,February,26,0.00056,82.72264,107.539432,0
FLR-ACC-107168,Sunrise Consulting Co.,Business,NG,NGN,Tier2_Verified,2024-04-05,541.45,FLR251116182437,2025-11-16 20:36:14,Sunday,20,USSD PURCHASE - JUMIA MART,Jumia Mart,Groceries,USSD,173608.71,1.0,173608.71,0.0,NG,0,DEV-3838524233,0,590,Completed,USSD PURCHASE - JUMIA MART,Jumia Mart,2024,April,5,0.00056,97.22087759999998,126.38714087999998,0
FLR-ACC-104868,Sarah Green,Individual,FR,EUR,Tier3_Enhanced,2023-07-31,26.34,FLR250209168242,2025-02-09 06:30:59,Sunday,6,CNP PURCHASE - AMAZON,Amazon,Retail,Card Not Present,26.0,3.72,6.99,0.0,FR,0,missing_device,-1,559,Completed,CNP PURCHASE - AMAZON,Amazon,2023,July,31,0.84,21.84,28.392,0
FLR-ACC-104206,John Smith,Individual,US,USD,Tier3_Enhanced,2025-09-03,70.54,FLR260126187357,2026-01-26 16:53:41,Monday,16,MOBILE PURCHASE - UBER,Uber,Travel,Mobile App,38.55,1.65,23.43,0.0,US,0,DEV-2442530232,0,145,Completed,MOBILE PURCHASE - UBER,Uber,2025,September,3,0.77,29.6835,38.58855,0
FLR-ACC-100798,Apex Textiles Co.,Business,FR,EUR,Tier3_Enhanced,2024-09-10,315.79,FLR250722159483,2025-07-22 18:27:37,Tuesday,18,WEB PURCHASE - ZARA,Zara,Retail,Web Dashboard,66.17,1.0,66.17,0.0,FR,0,DEV-1713013773,0,315,Declined,WEB PURCHASE - ZARA,Zara,2024,September,10,0.84,55.5828,72.25764,0
FLR-ACC-100415,Global Textiles Inc,Business,DE,EUR,Tier2_Verified,2025-04-01,33.22,FLR260512210963,2026-05-12 17:43:44,Tuesday,17,SALARY - GLOBAL FOODS,no_merchant,Payroll Transfer,Mobile App,353.55,2.25,157.29,0.0,DE,0,DEV-5314756827,0,406,Completed,SALARY - GLOBAL FOODS,Global Foods,2025,April,1,0.84,296.982,386.0766,0
FLR-ACC-101374,Silverline Logistics Ltd,Business,NG,NGN,Tier2_Verified,2024-09-15,449.48,FLR250819208342,2025-08-19 18:16:43,Tuesday,18,MOBILE PURCHASE - APPLE STORE ONLINE,Apple Store Online,Retail,Mobile App,332906.59,0.11,2976469.95,0.0,NG,0,DEV-6618186337,0,338,Completed,MOBILE PURCHASE - APPLE STORE ONLINE,Apple Store Online,2024,September,15,0.00056,186.4276904,242.35599752,0
FLR-ACC-101815,Bluewave Trading Ltd,Business,NG,NGN,Tier3_Enhanced,2023-12-10,202.23,FLR260316110457,2026-03-16 19:52:19,Monday,19,SALARY - BLUEWAVE LOGISTICS,no_merchant,Payroll Transfer,Web Dashboard,1573566.13,2.36,666449.33,0.0,NG,0,DEV-2775633947,0,827,Completed,SALARY - BLUEWAVE LOGISTICS,Bluewave Logistics,2023,December,10,0.00056,881.1970327999999,1145.55614264,0
FLR-ACC-101020,Global Foods Ltd,Business,GB,GBP,Tier2_Verified,2026-07-03,267.51,FLR250503193062,2025-05-03 19:10:41,Saturday,19,API PURCHASE - ZARA,Zara,Retail,API/Integration,70.6,0.06,1140.77,0.0,GB,0,DEV-3134262398,0,0,Reversed,API PURCHASE - ZARA,Zara,2026,July,3,1.0,70.6,91.78,1
FLR-ACC-100832,Olu Smith,Individual,NG,NGN,Tier2_Verified,2025-10-11,63.66,FLR251115106355,2025-11-15 18:44:31,Saturday,18,WEB PURCHASE - JUMIA,Jumia,Retail,Web Dashboard,41067.0,3.05,13468.0,0.0,NG,0,DEV-4242823014,0,35,Completed,WEB PURCHASE - JUMIA,Jumia,2025,October,11,0.00056,22.99752,29.896776000000003,0
FLR-ACC-105139,North Trading LLC,Business,NG,NGN,Tier3_Enhanced,2024-12-08,1559.7,FLR250428157518,2025-04-28 00:00:09,Monday,0,POS PURCHASE - AXA MANSARD,AXA Mansard,Insurance,Card Present,2704028.46,0.15,17634102.98,0.0,NG,0,missing_device,-1,141,Completed,POS PURCHASE - AXA MANSARD,Axa Mansard,2024,December,8,0.00056,1514.2559376,1968.53271888,0
FLR-ACC-107075,Greenfield Foods LLC,Business,NG,NGN,Tier1_Basic,2025-12-10,115.09,FLR251230215475,2025-12-30 11:16:47,Tuesday,11,API PURCHASE - BRITISH AIRWAYS,British Airways,Travel,API/Integration,355459.13,0.35,1014412.0,0.0,NG,0,DEV-6106017236,0,20,Completed,API PURCHASE - BRITISH AIRWAYS,British Airways,2025,December,10,0.00056,199.0571128,258.77424664,0
FLR-ACC-101024,Urban Trading Ltd,Business,NG,NGN,Tier1_Basic,2026-04-26,1216.99,FLR251202107918,2025-12-02 07:31:20,Tuesday,7,ATM WITHDRAWAL - GTBANK ATM,GTBank ATM,ATM Withdrawal,Mobile App,693019.93,0.09,7825711.78,0.0,NG,0,DEV-2419480559,0,0,Completed,ATM WITHDRAWAL - GTBANK ATM,Gtbank Atm,2026,April,26,0.00056,388.0911608,504.51850904,1
FLR-ACC-106905,Yetunde Green,Individual,NG,NGN,Tier3_Enhanced,2026-01-05,17.49,FLR260505130318,2026-05-05 15:08:57,Tuesday,15,CNP PURCHASE - ADOBE CREATIVE CLOUD,Adobe Creative Cloud,Subscription/SaaS,Card Not Present,1644.23,1.0,1644.23,0.0,NG,0,DEV-9649073649,1,120,Completed,CNP PURCHASE - ADOBE CREATIVE CLOUD,Adobe Creative Cloud,2026,January,5,0.00056,0.9207688,1.19699944,0
FLR-ACC-101998,Ben Yusuf,Individual,NG,NGN,Tier2_Verified,2024-09-17,84.56,FLR250807181633,2025-08-07 15:39:17,Thursday,15,CNP PURCHASE - NETFLIX,Netflix,Subscription/SaaS,Card Not Present,6810.0,0.08,85987.99,0.0,NG,0,DEV-2198575962,0,324,Completed,CNP PURCHASE - NETFLIX,Netflix,2024,September,17,0.00056,3.8136,4.95768,0
FLR-ACC-102364,Global Foods Co.,Business,NG,NGN,Tier2_Verified,2024-11-13,2305.91,FLR260713219809,2026-07-13 10:45:37,Monday,10,MOBILE PURCHASE - WHOLE FOODS,Whole Foods,Groceries,Mobile App,405670.79,0.02,18485385.43,0.0,NG,0,DEV-2332034738,0,607,Completed,MOBILE PURCHASE - WHOLE FOODS,Whole Foods,2024,November,13,0.00056,227.1756424,295.32833512,0
FLR-ACC-105781,Michael Johnson,Individual,NG,NGN,Tier3_Enhanced,2022-10-21,108.89,FLR250903124569,2025-09-03 18:14:33,Wednesday,18,MOBILE PURCHASE - BRITISH GAS,British Gas,Utilities,Mobile App,247865.24,1.0,247865.24,0.0,NG,0,DEV-6884546960,1,1048,Completed,MOBILE PURCHASE - BRITISH GAS,British Gas,2022,October,21,0.00056,138.8045344,180.44589472,0
FLR-ACC-104027,Urban Foods LLC,Business,NG,NGN,Tier2_Verified,2025-07-19,659.72,FLR260324181700,2026-03-24 09:27:41,Tuesday,9,INTL WIRE - INTERNATIONAL WIRE REF791984,International Wire,Wire Transfer,Mobile App,8568945.0,2.03,4214930.21,0.0,NG,0,DEV-3510375841,0,248,Completed,INTL WIRE - INTERNATIONAL WIRE REF791984,International Wire Ref791984,2025,July,19,0.00056,4798.6092,6238.19196,0
FLR-ACC-101470,Grace Fashola,Individual,NG,NGN,Tier3_Enhanced,2025-01-19,115.58,FLR251116215427,2025-11-16 08:16:23,Sunday,8,POS PURCHASE - JUMIA MART,Jumia Mart,Groceries,Card Present,63260.52,0.13,505913.77,0.0,NG,0,DEV-9092413140,0,301,Completed,POS PURCHASE - JUMIA MART,Jumia Mart,2025,January,19,0.00056,35.425891199999995,46.05365856,0
FLR-ACC-105550,Grace Ibrahim,Individual,NG,NGN,Tier2_Verified,2023-11-03,30.73,FLR260107221394,2026-01-07 07:09:07,Wednesday,7,API PURCHASE - NANDO'S,Nando's,Restaurants,API/Integration,12256.0,0.21,58814.95,0.0,NG,0,DEV-9809470400,0,796,Completed,API PURCHASE - NANDO'S,Nando'S,2023,November,3,0.00056,6.863359999999999,8.922367999999999,0
FLR-ACC-102675,Ben Brown,Individual,US,USD,Tier2_Verified,2024-03-23,159.96,FLR260524147431,2026-05-24 14:52:09,Sunday,14,POS PURCHASE - ASOS,ASOS,Retail,Card Present,75.35,0.26,289.91,0.0,US,0,DEV-5471482613,0,792,Completed,POS PURCHASE - ASOS,Asos,2024,March,23,0.77,58.0195,75.42535000000001,0
FLR-ACC-100619,Greenfield Media Inc,Business,DE,EUR,Tier2_Verified,2026-07-21,874.89,FLR251213138080,2025-12-13 20:08:25,Saturday,20,WEB PURCHASE - AIR PEACE,Air Peace,Travel,Web Dashboard,1846.0,0.34,5415.14,0.0,DE,0,DEV-7967967483,0,0,Completed,WEB PURCHASE - AIR PEACE,Air Peace,2026,July,21,0.84,1550.64,2015.832,1
FLR-ACC-107187,Amaka Eze,Individual,NG,NGN,Tier2_Verified,2025-08-15,113.31,FLR260301145316,2026-03-01 14:13:46,Sunday,14,MOBILE PURCHASE - AIRBNB,Airbnb,Travel,Mobile App,934380.49,9.96,93854.3,0.0,NG,0,DEV-6429744703,0,198,Declined,MOBILE PURCHASE - AIRBNB,Airbnb,2025,August,15,0.00056,523.2530744,680.2289967199999,0
FLR-ACC-103796,Blessing Obi,Individual,NG,NGN,Tier3_Enhanced,2024-09-03,70.8,FLR250812150361,2025-08-12 10:15:40,Tuesday,10,POS PURCHASE - ASOS,ASOS,Retail,Card Present,55116.86,0.1,545455.1,0.0,NG,0,DEV-2270709548,0,343,Completed,POS PURCHASE - ASOS,Asos,2024,September,3,0.00056,30.8654416,40.125074080000005,0
FLR-ACC-105363,Ifeoma Adekunle,Individual,US,USD,Tier1_Basic,2025-09-21,23.32,FLR250629120405,2025-06-29 10:53:54,Sunday,10,MOBILE PURCHASE - JUSTRITE SUPERSTORE,Justrite Superstore,Groceries,Mobile App,6.0,0.38,15.58,0.0,US,0,DEV-5776318233,0,0,Completed,MOBILE PURCHASE - JUSTRITE SUPERSTORE,Justrite Superstore,2025,September,21,0.77,4.62,6.006,1
FLR-ACC-105969,Emeka Okafor,Individual,NG,NGN,Tier3_Enhanced,2023-07-02,3.77,FLR250911164694,2025-09-11 16:35:56,Thursday,16,MOBILE PURCHASE - BRITISH GAS,British Gas,Utilities,Mobile App,3550.95,0.19,19019.55,0.0,NG,0,DEV-1417620863,0,802,Completed,MOBILE PURCHASE - BRITISH GAS,British Gas,2023,July,2,0.00056,1.988532,2.5850916,0
FLR-ACC-100035,Tobi Adekunle,Individual,NG,NGN,Tier2_Verified,2024-05-12,86.7,FLR260404186720,2026-04-04 08:04:10,Saturday,8,WEB PURCHASE - AVIVA,Aviva,Insurance,Web Dashboard,167229.0,0.58,287671.39,0.0,NG,0,DEV-2744947814,0,692,Completed,WEB PURCHASE - AVIVA,Aviva,2024,May,12,0.00056,93.64824,121.742712,0
FLR-ACC-101127,Chioma Okoro,Individual,NG,NGN,Tier3_Enhanced,2023-10-13,55.43,FLR260427184530,2026-04-27 20:29:28,Monday,20,WEB PURCHASE - RELIANCE HMO,Reliance HMO,Healthcare,Web Dashboard,120144.0,2.18,55234.38,0.0,NG,0,DEV-2769747542,0,927,Completed,WEB PURCHASE - RELIANCE HMO,Reliance Hmo,2023,October,13,0.00056,67.28063999999999,87.46483199999999,0
FLR-ACC-102376,Blessing Obi,Individual,US,USD,Tier3_Enhanced,2025-05-03,36.34,FLR250911167044,2025-09-11 08:20:27,Thursday,8,MOBILE PURCHASE - THAMES WATER,Thames Water,Utilities,Mobile App,12.77,0.3,42.88,0.0,US,0,DEV-4350078585,0,131,Completed,MOBILE PURCHASE - THAMES WATER,Thames Water,2025,May,3,0.77,9.8329,12.78277,0
FLR-ACC-102393,Aisha Green,Individual,DE,EUR,Tier3_Enhanced,2025-06-16,37.93,FLR251221179549,2025-12-21 08:46:39,Sunday,8,POS PURCHASE - GOTV,GOtv,Subscription/SaaS,Card Present,4.52,0.21,21.76,0.0,DE,0,DEV-4576280388,0,188,Completed,POS PURCHASE - GOTV,Gotv,2025,June,16,0.84,3.7967999999999993,4.935839999999999,0
FLR-ACC-103517,Olu Green,Individual,NG,NGN,Tier3_Enhanced,2024-09-21,110.26,FLR251215151312,2025-12-15 12:20:34,Monday,12,MOBILE PURCHASE - LEADWAY ASSURANCE,Leadway Assurance,Insurance,Mobile App,255360.92,2.57,99202.23,0.0,NG,0,DEV-8679837174,0,450,Completed,MOBILE PURCHASE - LEADWAY ASSURANCE,Leadway Assurance,2024,September,21,0.00056,143.0021152,185.90274976,0
FLR-ACC-104107,Yetunde Williams,Individual,FR,EUR,Tier3_Enhanced,2024-02-06,210.52,FLR251127159361,2025-11-27 20:14:11,Thursday,20,WEB PURCHASE - APPLE STORE ONLINE,Apple Store Online,Retail,Web Dashboard,161.35,0.65,247.2,0.0,FR,0,DEV-9901167979,0,660,Completed,WEB PURCHASE - APPLE STORE ONLINE,Apple Store Online,2024,February,6,0.84,135.534,176.1942,0
FLR-ACC-106476,Tunde Adekunle,Individual,NG,NGN,Tier2_Verified,2024-03-03,62.05,FLR251227216823,2025-12-27 07:13:20,Saturday,7,WEB PURCHASE - AXA MANSARD,AXA Mansard,Insurance,Web Dashboard,89450.26,2.57,34835.86,0.0,NG,0,DEV-4914667458,0,664,Completed,WEB PURCHASE - AXA MANSARD,Axa Mansard,2024,March,3,0.00056,50.0921456,65.11978928,0
FLR-ACC-106214,Chioma Taylor,Individual,NG,NGN,Tier3_Enhanced,2025-01-14,26.17,FLR250602200903,2025-06-02 16:00:04,Monday,16,ATM WITHDRAWAL - ZENITH ATM,Zenith ATM,ATM Withdrawal,Mobile App,38248.0,0.58,65636.65,0.0,NG,0,DEV-2671277303,0,139,Completed,ATM WITHDRAWAL - ZENITH ATM,Zenith Atm,2025,January,14,0.00056,21.41888,27.844544000000003,0
FLR-ACC-101247,Olu Green,Individual,US,USD,Tier3_Enhanced,2024-12-28,82.75,FLR251201202698,2025-12-01 06:30:49,Monday,6,NIP TRANSFER TO DANIEL NWOSU,no_merchant,P2P Transfer,Mobile App,54.49,0.71,77.0,0.0,US,0,DEV-5459967448,0,338,Completed,NIP TRANSFER - DANIEL NWOSU,Daniel Nwosu,2024,December,28,0.77,41.9573,54.54449,0
FLR-ACC-104635,Grace Yusuf,Individual,NG,NGN,Tier3_Enhanced,2025-05-19,51.81,FLR260605194773,2026-06-05 22:07:31,Friday,22,MOBILE PURCHASE - AMAZON,Amazon,Retail,Mobile App,53475.17,1.2,44678.0,0.0,NG,0,DEV-3802852828,0,382,Completed,MOBILE PURCHASE - AMAZON,Amazon,2025,May,19,0.00056,29.946095199999995,38.92992376,0
FLR-ACC-100928,Apex Builders LLC,Business,DE,EUR,Tier2_Verified,2024-12-20,454.56,FLR260206119766,2026-02-06 00:18:38,Friday,0,API PURCHASE - ADOBE CREATIVE CLOUD,Adobe Creative Cloud,Subscription/SaaS,API/Integration,12.82,0.01,2395.39,0.0,DE,0,DEV-4413584121,0,413,Completed,API PURCHASE - ADOBE CREATIVE CLOUD,Adobe Creative Cloud,2024,December,20,0.84,10.7688,13.999440000000002,0
FLR-ACC-103734,Chioma Chukwu,Individual,US,USD,Tier3_Enhanced,2024-05-02,37.27,FLR250817198166,2025-08-17 19:54:02,Sunday,19,API PURCHASE - SPAR,Spar,Groceries,API/Integration,3.0,0.02,172.24,0.0,US,0,DEV-6376153523,0,472,Completed,API PURCHASE - SPAR,Spar,2024,May,2,0.77,2.31,3.003,0
FLR-ACC-102567,Chioma Fashola,Individual,NG,NGN,Tier3_Enhanced,2023-02-07,124.52,FLR260810148284,2026-08-10 20:22:20,Monday,20,MOBILE PURCHASE - JUSTRITE SUPERSTORE,Justrite Superstore,Groceries,Mobile App,89468.0,1.54,58162.32,0.0,NG,0,DEV-4074040523,0,1280,Completed,MOBILE PURCHASE - JUSTRITE SUPERSTORE,Justrite Superstore,2023,February,7,0.00056,50.10208,65.132704,0
FLR-ACC-107129,Olu Smith,Individual,NG,NGN,Tier2_Verified,2023-04-11,32.44,FLR260707157781,2026-07-07 20:14:28,Tuesday,20,USSD PURCHASE - AIR PEACE,Air Peace,Travel,USSD,143752.46,3.47,41414.09,0.0,NG,0,DEV-3115614475,0,1183,Completed,USSD PURCHASE - AIR PEACE,Air Peace,2023,April,11,0.00056,80.50137759999998,104.65179087999998,0
FLR-ACC-101810,Chuka Yusuf,Individual,FR,EUR,Tier1_Basic,2025-12-30,56.5,FLR250226168121,2025-02-26 13:50:28,Wednesday,13,NIP TRANSFER TO AMAKA FASHOLA,no_merchant,P2P Transfer,Card Not Present,59.0,0.94,62.69,0.0,FR,0,DEV-5306741634,0,0,Completed,NIP TRANSFER - AMAKA FASHOLA,Amaka Fashola,2025,December,30,0.84,49.56,64.42800000000001,1
FLR-ACC-106396,Ben Adekunle,Individual,NG,NGN,Tier3_Enhanced,2025-06-07,37.3,FLR250530187286,2025-05-30 08:22:57,Friday,8,POS PURCHASE - SAINSBURY'S,Sainsbury's,Groceries,Card Present,26898.0,0.41,65112.84,0.0,NG,0,DEV-3143999867,1,0,Completed,POS PURCHASE - SAINSBURY'S,Sainsbury'S,2025,June,7,0.00056,15.062879999999998,19.581744,1
FLR-ACC-100544,Bluewave Trading Ltd,Business,NG,NGN,Tier2_Verified,2024-01-20,753.53,FLR260113118251,2026-01-13 11:00:54,Tuesday,11,SALARY - SUNRISE TRADING,no_merchant,Payroll Transfer,Web Dashboard,10514544.0,4.08,2578304.11,0.0,NG,0,DEV-4962593303,0,724,Completed,SALARY - SUNRISE TRADING,Sunrise Trading,2024,January,20,0.00056,5888.14464,7654.588032000001,0
FLR-ACC-101374,Silverline Logistics Ltd,Business,NG,NGN,Tier2_Verified,2024-09-15,449.48,FLR260702138482,2026-07-02 15:04:15,Thursday,15,WEB PURCHASE - BOOKING.COM,Booking.com,Travel,Web Dashboard,1324988.0,0.42,3128031.76,0.0,FR,1,DEV-6618186337,0,655,Completed,WEB PURCHASE - BOOKING.COM,Booking.Com,2024,September,15,0.00056,741.9932799999999,964.591264,0
FLR-ACC-101876,Aisha Chukwu,Individual,US,USD,Tier2_Verified,2024-04-08,67.16,FLR260706140229,2026-07-06 10:02:59,Monday,10,CNP PURCHASE - RELIANCE HMO,Reliance HMO,Healthcare,Card Not Present,37.0,0.3,125.27,0.0,US,0,DEV-7473241600,0,819,Declined,CNP PURCHASE - RELIANCE HMO,Reliance Hmo,2024,April,8,0.77,28.49,37.037,0
FLR-ACC-104492,James Adeyemi,Individual,US,USD,Tier2_Verified,2025-06-08,128.9,FLR260308187428,2026-03-08 06:26:47,Sunday,6,NIP TRANSFER TO AISHA OBI,no_merchant,P2P Transfer,Mobile App,69.11,0.67,102.42,0.0,US,0,DEV-9047833448,0,273,Completed,NIP TRANSFER - AISHA OBI,Aisha Obi,2025,June,8,0.77,53.2147,69.17911000000001,0
FLR-ACC-101020,Global Foods Ltd,Business,GB,GBP,Tier2_Verified,2026-07-03,267.51,FLR251127145121,2025-11-27 18:32:44,Thursday,18,API PURCHASE - LEADWAY ASSURANCE,Leadway Assurance,Insurance,API/Integration,132.0,0.27,482.73,1.0,GB,0,DEV-8474776992,0,0,Completed,API PURCHASE - LEADWAY ASSURANCE,Leadway Assurance,2026,July,3,1.0,132.0,171.6,1
FLR-ACC-100245,Ruth Eze,Individual,NG,NGN,Tier1_Basic,2024-05-26,121.08,FLR251223121557,2025-12-23 16:51:32,Tuesday,16,WEB PURCHASE - SHOPRITE,Shoprite,Groceries,Web Dashboard,41016.58,6.9,5942.24,0.0,NG,0,DEV-6576010677,0,576,Completed,WEB PURCHASE - SHOPRITE,Shoprite,2024,May,26,0.00056,22.9692848,29.86007024,0
FLR-ACC-103579,Chioma Okoro,Individual,NG,NGN,Tier3_Enhanced,2025-12-11,28.57,FLR260126123420,2026-01-26 12:13:33,Monday,12,NIP TRANSFER TO DAVID BROWN,no_merchant,P2P Transfer,Card Not Present,43168.62,0.5,86103.47,0.0,NG,0,DEV-6583208890,0,46,Completed,NIP TRANSFER - DAVID BROWN,David Brown,2025,December,11,0.00056,24.1744272,31.42675536,0
FLR-ACC-105168,Urban Builders LLC,Business,NG,NGN,Tier2_Verified,2024-07-19,1081.17,FLR251124137563,2025-11-24 21:49:03,Monday,21,POS PURCHASE - IKEJA ELECTRIC,Ikeja Electric,Utilities,Card Present,865495.0,0.19,4666520.83,0.0,NG,0,DEV-2240544904,0,493,Completed,POS PURCHASE - IKEJA ELECTRIC,Ikeja Electric,2024,July,19,0.00056,484.6772,630.08036,0
FLR-ACC-103606,Amaka Hassan,Individual,NG,NGN,Tier2_Verified,2025-04-10,223.37,FLR250424135603,2025-04-24 14:02:15,Thursday,14,CNP PURCHASE - CONED,ConEd,Utilities,Card Not Present,113064.0,0.22,515652.55,0.0,NG,0,DEV-5827025131,0,14,Completed,CNP PURCHASE - CONED,Coned,2025,April,10,0.00056,63.31584,82.310592,0
FLR-ACC-104949,Tobi Eze,Individual,FR,EUR,Tier2_Verified,2026-06-15,111.3,FLR260710194841,2026-07-10 21:45:50,Friday,21,ATM WITHDRAWAL - ACCESS BANK ATM,Access Bank ATM,ATM Withdrawal,Mobile App,30.0,0.19,158.29,0.0,FR,0,DEV-4276694378,0,25,Completed,ATM WITHDRAWAL - ACCESS BANK ATM,Access Bank Atm,2026,June,15,0.84,25.2,32.76,0
FLR-ACC-101754,Funke Obi,Individual,US,USD,Tier2_Verified,2024-01-14,436.88,FLR251206161401,2025-12-06 17:10:00,Saturday,17,ATM WITHDRAWAL - ACCESS BANK ATM,Access Bank ATM,ATM Withdrawal,Web Dashboard,211.89,0.83,253.78,0.0,US,0,DEV-2587781308,0,692,Completed,ATM WITHDRAWAL - ACCESS BANK ATM,Access Bank Atm,2024,January,14,0.77,163.15529999999998,212.10189,0
FLR-ACC-100420,Aisha Brown,Individual,NG,NGN,Tier3_Enhanced,2025-01-02,31.89,FLR250505137209,2025-05-05 15:59:38,Monday,15,CNP PURCHASE - ASOS,ASOS,Retail,Card Not Present,91978.0,2.49,36942.59,0.0,NG,0,DEV-4752629480,0,123,Completed,CNP PURCHASE - ASOS,Asos,2025,January,2,0.00056,51.50767999999999,66.95998399999999,0
FLR-ACC-105823,Emeka Okafor,Individual,US,USD,Tier3_Enhanced,2025-04-05,53.03,FLR250517161254,2025-05-17 10:17:25,Saturday,10,USSD PURCHASE - ADOBE CREATIVE CLOUD,Adobe Creative Cloud,Subscription/SaaS,USSD,2.63,0.06,44.03,0.0,US,0,DEV-4887513164,0,42,Completed,USSD PURCHASE - ADOBE CREATIVE CLOUD,Adobe Creative Cloud,2025,April,5,0.77,2.0251,2.63263,0
FLR-ACC-106900,Apex Technologies Ltd,Business,NG,NGN,Tier2_Verified,2026-03-04,492.44,FLR260813173456,2026-08-13 13:03:04,Thursday,13,INTL WIRE - INTERNATIONAL WIRE REF780131,International Wire,Wire Transfer,Card Not Present,6845410.0,0.37,18324114.0,0.0,NG,0,DEV-3239167714,0,162,Reversed,INTL WIRE - INTERNATIONAL WIRE REF780131,International Wire Ref780131,2026,March,4,0.00056,3833.4296,4983.45848,0
FLR-ACC-100625,Femi Okafor,Individual,GB,GBP,Tier2_Verified,2026-01-28,19.19,FLR260510121890,2026-05-10 15:38:47,Sunday,15,NIP TRANSFER TO BEN IBRAHIM,no_merchant,P2P Transfer,Card Not Present,16.45,0.2,82.98,0.0,GB,0,DEV-9363278178,0,102,Completed,NIP TRANSFER - BEN IBRAHIM,Ben Ibrahim,2026,January,28,1.0,16.45,21.385,0
FLR-ACC-105958,North Consulting Inc,Business,GB,GBP,Tier1_Basic,2026-05-29,1097.62,FLR250818222248,2025-08-18 09:36:38,Monday,9,SALARY - GREENFIELD TEXTILES,no_merchant,Payroll Transfer,Card Not Present,7336.19,2.18,3371.95,0.0,GB,0,DEV-8288511776,0,0,Completed,SALARY - GREENFIELD TEXTILES,Greenfield Textiles,2026,May,29,1.0,7336.19,9537.047,1
FLR-ACC-103919,Ngozi Yusuf,Individual,NG,NGN,Tier2_Verified,2023-08-11,29.96,FLR250226134054,2025-02-26 17:43:49,Wednesday,17,MOBILE PURCHASE - GOTV,GOtv,Subscription/SaaS,Mobile App,4359.0,0.03,135550.82,0.0,NG,0,missing_device,-1,565,Completed,MOBILE PURCHASE - GOTV,Gotv,2023,August,11,0.00056,2.44104,3.1733520000000004,0
FLR-ACC-103900,Emeka Green,Individual,DE,EUR,Tier2_Verified,2026-01-23,25.13,FLR251224112606,2025-12-24 14:03:06,Wednesday,14,USSD PURCHASE - BOOTS PHARMACY,Boots Pharmacy,Healthcare,USSD,17.39,0.21,81.0,0.0,DE,0,DEV-5794166783,0,0,Completed,USSD PURCHASE - BOOTS PHARMACY,Boots Pharmacy,2026,January,23,0.84,14.6076,18.98988,1
FLR-ACC-104333,Yetunde Johnson,Individual,NG,NGN,Tier2_Verified,2024-08-14,69.19,FLR260718113243,2026-07-18 08:39:07,Saturday,8,WEB PURCHASE - KFC,KFC,Restaurants,Web Dashboard,20971.0,0.09,221127.25,0.0,NG,0,DEV-6598449014,0,703,Completed,WEB PURCHASE - KFC,Kfc,2024,August,14,0.00056,11.743759999999998,15.266887999999998,0
FLR-ACC-100544,Bluewave Trading Ltd,Business,NG,NGN,Tier2_Verified,2024-01-20,753.53,FLR260611128878,2026-06-11 10:06:09,Thursday,10,SALARY - NORTH RETAIL,no_merchant,Payroll Transfer,Mobile App,9332108.59,1.21,7727229.13,0.0,NG,0,DEV-4962593303,0,873,Completed,SALARY - NORTH RETAIL,North Retail,2024,January,20,0.00056,5225.980810399999,6793.775053519999,0
FLR-ACC-105376,Daniel Green,Individual,NG,NGN,Tier2_Verified,2025-07-03,84.11,FLR251211156648,2025-12-11 10:42:54,Thursday,10,POS PURCHASE - AMAZON,Amazon,Retail,Card Present,94515.14,2.26,41770.98,0.0,NG,0,DEV-5332409066,0,161,Completed,POS PURCHASE - AMAZON,Amazon,2025,July,3,0.00056,52.9284784,68.80702192000001,0
FLR-ACC-101024,Urban Trading Ltd,Business,NG,NGN,Tier1_Basic,2026-04-26,1216.99,FLR260120112391,2026-01-20 09:13:19,Tuesday,9,MOBILE PURCHASE - BINANCE,Binance,Crypto Exchange,Mobile App,5015944.0,0.54,9255786.94,0.0,NG,0,DEV-2419480559,0,0,Completed,MOBILE PURCHASE - BINANCE,Binance,2026,April,26,0.00056,2808.92864,3651.607232,1
FLR-ACC-105858,Femi Williams,Individual,NG,NGN,Tier2_Verified,2024-09-14,40.49,FLR260702151818,2026-07-02 19:05:48,Thursday,19,CNP PURCHASE - CHICKEN REPUBLIC,Chicken Republic,Restaurants,Card Not Present,15526.82,0.99,15725.0,0.0,NG,0,DEV-5903045187,0,656,Completed,CNP PURCHASE - CHICKEN REPUBLIC,Chicken Republic,2024,September,14,0.00056,8.695019199999999,11.30352496,0
FLR-ACC-104334,Ngozi Hassan,Individual,NG,NGN,Tier2_Verified,2025-07-21,24.59,FLR250929151565,2025-09-29 09:10:23,Monday,9,POS PURCHASE - JUMIA,Jumia,Retail,Card Present,35276.06,2.18,16153.35,0.0,NG,0,DEV-3989481903,0,70,Completed,POS PURCHASE - JUMIA,Jumia,2025,July,21,0.00056,19.7545936,25.68097168,0
FLR-ACC-102618,North Trading Co.,Business,NG,NGN,Tier2_Verified,2025-06-04,936.96,FLR251213156300,2025-12-13 20:49:13,Saturday,20,WEB PURCHASE - NOTION,Notion,Subscription/SaaS,Web Dashboard,122793.79,0.14,876629.66,0.0,NG,0,DEV-5555711550,0,192,Completed,WEB PURCHASE - NOTION,Notion,2025,June,4,0.00056,68.76452239999999,89.39387912,0
FLR-ACC-106989,Blessing Yusuf,Individual,NG,NGN,Tier3_Enhanced,2026-03-23,68.27,FLR251216192535,2025-12-16 07:28:21,Tuesday,7,MOBILE PURCHASE - SPAR,Spar,Groceries,Mobile App,55330.76,0.95,58446.68,0.0,NG,0,DEV-9945776746,0,0,Completed,MOBILE PURCHASE - SPAR,Spar,2026,March,23,0.00056,30.9852256,40.28079328,1
FLR-ACC-103000,Kemi Obi,Individual,FR,EUR,Tier2_Verified,2023-06-18,23.53,FLR250911152421,2025-09-11 18:25:57,Thursday,18,POS PURCHASE - MICROSOFT 365,Microsoft 365,Subscription/SaaS,Card Present,0.32,0.07,4.64,0.0,FR,0,DEV-6165495807,0,816,Completed,POS PURCHASE - MICROSOFT 365,Microsoft 365,2023,June,18,0.84,0.2688,0.34944,0
FLR-ACC-102606,Apex Technologies Inc,Business,US,USD,Tier3_Enhanced,2022-10-09,3866.32,FLR250409118486,2025-04-09 14:35:27,Wednesday,14,API PURCHASE - EEDC,EEDC,Utilities,API/Integration,2908.04,0.32,9141.6,0.0,US,0,missing_device,-1,913,Completed,API PURCHASE - EEDC,Eedc,2022,October,9,0.77,2239.1908,2910.94804,0
FLR-ACC-101689,Prime Foods Ltd,Business,US,USD,Tier2_Verified,2025-05-29,304.74,FLR250922197490,2025-09-22 20:56:50,Monday,20,INTL WIRE - INTERNATIONAL WIRE REF572650,International Wire,Wire Transfer,Card Present,3563.05,4.01,887.67,0.0,US,0,DEV-6662283161,0,116,Completed,INTL WIRE - INTERNATIONAL WIRE REF572650,International Wire Ref572650,2025,May,29,0.77,2743.5485000000003,3566.6130500000004,0
FLR-ACC-105168,Urban Builders LLC,Business,NG,NGN,Tier2_Verified,2024-07-19,1081.17,FLR250202209351,2025-02-02 11:49:25,Sunday,11,POS PURCHASE - LEADWAY ASSURANCE,Leadway Assurance,Insurance,Card Present,1879544.77,0.13,14963393.6,0.0,NG,0,missing_device,-1,198,Completed,POS PURCHASE - LEADWAY ASSURANCE,Leadway Assurance,2024,July,19,0.00056,1052.5450712,1368.30859256,0
FLR-ACC-103349,Emeka Chukwu,Individual,US,USD,Tier1_Basic,2026-05-06,201.09,FLR250723161446,2025-07-23 11:31:47,Wednesday,11,MOBILE PURCHASE - COINBASE,Coinbase,Crypto Exchange,Mobile App,628.48,1.6,391.75,0.0,US,0,DEV-4296241786,0,0,Completed,MOBILE PURCHASE - COINBASE,Coinbase,2026,May,6,0.77,483.9296000000001,629.1084800000002,1
FLR-ACC-101374,Silverline Logistics Ltd,Business,NG,NGN,Tier2_Verified,2024-09-15,449.48,FLR251124196613,2025-11-24 13:22:31,Monday,13,ATM WITHDRAWAL - GTBANK ATM,GTBank ATM,ATM Withdrawal,Web Dashboard,713607.0,0.27,2604220.48,0.0,NG,0,DEV-6618186337,0,435,Completed,ATM WITHDRAWAL - GTBANK ATM,Gtbank Atm,2024,September,15,0.00056,399.61992,519.505896,0
FLR-ACC-105111,Daniel Obi,Individual,US,USD,Tier3_Enhanced,2023-10-06,19.9,FLR251214184538,2025-12-14 10:49:12,Sunday,10,WEB PURCHASE - CURRYS PC WORLD,Currys PC World,Electronics,Web Dashboard,37.0,5.29,7.0,0.0,US,0,DEV-9280178598,0,800,Completed,WEB PURCHASE - CURRYS PC WORLD,Currys Pc World,2023,October,6,0.77,28.49,37.037,0
FLR-ACC-105500,Chuka Balogun,Individual,NG,NGN,Tier3_Enhanced,2023-08-30,146.67,FLR250516202073,2025-05-16 16:37:21,Friday,16,NIP TRANSFER TO AMAKA JOHNSON,no_merchant,P2P Transfer,Web Dashboard,302110.84,1.2,251541.49,0.0,NG,0,missing_device,-1,625,Completed,NIP TRANSFER - AMAKA JOHNSON,Amaka Johnson,2023,August,30,0.00056,169.1820704,219.93669152,0
FLR-ACC-104600,Musa Brown,Individual,NG,NGN,Tier2_Verified,2025-04-11,7.32,FLR250428171730,2025-04-28 18:19:52,Monday,18,CNP PURCHASE - CURRYS PC WORLD,Currys PC World,Electronics,Card Not Present,13726.0,3.2,4295.24,0.0,NG,0,DEV-6237388159,0,17,Completed,CNP PURCHASE - CURRYS PC WORLD,Currys Pc World,2025,April,11,0.00056,7.686559999999999,9.992528,0
FLR-ACC-103213,Aisha Balogun,Individual,DE,EUR,Tier3_Enhanced,2023-03-05,22.55,FLR260826203133,2026-08-26 13:58:06,Wednesday,13,CNP PURCHASE - CVS PHARMACY,CVS Pharmacy,Healthcare,Card Not Present,22.24,2.37,9.38,0.0,DE,0,DEV-4311682046,0,1270,Completed,CNP PURCHASE - CVS PHARMACY,Cvs Pharmacy,2023,March,5,0.84,18.6816,24.28608,0
FLR-ACC-102456,Global Trading Inc,Business,US,USD,Tier2_Verified,2025-08-24,87.51,FLR250224159123,2025-02-24 20:20:41,Monday,20,INTL WIRE - INTERNATIONAL WIRE REF863738,International Wire,Wire Transfer,API/Integration,1497.13,48.25,31.03,0.0,US,0,DEV-9961374603,0,0,Completed,INTL WIRE - INTERNATIONAL WIRE REF863738,International Wire Ref863738,2025,August,24,0.77,1152.7901000000002,1498.6271300000003,1
FLR-ACC-104986,Prime Textiles Co.,Business,FR,EUR,Tier2_Verified,2025-06-01,264.31,FLR260206101114,2026-02-06 12:59:07,Friday,12,API PURCHASE - AIRBNB,Airbnb,Travel,API/Integration,1294.08,0.83,1554.54,0.0,FR,0,DEV-2939209016,0,250,Completed,API PURCHASE - AIRBNB,Airbnb,2025,June,1,0.84,1087.0272,1413.13536,0
FLR-ACC-106996,Kemi Adeyemi,Individual,GB,GBP,Tier2_Verified,2024-04-14,21.86,FLR251016121983,2025-10-16 19:30:30,Thursday,19,WEB PURCHASE - JUMIA,Jumia,Retail,Web Dashboard,28.0,8.14,3.44,0.0,GB,0,DEV-2934652907,0,550,Completed,WEB PURCHASE - JUMIA,Jumia,2024,April,14,1.0,28.0,36.4,0
FLR-ACC-103376,Olu Hassan,Individual,FR,EUR,Tier3_Enhanced,2024-08-22,60.11,FLR250417103890,2025-04-17 18:56:21,Thursday,18,WEB PURCHASE - KONGA,Konga,Retail,Web Dashboard,55.72,3.3,16.87,0.0,FR,0,missing_device,-1,238,Completed,WEB PURCHASE - KONGA,Konga,2024,August,22,0.84,46.8048,60.84624,0
FLR-ACC-100252,Chidi Ibrahim,Individual,FR,EUR,Tier3_Enhanced,2023-10-03,131.41,FLR250302156287,2025-03-02 07:41:09,Sunday,7,WEB PURCHASE - DOMINO'S PIZZA,Domino's Pizza,Restaurants,Web Dashboard,17.0,0.27,62.76,0.0,FR,0,missing_device,-1,516,Completed,WEB PURCHASE - DOMINO'S PIZZA,Domino'S Pizza,2023,October,3,0.84,14.28,18.564,0
FLR-ACC-104819,Kunle Taylor,Individual,NG,NGN,Tier3_Enhanced,2024-08-06,24.67,FLR260421120726,2026-04-21 13:07:42,Tuesday,13,SALARY - METRO TECHNOLOGIES,no_merchant,Payroll Transfer,Web Dashboard,506303.01,32.57,15543.1,0.0,NG,0,DEV-3494975413,0,623,Completed,SALARY - METRO TECHNOLOGIES,Metro Technologies,2024,August,6,0.00056,283.5296856,368.58859128,0
FLR-ACC-102753,Laura Hassan,Individual,NG,NGN,Tier1_Basic,2026-08-07,108.36,FLR251130176088,2025-11-30 06:00:49,Sunday,6,MOBILE PURCHASE - DOMINO'S PIZZA,Domino's Pizza,Restaurants,Mobile App,35897.14,0.97,37079.0,0.0,NG,0,DEV-6965561860,0,0,Completed,MOBILE PURCHASE - DOMINO'S PIZZA,Domino'S Pizza,2026,August,7,0.00056,20.1023984,26.13311792,1
FLR-ACC-100370,Laura Bello,Individual,NG,NGN,Tier3_Enhanced,2023-05-16,65.0,FLR250925185114,2025-09-25 11:04:34,Thursday,11,POS PURCHASE - AXA MANSARD,AXA Mansard,Insurance,Card Present,42831.0,0.67,63597.44,0.0,NG,0,DEV-2773221294,0,863,Completed,POS PURCHASE - AXA MANSARD,Axa Mansard,2023,May,16,0.00056,23.98536,31.180968,0
FLR-ACC-105375,Michael Chukwu,Individual,GB,GBP,Tier3_Enhanced,2024-09-19,185.55,FLR250415121155,2025-04-15 11:47:51,Tuesday,11,MOBILE PURCHASE - BOLT,Bolt,Travel,Mobile App,326.76,0.17,1921.72,0.0,GB,0,DEV-9550554882,0,208,Completed,MOBILE PURCHASE - BOLT,Bolt,2024,September,19,1.0,326.76,424.788,0
FLR-ACC-101882,John Smith,Individual,GB,GBP,Tier1_Basic,2025-10-15,79.7,FLR250723168612,2025-07-23 17:33:32,Wednesday,17,MOBILE PURCHASE - EEDC,EEDC,Utilities,Mobile App,26.58,0.43,62.45,0.0,GB,0,DEV-9934015431,0,0,Completed,MOBILE PURCHASE - EEDC,Eedc,2025,October,15,1.0,26.58,34.554,1
FLR-ACC-101416,Laura Adekunle,Individual,NG,NGN,Tier2_Verified,2025-05-14,53.34,FLR250330175604,2025-03-30 07:07:30,Sunday,7,MOBILE PURCHASE - QUIDAX,Quidax,Crypto Exchange,Mobile App,304925.0,4.99,61097.0,0.0,NG,0,DEV-3188040805,0,0,Completed,MOBILE PURCHASE - QUIDAX,Quidax,2025,May,14,0.00056,170.75799999999998,221.9854,1
FLR-ACC-101416,Laura Adekunle,Individual,NG,NGN,Tier2_Verified,2025-05-14,53.34,FLR260321173366,2026-03-21 07:21:43,Saturday,7,MOBILE PURCHASE - MICROSOFT 365,Microsoft 365,Subscription/SaaS,Mobile App,4593.16,0.07,62414.57,0.0,NG,0,DEV-3188040805,0,311,Completed,MOBILE PURCHASE - MICROSOFT 365,Microsoft 365,2025,May,14,0.00056,2.5721696,3.34382048,0
FLR-ACC-103855,Yetunde Bello,Individual,NG,NGN,Tier2_Verified,2024-11-17,127.54,FLR250720101924,2025-07-20 15:52:14,Sunday,15,WEB PURCHASE - CONED,ConEd,Utilities,Web Dashboard,45314.94,0.35,128522.67,0.0,NG,0,DEV-5612761599,0,245,Completed,WEB PURCHASE - CONED,Coned,2024,November,17,0.00056,25.3763664,32.98927632,0
FLR-ACC-100240,Tobi Chukwu,Individual,FR,EUR,Tier2_Verified,2026-03-21,130.58,FLR260108107679,2026-01-08 23:19:57,Thursday,23,ATM WITHDRAWAL - BARCLAYS ATM,Barclays ATM,ATM Withdrawal,Card Present,146.95,2.02,72.6,0.0,FR,0,DEV-9816267165,0,0,Completed,ATM WITHDRAWAL - BARCLAYS ATM,Barclays Atm,2026,March,21,0.84,123.438,160.4694,1
FLR-ACC-100023,Ngozi Balogun,Individual,NG,NGN,Tier2_Verified,2025-07-17,193.33,FLR250422131367,2025-04-22 09:11:05,Tuesday,9,MOBILE PURCHASE - AXA MANSARD,AXA Mansard,Insurance,Mobile App,272386.0,10.91,24970.0,0.0,NG,0,DEV-4250562571,0,0,Completed,MOBILE PURCHASE - AXA MANSARD,Axa Mansard,2025,July,17,0.00056,152.53616,198.297008,1
FLR-ACC-103506,Global Logistics LLC,Business,NG,NGN,Tier3_Enhanced,2024-09-29,335.37,FLR251125165774,2025-11-25 08:36:01,Tuesday,8,ATM WITHDRAWAL - ACCESS BANK ATM,Access Bank ATM,ATM Withdrawal,Web Dashboard,173783.0,0.14,1243680.77,0.0,NG,0,DEV-6044213026,0,422,Completed,ATM WITHDRAWAL - ACCESS BANK ATM,Access Bank Atm,2024,September,29,0.00056,97.31848,126.514024,0
FLR-ACC-102061,Olu Okoro,Individual,DE,EUR,Tier2_Verified,2025-11-02,142.58,FLR260104133558,2026-01-04 08:50:55,Sunday,8,SALARY - GREENFIELD FOODS,no_merchant,Payroll Transfer,Mobile App,535.87,8.07,66.4,0.0,DE,0,DEV-4359570211,0,63,Completed,SALARY - GREENFIELD FOODS,Greenfield Foods,2025,November,2,0.84,450.1308,585.1700400000001,0
FLR-ACC-105760,David Hassan,Individual,DE,EUR,Tier1_Basic,2023-10-10,10.85,FLR251218140887,2025-12-18 21:01:33,Thursday,21,CNP PURCHASE - NANDO'S,Nando's,Restaurants,Card Not Present,1.34,0.09,14.15,0.0,DE,0,DEV-1183762594,0,800,Completed,CNP PURCHASE - NANDO'S,Nando'S,2023,October,10,0.84,1.1256,1.46328,0
FLR-ACC-100555,Mary Yusuf,Individual,FR,EUR,Tier3_Enhanced,2023-08-28,120.76,FLR260824107525,2026-08-24 01:03:48,Monday,1,WEB PURCHASE - AMAZON,Amazon,Retail,Web Dashboard,66.65,0.87,76.96,0.0,FR,0,DEV-1954321553,0,1092,Completed,WEB PURCHASE - AMAZON,Amazon,2023,August,28,0.84,55.986,72.7818,0
FLR-ACC-106477,Grace Johnson,Individual,NG,NGN,Tier3_Enhanced,2026-07-01,82.73,FLR251015212301,2025-10-15 09:37:19,Wednesday,9,POS PURCHASE - KONGA,Konga,Retail,Card Present,65759.84,1.0,65759.84,0.0,NG,0,DEV-9829179813,0,0,Completed,POS PURCHASE - KONGA,Konga,2026,July,1,0.00056,36.82551039999999,47.87316351999999,1
FLR-ACC-103486,Ben Williams,Individual,NG,NGN,Tier2_Verified,2023-12-13,50.49,FLR260131150623,2026-01-31 20:52:27,Saturday,20,POS PURCHASE - TESCO,Tesco,Groceries,Card Present,49716.0,0.63,78363.25,0.0,NG,0,DEV-6314877984,0,780,Completed,POS PURCHASE - TESCO,Tesco,2023,December,13,0.00056,27.84096,36.193248,0
FLR-ACC-101020,Global Foods Ltd,Business,GB,GBP,Tier2_Verified,2026-07-03,267.51,FLR250529190372,2025-05-29 11:49:28,Thursday,11,MOBILE PURCHASE - UBER,Uber,Travel,Mobile App,329.29,0.47,694.83,0.0,GB,0,DEV-7514478496,1,0,Completed,MOBILE PURCHASE - UBER,Uber,2026,July,3,1.0,329.29,428.07700000000006,1
FLR-ACC-104021,Emeka Green,Individual,NG,NGN,Tier1_Basic,2025-04-01,31.79,FLR260226180587,2026-02-26 13:05:23,Thursday,13,WEB PURCHASE - ZARA,Zara,Retail,Web Dashboard,45420.55,1.0,45420.55,0.0,NG,0,DEV-4598029642,0,331,Completed,WEB PURCHASE - ZARA,Zara,2025,April,1,0.00056,25.435508,33.0661604,0
FLR-ACC-105191,Femi Smith,Individual,GB,GBP,Tier3_Enhanced,2025-03-14,38.19,FLR250210145629,2025-02-10 23:55:14,Monday,23,NIP TRANSFER TO KUNLE BROWN,no_merchant,P2P Transfer,USSD,34.21,0.11,304.17,0.0,GB,0,missing_device,-1,0,Completed,NIP TRANSFER - KUNLE BROWN,Kunle Brown,2025,March,14,1.0,34.21,44.473000000000006,1
FLR-ACC-100716,Emeka Okoro,Individual,FR,EUR,Tier2_Verified,2024-12-02,18.19,FLR251125172236,2025-11-25 17:17:23,Tuesday,17,MOBILE PURCHASE - COINBASE,Coinbase,Crypto Exchange,Mobile App,235.01,6.16,38.15,0.0,FR,0,DEV-6143207014,1,358,Declined,MOBILE PURCHASE - COINBASE,Coinbase,2024,December,2,0.84,197.4084,256.63092,0
FLR-ACC-104986,Prime Textiles Co.,Business,FR,EUR,Tier2_Verified,2025-06-01,264.31,FLR260711115825,2026-07-11 09:28:10,Saturday,9,USSD PURCHASE - BOOTS PHARMACY,Boots Pharmacy,Healthcare,USSD,433.61,0.26,1647.46,0.0,FR,0,DEV-2939209016,0,405,Completed,USSD PURCHASE - BOOTS PHARMACY,Boots Pharmacy,2025,June,1,0.84,364.2324,473.50212,0
FLR-ACC-105463,Global Consulting Co.,Business,NG,NGN,Tier2_Verified,2025-08-06,204.07,FLR251122176637,2025-11-22 20:34:43,Saturday,20,SALARY - APEX BUILDERS,no_merchant,Payroll Transfer,Mobile App,1122337.39,117.81,9527.0,0.0,NG,0,DEV-7437440938,0,108,Completed,SALARY - APEX BUILDERS,Apex Builders,2025,August,6,0.00056,628.5089383999999,817.0616199199999,0
FLR-ACC-104244,Tobi Green,Individual,GB,GBP,Tier2_Verified,2025-04-29,68.17,FLR250910122785,2025-09-10 13:54:09,Wednesday,13,CNP PURCHASE - NANDO'S,Nando's,Restaurants,Card Not Present,7.01,0.0,5942.24,0.0,GB,0,DEV-5093223496,0,134,Completed,CNP PURCHASE - NANDO'S,Nando'S,2025,April,29,1.0,7.01,9.113,0
FLR-ACC-100225,Laura Adekunle,Individual,NG,NGN,Tier2_Verified,2026-02-08,30.12,FLR250710109661,2025-07-10 13:12:56,Thursday,13,WEB PURCHASE - CONED,ConEd,Utilities,Web Dashboard,20982.0,0.71,29354.0,0.0,NG,0,DEV-8931498493,0,0,Completed,WEB PURCHASE - CONED,Coned,2026,February,8,0.00056,11.74992,15.274896,1
FLR-ACC-103466,Chidi Brown,Individual,NG,NGN,Tier1_Basic,2023-03-08,105.56,FLR251226124878,2025-12-26 08:14:24,Friday,8,NIP TRANSFER TO TUNDE YUSUF,no_merchant,P2P Transfer,Web Dashboard,183673.28,0.72,256389.16,0.0,NG,0,DEV-6068811185,0,1024,Completed,NIP TRANSFER - TUNDE YUSUF,Tunde Yusuf,2023,March,8,0.00056,102.8570368,133.71414784,0
FLR-ACC-107128,Silverline Technologies LLC,Business,NG,NGN,Tier1_Basic,2026-04-28,1352.39,FLR250904182393,2025-09-04 20:03:06,Thursday,20,API PURCHASE - BRITISH GAS,British Gas,Utilities,API/Integration,930964.21,0.07,14173693.0,0.0,NG,0,DEV-4595505024,0,0,Completed,API PURCHASE - BRITISH GAS,British Gas,2026,April,28,0.00056,521.3399575999999,677.7419448799999,1
FLR-ACC-102635,Emeka Brown,Individual,US,USD,Tier1_Basic,2026-05-24,22.43,FLR260729177091,2026-07-29 20:02:04,Wednesday,20,MOBILE PURCHASE - COLD STONE CREAMERY,Cold Stone Creamery,Restaurants,Mobile App,1.19,1.0,1.19,0.0,US,0,DEV-1867432778,0,66,Completed,MOBILE PURCHASE - COLD STONE CREAMERY,Cold Stone Creamery,2026,May,24,0.77,0.9163,1.19119,0
FLR-ACC-100397,Ifeoma Obi,Individual,FR,EUR,Tier1_Basic,2024-08-02,43.27,FLR251110179389,2025-11-10 18:41:35,Monday,18,CNP PURCHASE - AMAZON,Amazon,Retail,Card Not Present,16.1,1.19,13.54,0.0,FR,0,DEV-2157498969,0,465,Completed,CNP PURCHASE - AMAZON,Amazon,2024,August,2,0.84,13.524,17.5812,0
FLR-ACC-100904,Aisha Williams,Individual,US,USD,Tier2_Verified,2026-03-02,156.14,FLR250331204961,2025-03-31 12:45:11,Monday,12,MOBILE PURCHASE - TESCO,Tesco,Groceries,Mobile App,76.23,1.23,62.13,0.0,US,0,DEV-1796071800,0,0,Completed,MOBILE PURCHASE - TESCO,Tesco,2026,March,2,0.77,58.697100000000006,76.30623000000001,1
FLR-ACC-105163,Ben Balogun,Individual,NG,NGN,Tier2_Verified,2024-01-05,31.85,FLR260613131199,2026-06-13 09:30:30,Saturday,9,CNP PURCHASE - ABUJA DISCO,Abuja DisCo,Utilities,Card Not Present,22037.15,2.36,9343.89,0.0,NG,0,DEV-1486623400,0,890,Completed,CNP PURCHASE - ABUJA DISCO,Abuja Disco,2024,January,5,0.00056,12.340804,16.0430452,0
FLR-ACC-104418,Global Consulting Ltd,Business,NG,NGN,Tier2_Verified,2024-06-26,512.26,FLR250611204175,2025-06-11 20:57:36,Wednesday,20,SALARY - NORTH BUILDERS,no_merchant,Payroll Transfer,Web Dashboard,8927788.56,11.53,774165.91,0.0,NG,0,DEV-5636919829,0,350,Completed,SALARY - NORTH BUILDERS,North Builders,2024,June,26,0.00056,4999.5615936,6499.430071680001,0
FLR-ACC-100749,David Chukwu,Individual,GB,GBP,Tier1_Basic,2025-07-29,79.56,FLR251028187551,2025-10-28 10:34:07,Tuesday,10,WEB PURCHASE - CVS PHARMACY,CVS Pharmacy,Healthcare,Web Dashboard,18.0,0.82,21.86,0.0,GB,0,DEV-4138475062,0,91,Completed,WEB PURCHASE - CVS PHARMACY,Cvs Pharmacy,2025,July,29,1.0,18.0,23.4,0
FLR-ACC-100128,Chioma Williams,Individual,FR,EUR,Tier2_Verified,2024-01-29,93.76,FLR260327175683,2026-03-27 11:05:36,Friday,11,MOBILE PURCHASE - SHOPRITE,Shoprite,Groceries,Mobile App,46.15,1.0,46.15,0.0,FR,0,DEV-1498549818,0,788,Completed,MOBILE PURCHASE - SHOPRITE,Shoprite,2024,January,29,0.84,38.766,50.3958,0
FLR-ACC-103349,Emeka Chukwu,Individual,US,USD,Tier1_Basic,2026-05-06,201.09,FLR260725187984,2026-07-25 18:31:39,Saturday,18,NIP TRANSFER TO CHIDI GREEN,no_merchant,P2P Transfer,Card Not Present,174.0,2.12,82.2,0.0,US,0,DEV-4490301819,0,80,Completed,NIP TRANSFER - CHIDI GREEN,Chidi Green,2026,May,6,0.77,133.98,174.174,0
FLR-ACC-103324,Kunle Ibrahim,Individual,FR,EUR,Tier2_Verified,2025-12-12,60.43,FLR250924139285,2025-09-24 08:39:07,Wednesday,8,CNP PURCHASE - DSTV,DSTV,Subscription/SaaS,Card Not Present,14.41,0.23,61.34,0.0,FR,0,DEV-5858121380,0,0,Completed,CNP PURCHASE - DSTV,Dstv,2025,December,12,0.84,12.1044,15.73572,1
FLR-ACC-103167,Ruth Okafor,Individual,GB,GBP,Tier3_Enhanced,2026-03-12,144.31,FLR250925169336,2025-09-25 07:35:32,Thursday,7,WEB PURCHASE - BOLT,Bolt,Travel,Web Dashboard,333.23,0.84,396.66,0.0,GB,0,DEV-9392948894,0,0,Completed,WEB PURCHASE - BOLT,Bolt,2026,March,12,1.0,333.23,433.199,1
FLR-ACC-101251,Chidi Johnson,Individual,US,USD,Tier2_Verified,2024-12-14,30.71,FLR251230202760,2025-12-30 18:45:18,Tuesday,18,CNP PURCHASE - CHICKEN REPUBLIC,Chicken Republic,Restaurants,Card Not Present,6.91,0.92,7.53,0.0,US,0,DEV-2006961778,0,381,Completed,CNP PURCHASE - CHICKEN REPUBLIC,Chicken Republic,2024,December,14,0.77,5.3207,6.916910000000001,0
FLR-ACC-105345,Bluewave Trading Ltd,Business,GB,GBP,Tier2_Verified,2025-11-10,148.15,FLR260815216488,2026-08-15 15:04:41,Saturday,15,SALARY - URBAN TRADING,no_merchant,Payroll Transfer,Web Dashboard,730.66,1.01,722.18,0.0,GB,0,DEV-5963590939,0,278,Declined,SALARY - URBAN TRADING,Urban Trading,2025,November,10,1.0,730.66,949.858,0
FLR-ACC-101658,Blessing Green,Individual,US,USD,Tier2_Verified,2026-05-03,19.56,FLR260825116599,2026-08-25 21:10:30,Tuesday,21,WEB PURCHASE - SLOT SYSTEMS,Slot Systems,Electronics,Web Dashboard,27.0,1.53,17.67,0.0,US,0,DEV-6604751210,0,114,Completed,WEB PURCHASE - SLOT SYSTEMS,Slot Systems,2026,May,3,0.77,20.79,27.027,0
FLR-ACC-101791,Michael Ibrahim,Individual,GB,GBP,Tier2_Verified,2024-09-15,44.47,FLR250216216570,2025-02-16 22:50:51,Sunday,22,WEB PURCHASE - ZARA,Zara,Retail,Web Dashboard,22.94,0.13,177.92,0.0,GB,0,missing_device,-1,154,Completed,WEB PURCHASE - ZARA,Zara,2024,September,15,1.0,22.94,29.822000000000003,0
FLR-ACC-104682,Tobi Smith,Individual,NG,NGN,Tier2_Verified,2025-11-25,52.14,FLR250206136377,2025-02-06 09:09:51,Thursday,9,MOBILE PURCHASE - UBER,Uber,Travel,Mobile App,257789.0,55.0,4687.0,0.0,NG,0,DEV-2985653639,0,0,Completed,MOBILE PURCHASE - UBER,Uber,2025,November,25,0.00056,144.36184,187.670392,1
FLR-ACC-105841,Metro Foods Inc,Business,DE,EUR,Tier2_Verified,2025-12-12,429.58,FLR251228185539,2025-12-28 11:40:57,Sunday,11,API PURCHASE - DSTV,DSTV,Subscription/SaaS,API/Integration,10.0,0.01,956.32,0.0,DE,0,DEV-1052751600,0,16,Completed,API PURCHASE - DSTV,Dstv,2025,December,12,0.84,8.4,10.920000000000002,0
FLR-ACC-100437,Daniel Adeyemi,Individual,NG,NGN,Tier3_Enhanced,2024-11-23,248.25,FLR250804205443,2025-08-04 12:20:58,Monday,12,SALARY - GLOBAL FOODS,no_merchant,Payroll Transfer,Mobile App,3531020.13,4.45,792846.77,0.0,NG,0,DEV-6617487470,0,254,Completed,SALARY - GLOBAL FOODS,Global Foods,2024,November,23,0.00056,1977.3712728,2570.5826546400003,0
FLR-ACC-103451,John Obi,Individual,US,USD,Tier1_Basic,2026-05-18,74.1,FLR260523124610,2026-05-23 11:18:58,Saturday,11,MOBILE PURCHASE - NETFLIX,Netflix,Subscription/SaaS,Mobile App,6.16,0.17,36.83,0.0,US,0,DEV-2957260863,0,5,Completed,MOBILE PURCHASE - NETFLIX,Netflix,2026,May,18,0.77,4.7432,6.16616,0
FLR-ACC-105823,Emeka Okafor,Individual,US,USD,Tier3_Enhanced,2025-04-05,53.03,FLR250531128632,2025-05-31 20:59:18,Saturday,20,API PURCHASE - SHOPRITE,Shoprite,Groceries,API/Integration,12.4,0.99,12.52,0.0,US,0,missing_device,-1,56,Completed,API PURCHASE - SHOPRITE,Shoprite,2025,April,5,0.77,9.548,12.4124,0
FLR-ACC-105122,Grace Yusuf,Individual,GB,GBP,Tier3_Enhanced,2025-06-27,100.85,FLR251118153601,2025-11-18 19:07:45,Tuesday,19,POS PURCHASE - EEDC,EEDC,Utilities,Card Present,28.77,1.0,28.77,0.0,GB,0,DEV-1615641640,0,144,Completed,POS PURCHASE - EEDC,Eedc,2025,June,27,1.0,28.77,37.401,0
FLR-ACC-106195,James Smith,Individual,FR,EUR,Tier1_Basic,2022-12-30,13.93,FLR251214140902,2025-12-14 12:21:22,Sunday,12,MOBILE PURCHASE - CHICKEN REPUBLIC,Chicken Republic,Restaurants,Mobile App,1.44,0.2,7.27,0.0,FR,0,DEV-6688497447,0,1080,Completed,MOBILE PURCHASE - CHICKEN REPUBLIC,Chicken Republic,2022,December,30,0.84,1.2096,1.57248,0
FLR-ACC-105204,Ben Balogun,Individual,GB,GBP,Tier1_Basic,2025-10-22,12.76,FLR250806125142,2025-08-06 06:45:26,Wednesday,6,POS PURCHASE - APPLE STORE ONLINE,Apple Store Online,Retail,Card Present,22.0,4.1,5.36,0.0,GB,0,DEV-1098886242,0,0,Completed,POS PURCHASE - APPLE STORE ONLINE,Apple Store Online,2025,October,22,1.0,22.0,28.6,1
FLR-ACC-102597,Chioma Green,Individual,DE,EUR,Tier2_Verified,2025-04-29,41.5,FLR260614172633,2026-06-14 09:42:52,Sunday,9,POS PURCHASE - BOOKING.COM,Booking.com,Travel,Card Present,47.48,1.0,47.48,0.0,DE,0,DEV-9829071098,0,411,Completed,POS PURCHASE - BOOKING.COM,Booking.Com,2025,April,29,0.84,39.8832,51.84816000000001,0
FLR-ACC-104952,Bluewave Builders Inc,Business,US,USD,Tier2_Verified,2026-02-24,344.45,FLR250721117207,2025-07-21 08:38:11,Monday,8,WEB PURCHASE - APPLE STORE ONLINE,Apple Store Online,Retail,Web Dashboard,93.78,0.25,382.18,0.0,US,0,DEV-9945566305,0,0,Completed,WEB PURCHASE - APPLE STORE ONLINE,Apple Store Online,2026,February,24,0.77,72.2106,93.87378,1
FLR-ACC-104094,Ben Williams,Individual,NG,NGN,Tier3_Enhanced,2025-02-26,226.33,FLR250612115036,2025-06-12 09:06:58,Thursday,9,MOBILE PURCHASE - SPORTYBET,SportyBet,Gambling/Gaming,Mobile App,110306.85,0.11,979297.95,0.0,NG,0,DEV-3262924884,0,106,Completed,MOBILE PURCHASE - SPORTYBET,Sportybet,2025,February,26,0.00056,61.771836,80.3033868,0
FLR-ACC-101100,Silverline Textiles Ltd,Business,US,USD,Tier2_Verified,2024-10-03,575.07,FLR250830181770,2025-08-30 15:33:30,Saturday,15,API PURCHASE - IKEJA ELECTRIC,Ikeja Electric,Utilities,API/Integration,692.79,0.74,937.81,0.0,US,0,DEV-6217098617,0,331,Completed,API PURCHASE - IKEJA ELECTRIC,Ikeja Electric,2024,October,3,0.77,533.4483,693.48279,0
FLR-ACC-100070,Bluewave Consulting Ltd,Business,US,USD,Tier3_Enhanced,2025-03-30,757.82,FLR260813188840,2026-08-13 12:08:52,Thursday,12,API PURCHASE - AMAZON,Amazon,Retail,API/Integration,257.1,0.04,5942.24,0.0,US,0,DEV-6598408788,0,501,Completed,API PURCHASE - AMAZON,Amazon,2025,March,30,0.77,197.967,257.3571,0
FLR-ACC-105959,David Nwosu,Individual,NG,NGN,Tier2_Verified,2026-08-01,95.17,FLR250726183346,2025-07-26 06:52:08,Saturday,6,CNP PURCHASE - MICROSOFT 365,Microsoft 365,Subscription/SaaS,Card Not Present,11828.0,0.01,1086713.82,0.0,NG,0,DEV-7793276753,0,0,Completed,CNP PURCHASE - MICROSOFT 365,Microsoft 365,2026,August,1,0.00056,6.623679999999999,8.610783999999999,1
FLR-ACC-106179,Funke Nwosu,Individual,NG,NGN,Tier2_Verified,2026-04-10,220.66,FLR250905151075,2025-09-05 10:56:04,Friday,10,WEB PURCHASE - KONGA,Konga,Retail,Web Dashboard,91386.0,0.09,1008612.37,0.0,NG,0,DEV-8654245144,0,0,Completed,WEB PURCHASE - KONGA,Konga,2026,April,10,0.00056,51.17616,66.529008,1
FLR-ACC-106257,Metro Ventures Ltd,Business,GB,GBP,Tier3_Enhanced,2025-04-03,162.67,FLR260630183815,2026-06-30 16:43:00,Tuesday,16,WEB PURCHASE - LEADWAY ASSURANCE,Leadway Assurance,Insurance,Web Dashboard,83.17,0.14,606.23,0.0,GB,0,DEV-1039959197,0,453,Completed,WEB PURCHASE - LEADWAY ASSURANCE,Leadway Assurance,2025,April,3,1.0,83.17,108.121,0
FLR-ACC-102530,North Media Co.,Business,NG,NGN,Tier1_Basic,2023-09-09,719.18,FLR250806142150,2025-08-06 19:30:55,Wednesday,19,POS PURCHASE - LEADWAY ASSURANCE,Leadway Assurance,Insurance,Card Present,817692.0,4.02,203178.59,0.0,NG,0,DEV-4916136315,0,697,Completed,POS PURCHASE - LEADWAY ASSURANCE,Leadway Assurance,2023,September,9,0.00056,457.90752,595.279776,0
FLR-ACC-101209,Metro Ventures Ltd,Business,NG,NGN,Tier2_Verified,2025-09-21,728.33,FLR250302201356,2025-03-02 05:53:51,Sunday,5,WEB PURCHASE - JUMIA,Jumia,Retail,Web Dashboard,753834.0,0.3,2495393.23,0.0,NG,0,missing_device,-1,0,Completed,WEB PURCHASE - JUMIA,Jumia,2025,September,21,0.00056,422.14704,548.791152,1
FLR-ACC-105738,Laura Adeyemi,Individual,NG,NGN,Tier1_Basic,2024-03-27,17.07,FLR251223150239,2025-12-23 21:07:59,Tuesday,21,WEB PURCHASE - SLACK,Slack,Subscription/SaaS,Web Dashboard,4672.13,0.01,315815.28,0.0,NG,0,DEV-5245575532,0,636,Completed,WEB PURCHASE - SLACK,Slack,2024,March,27,0.00056,2.6163928,3.40131064,0
FLR-ACC-104831,Global Trading Co.,Business,DE,EUR,Tier3_Enhanced,2025-04-14,1595.43,FLR251125123522,2025-11-25 16:02:15,Tuesday,16,NIP TRANSFER TO MARY IBRAHIM,no_merchant,P2P Transfer,Web Dashboard,843.36,1.01,836.84,0.0,DE,0,DEV-4683738581,0,225,Completed,NIP TRANSFER - MARY IBRAHIM,Mary Ibrahim,2025,April,14,0.84,708.4224,920.94912,0
FLR-ACC-105357,Ifeoma Smith,Individual,GB,GBP,Tier2_Verified,2025-08-28,7.75,FLR260731106678,2026-07-31 09:28:49,Friday,9,ATM WITHDRAWAL - CHASE ATM,Chase ATM,ATM Withdrawal,Mobile App,3.0,1.37,2.19,0.0,GB,0,DEV-5622877242,0,337,Completed,ATM WITHDRAWAL - CHASE ATM,Chase Atm,2025,August,28,1.0,3.0,3.9,0
FLR-ACC-105761,Silverline Retail Ltd,Business,NG,NGN,Tier3_Enhanced,2025-02-28,2359.11,FLR251207116038,2025-12-07 08:49:20,Sunday,8,INTL WIRE - INTERNATIONAL WIRE REF872860,International Wire,Wire Transfer,Web Dashboard,50167668.0,9.23,5435154.0,0.0,NG,0,DEV-7419546111,0,282,Completed,INTL WIRE - INTERNATIONAL WIRE REF872860,International Wire Ref872860,2025,February,28,0.00056,28093.89408,36522.062304,0
FLR-ACC-102761,Kunle Brown,Individual,NG,NGN,Tier2_Verified,2025-10-09,92.24,FLR260117211061,2026-01-17 17:46:07,Saturday,17,CNP PURCHASE - SAINSBURY'S,Sainsbury's,Groceries,Card Not Present,31165.35,0.08,414887.68,0.0,NG,0,DEV-7871400721,0,100,Reversed,CNP PURCHASE - SAINSBURY'S,Sainsbury'S,2025,October,9,0.00056,17.452595999999996,22.688374799999995,0
FLR-ACC-104879,Chioma Adeyemi,Individual,NG,NGN,Tier1_Basic,2026-04-01,81.9,FLR251008108464,2025-10-08 10:45:04,Wednesday,10,NIP TRANSFER TO BEN FASHOLA,no_merchant,P2P Transfer,Mobile App,106721.25,1.0,106721.25,0.0,NG,0,DEV-4301546856,0,0,Completed,NIP TRANSFER - BEN FASHOLA,Ben Fashola,2026,April,1,0.00056,59.76389999999999,77.69306999999999,1
FLR-ACC-102015,Prime Consulting Ltd,Business,US,USD,Tier1_Basic,2026-05-24,149.52,FLR251204151559,2025-12-04 15:56:20,Thursday,15,USSD PURCHASE - ZARA,Zara,Retail,USSD,68.87,0.15,456.52,0.0,US,0,DEV-1058778414,0,0,Completed,USSD PURCHASE - ZARA,Zara,2026,May,24,0.77,53.029900000000005,68.93887000000001,1
FLR-ACC-100401,North Technologies Inc,Business,NG,NGN,Tier1_Basic,2025-10-07,978.93,FLR250711208326,2025-07-11 22:32:24,Friday,22,SALARY - GLOBAL LOGISTICS,no_merchant,Payroll Transfer,API/Integration,12546408.22,5.81,2160367.47,0.0,NG,0,DEV-5843963668,0,0,Completed,SALARY - GLOBAL LOGISTICS,Global Logistics,2025,October,7,0.00056,7025.9886032,9133.78518416,1
FLR-ACC-106078,Chidi Williams,Individual,GB,GBP,Tier2_Verified,2025-10-31,13.6,FLR260528155622,2026-05-28 15:08:05,Thursday,15,SALARY - METRO TRADING,no_merchant,Payroll Transfer,Mobile App,47.09,5.91,7.97,0.0,GB,0,DEV-4459949282,0,209,Completed,SALARY - METRO TRADING,Metro Trading,2025,October,31,1.0,47.09,61.217000000000006,0
FLR-ACC-103843,Grace Balogun,Individual,NG,NGN,Tier2_Verified,2025-04-19,15.32,FLR250814146399,2025-08-14 12:56:32,Thursday,12,MOBILE PURCHASE - NANDO'S,Nando's,Restaurants,Mobile App,6749.74,1.56,4318.0,0.0,NG,0,DEV-2707315371,0,117,Completed,MOBILE PURCHASE - NANDO'S,Nando'S,2025,April,19,0.00056,3.7798544,4.91381072,0
FLR-ACC-101456,Metro Retail Ltd,Business,US,USD,Tier2_Verified,2023-02-17,3439.56,FLR260503214130,2026-05-03 20:50:11,Sunday,20,SALARY - SUNRISE CONSULTING,no_merchant,Payroll Transfer,Card Not Present,19511.78,8.15,2395.42,0.0,US,0,DEV-5253691295,0,1171,Completed,SALARY - SUNRISE CONSULTING,Sunrise Consulting,2023,February,17,0.77,15024.0706,19531.29178,0
FLR-ACC-104307,Prime Trading Ltd,Business,DE,EUR,Tier2_Verified,2024-06-17,1480.41,FLR250602222924,2025-06-02 22:46:49,Monday,22,INTL WIRE - INTERNATIONAL WIRE REF886956,International Wire,Wire Transfer,Web Dashboard,11036.41,0.91,12063.54,0.0,DE,0,DEV-3207622967,0,350,Completed,INTL WIRE - INTERNATIONAL WIRE REF886956,International Wire Ref886956,2024,June,17,0.84,9270.5844,12051.75972,0
FLR-ACC-106279,Funke Adekunle,Individual,NG,NGN,Tier3_Enhanced,2023-10-17,118.99,FLR260113111571,2026-01-13 18:45:46,Tuesday,18,API PURCHASE - THAMES WATER,Thames Water,Utilities,API/Integration,163242.12,1.93,84458.94,0.0,NG,0,DEV-8203946972,0,819,Completed,API PURCHASE - THAMES WATER,Thames Water,2023,October,17,0.00056,91.4155872,118.84026336,0
FLR-ACC-100097,James Bello,Individual,GB,GBP,Tier3_Enhanced,2025-04-20,64.55,FLR260427224983,2026-04-27 09:10:21,Monday,9,POS PURCHASE - WHOLE FOODS,Whole Foods,Groceries,Card Present,34.0,0.01,5942.24,0.0,GB,0,DEV-9585414450,0,372,Completed,POS PURCHASE - WHOLE FOODS,Whole Foods,2025,April,20,1.0,34.0,44.2,0
FLR-ACC-103076,Laura Taylor,Individual,NG,NGN,Tier2_Verified,2024-08-28,37.85,FLR251218208688,2025-12-18 06:48:09,Thursday,6,MOBILE PURCHASE - SLACK,Slack,Subscription/SaaS,Mobile App,1900.05,0.01,164038.82,0.0,NG,0,DEV-2466782107,0,477,Completed,MOBILE PURCHASE - SLACK,Slack,2024,August,28,0.00056,1.064028,1.3832364,0
FLR-ACC-104106,Kemi Yusuf,Individual,US,USD,Tier2_Verified,2023-09-04,62.57,FLR260202212229,2026-02-02 14:32:43,Monday,14,WEB PURCHASE - GOTV,GOtv,Subscription/SaaS,Web Dashboard,4.0,0.03,132.87,0.0,US,0,DEV-9623129500,0,882,Completed,WEB PURCHASE - GOTV,Gotv,2023,September,4,0.77,3.08,4.004,0
FLR-ACC-100646,Sunrise Trading Co.,Business,US,USD,Tier2_Verified,2025-02-12,147.2,FLR260606160624,2026-06-06 19:44:39,Saturday,19,INTL WIRE - INTERNATIONAL WIRE REF273212,International Wire,Wire Transfer,Web Dashboard,1074.0,3.55,302.8,0.0,US,0,DEV-4251332399,0,479,Completed,INTL WIRE - INTERNATIONAL WIRE REF273212,International Wire Ref273212,2025,February,12,0.77,826.98,1075.074,0
FLR-ACC-103083,Aisha Adekunle,Individual,NG,NGN,Tier1_Basic,2024-11-23,87.66,FLR260425144883,2026-04-25 15:32:48,Saturday,15,USSD PURCHASE - SPAR,Spar,Groceries,USSD,91854.0,0.28,332680.62,0.0,DE,1,DEV-3319504455,0,518,Completed,USSD PURCHASE - SPAR,Spar,2024,November,23,0.00056,51.43823999999999,66.86971199999999,0
FLR-ACC-102771,Yetunde Balogun,Individual,GB,GBP,Tier2_Verified,2023-08-23,39.41,FLR250425116989,2025-04-25 19:01:11,Friday,19,MOBILE PURCHASE - BRITISH AIRWAYS,British Airways,Travel,Mobile App,108.0,1.0,108.0,0.0,GB,0,missing_device,-1,611,Completed,MOBILE PURCHASE - BRITISH AIRWAYS,British Airways,2023,August,23,1.0,108.0,140.4,0
FLR-ACC-101657,Emeka Adeyemi,Individual,NG,NGN,Tier2_Verified,2022-10-22,157.45,FLR260228126405,2026-02-28 17:48:57,Saturday,17,MOBILE PURCHASE - SLOT SYSTEMS,Slot Systems,Electronics,Mobile App,275233.0,1.0,275233.0,0.0,NG,0,DEV-5208056831,0,1225,Completed,MOBILE PURCHASE - SLOT SYSTEMS,Slot Systems,2022,October,22,0.00056,154.13047999999998,200.369624,0
FLR-ACC-105326,David Okoro,Individual,DE,EUR,Tier2_Verified,2025-10-27,113.27,FLR260409199255,2026-04-09 21:38:53,Thursday,21,WEB PURCHASE - APPLE STORE,Apple Store,Electronics,Web Dashboard,114.0,1.59,71.78,0.0,DE,0,DEV-4279622685,0,164,Completed,WEB PURCHASE - APPLE STORE,Apple Store,2025,October,27,0.84,95.76,124.488,0
FLR-ACC-107049,Mary Balogun,Individual,NG,NGN,Tier1_Basic,2024-05-21,23.4,FLR260311104918,2026-03-11 13:00:11,Wednesday,13,ATM WITHDRAWAL - ZENITH ATM,Zenith ATM,ATM Withdrawal,Mobile App,33250.93,0.83,40269.62,0.0,NG,0,DEV-3501346785,0,659,Completed,ATM WITHDRAWAL - ZENITH ATM,Zenith Atm,2024,May,21,0.00056,18.6205208,24.20667704,0
FLR-ACC-103716,Femi Chukwu,Individual,NG,NGN,Tier3_Enhanced,2023-08-31,61.51,FLR251116200984,2025-11-16 06:00:17,Sunday,6,CNP PURCHASE - NETFLIX,Netflix,Subscription/SaaS,Card Not Present,4877.24,0.03,152973.76,0.0,NG,0,DEV-1719078077,0,808,Completed,CNP PURCHASE - NETFLIX,Netflix,2023,August,31,0.00056,2.7312544,3.55063072,0
FLR-ACC-105955,John Smith,Individual,US,USD,Tier3_Enhanced,2026-05-01,22.11,FLR260725133936,2026-07-25 08:15:11,Saturday,8,NIP TRANSFER TO FEMI JOHNSON,no_merchant,P2P Transfer,Mobile App,14.65,3.49,4.2,0.0,US,0,DEV-4703706018,0,85,Completed,NIP TRANSFER - FEMI JOHNSON,Femi Johnson,2026,May,1,0.77,11.2805,14.66465,0
FLR-ACC-104412,Blessing Balogun,Individual,GB,GBP,Tier2_Verified,2024-04-29,102.66,FLR260109216457,2026-01-09 18:30:50,Friday,18,MOBILE PURCHASE - DOMINO'S PIZZA,Domino's Pizza,Restaurants,Mobile App,6.0,0.22,27.9,0.0,GB,0,DEV-1766527381,0,620,Completed,MOBILE PURCHASE - DOMINO'S PIZZA,Domino'S Pizza,2024,April,29,1.0,6.0,7.800000000000001,0
FLR-ACC-105004,Sunrise Textiles Ltd,Business,US,USD,Tier2_Verified,2025-09-08,400.13,FLR250728122550,2025-07-28 14:29:37,Monday,14,INTL WIRE - INTERNATIONAL WIRE REF363938,International Wire,Wire Transfer,API/Integration,2772.2,14.72,188.36,0.0,US,0,DEV-9870257300,0,0,Completed,INTL WIRE - INTERNATIONAL WIRE REF363938,International Wire Ref363938,2025,September,8,0.77,2134.594,2774.9722,1
FLR-ACC-106283,Olu Balogun,Individual,DE,EUR,Tier3_Enhanced,2024-02-11,60.47,FLR260120187485,2026-01-20 08:34:53,Tuesday,8,SALARY - SILVERLINE MEDIA,no_merchant,Payroll Transfer,Card Present,778.49,37.07,21.0,0.0,DE,0,DEV-4580294631,0,709,Completed,SALARY - SILVERLINE MEDIA,Silverline Media,2024,February,11,0.84,653.9316,850.11108,0
FLR-ACC-100497,Laura Brown,Individual,GB,GBP,Tier2_Verified,2026-06-16,74.66,FLR260830147414,2026-08-30 14:29:22,Sunday,14,MOBILE PURCHASE - ASOS,ASOS,Retail,Mobile App,68.0,2.12,32.0,0.0,GB,0,DEV-3987281789,0,75,Completed,MOBILE PURCHASE - ASOS,Asos,2026,June,16,1.0,68.0,88.4,0
FLR-ACC-100197,Chioma Taylor,Individual,NG,NGN,Tier2_Verified,2025-04-17,37.7,FLR260827130216,2026-08-27 07:06:46,Thursday,7,WEB PURCHASE - PLAYSTATION STORE,PlayStation Store,Gambling/Gaming,Web Dashboard,9467.0,0.19,49415.32,0.0,NG,0,DEV-2743440394,0,497,Completed,WEB PURCHASE - PLAYSTATION STORE,Playstation Store,2025,April,17,0.00056,5.301519999999999,6.891975999999999,0
FLR-ACC-102117,Funke Chukwu,Individual,US,USD,Tier2_Verified,2025-12-12,133.57,FLR250418175163,2025-04-18 14:49:58,Friday,14,MOBILE PURCHASE - COLD STONE CREAMERY,Cold Stone Creamery,Restaurants,Mobile App,22.7,0.14,168.0,0.0,US,0,DEV-9061281792,0,0,Completed,MOBILE PURCHASE - COLD STONE CREAMERY,Cold Stone Creamery,2025,December,12,0.77,17.479,22.7227,1
FLR-ACC-107105,Aisha Taylor,Individual,NG,NGN,Tier3_Enhanced,2022-11-09,79.7,FLR260627220713,2026-06-27 10:40:53,Saturday,10,SALARY - APEX LOGISTICS,no_merchant,Payroll Transfer,Mobile App,584555.5,0.9,652205.0,0.0,NG,0,DEV-3666117389,0,1326,Completed,SALARY - APEX LOGISTICS,Apex Logistics,2022,November,9,0.00056,327.35108,425.556404,0
FLR-ACC-100880,Greenfield Technologies Inc,Business,NG,NGN,Tier2_Verified,2024-04-09,400.61,FLR251204148305,2025-12-04 13:51:44,Thursday,13,SALARY - METRO VENTURES,no_merchant,Payroll Transfer,API/Integration,4306274.0,15.79,272785.46,0.0,NG,0,DEV-8463917753,0,604,Completed,SALARY - METRO VENTURES,Metro Ventures,2024,April,9,0.00056,2411.51344,3134.9674720000003,0
FLR-ACC-106172,Ben Bello,Individual,US,USD,Tier1_Basic,2025-03-11,38.39,FLR260730126451,2026-07-30 22:34:19,Thursday,22,MOBILE PURCHASE - CURRYS PC WORLD,Currys PC World,Electronics,Mobile App,43.58,0.52,83.34,0.0,US,0,DEV-6399912857,0,506,Completed,MOBILE PURCHASE - CURRYS PC WORLD,Currys Pc World,2025,March,11,0.77,33.5566,43.62358,0
FLR-ACC-106864,Tunde Okoro,Individual,NG,NGN,Tier2_Verified,2024-09-15,51.44,FLR251127115250,2025-11-27 23:10:15,Thursday,23,WEB PURCHASE - JUSTRITE SUPERSTORE,Justrite Superstore,Groceries,Web Dashboard,37361.55,0.75,49793.59,0.0,NG,0,DEV-7403039043,0,438,Completed,WEB PURCHASE - JUSTRITE SUPERSTORE,Justrite Superstore,2024,September,15,0.00056,20.922468,27.1992084,0
FLR-ACC-100104,Sunrise Textiles Co.,Business,GB,GBP,Tier1_Basic,2025-01-04,768.46,FLR260701172528,2026-07-01 10:44:37,Wednesday,10,CNP PURCHASE - AVIVA,Aviva,Insurance,Card Not Present,1515.36,1.38,1096.0,0.0,GB,0,DEV-2841093711,1,543,Completed,CNP PURCHASE - AVIVA,Aviva,2025,January,4,1.0,1515.36,1969.968,0
FLR-ACC-106979,Ruth Williams,Individual,GB,GBP,Tier3_Enhanced,2026-01-13,78.43,FLR250227210162,2025-02-27 14:57:43,Thursday,14,NIP TRANSFER TO TUNDE OKORO,no_merchant,P2P Transfer,Card Present,29.72,6.03,4.93,0.0,GB,0,missing_device,-1,0,Completed,NIP TRANSFER - TUNDE OKORO,Tunde Okoro,2026,January,13,1.0,29.72,38.636,1
FLR-ACC-101512,Apex Trading LLC,Business,DE,EUR,Tier3_Enhanced,2024-10-13,1094.99,FLR250426114952,2025-04-26 22:30:12,Saturday,22,MOBILE PURCHASE - AVIVA,Aviva,Insurance,Mobile App,1245.89,0.95,1316.15,0.0,DE,0,DEV-4899881498,1,195,Completed,MOBILE PURCHASE - AVIVA,Aviva,2024,October,13,0.84,1046.5476,1360.5118800000002,0
FLR-ACC-105168,Urban Builders LLC,Business,NG,NGN,Tier2_Verified,2024-07-19,1081.17,FLR260304180205,2026-03-04 13:00:04,Wednesday,13,SALARY - PRIME CONSULTING,no_merchant,Payroll Transfer,Web Dashboard,4622409.15,0.6,7699979.77,0.0,NG,0,DEV-2240544904,0,593,Declined,SALARY - PRIME CONSULTING,Prime Consulting,2024,July,19,0.00056,2588.549124,3365.1138612000004,0
FLR-ACC-101284,Silverline Builders LLC,Business,DE,EUR,Tier2_Verified,2025-07-20,81.98,FLR251117181902,2025-11-17 20:32:49,Monday,20,NIP TRANSFER TO AISHA BROWN,no_merchant,P2P Transfer,Web Dashboard,88.75,0.56,159.17,0.0,DE,0,DEV-4527916333,0,120,Completed,NIP TRANSFER - AISHA BROWN,Aisha Brown,2025,July,20,0.84,74.55,96.915,0
FLR-ACC-106232,Chidi Nwosu,Individual,NG,NGN,Tier3_Enhanced,2025-03-29,41.64,FLR250330206604,2025-03-30 08:50:10,Sunday,8,POS PURCHASE - BOLT,Bolt,Travel,Card Present,182857.0,4.1,44571.0,0.0,NG,0,missing_device,-1,1,Completed,POS PURCHASE - BOLT,Bolt,2025,March,29,0.00056,102.39992,133.119896,0
FLR-ACC-105543,Aisha Yusuf,Individual,FR,EUR,Tier2_Verified,2025-02-14,234.56,FLR260217119257,2026-02-17 20:10:53,Tuesday,20,WEB PURCHASE - APPLE STORE ONLINE,Apple Store Online,Retail,Web Dashboard,169.0,2.6,65.1,0.0,FR,0,DEV-3610772720,0,368,Completed,WEB PURCHASE - APPLE STORE ONLINE,Apple Store Online,2025,February,14,0.84,141.96,184.54800000000003,0
FLR-ACC-102774,Funke Brown,Individual,NG,NGN,Tier3_Enhanced,2025-03-11,32.71,FLR251110147036,2025-11-10 13:37:51,Monday,13,CNP PURCHASE - SAINSBURY'S,Sainsbury's,Groceries,Card Not Present,27634.01,1.0,27634.01,0.0,NG,0,DEV-2265491158,0,244,Completed,CNP PURCHASE - SAINSBURY'S,Sainsbury'S,2025,March,11,0.00056,15.475045599999998,20.11755928,0
FLR-ACC-102510,Global Textiles Co.,Business,NG,NGN,Tier3_Enhanced,2024-12-08,291.39,FLR250711160074,2025-07-11 18:49:15,Friday,18,CNP PURCHASE - CONED,ConEd,Utilities,Card Not Present,218411.0,0.23,955420.0,0.0,NG,0,DEV-6887220578,0,215,Completed,CNP PURCHASE - CONED,Coned,2024,December,8,0.00056,122.31016,159.003208,0
FLR-ACC-103977,Greenfield Media Inc,Business,GB,GBP,Tier1_Basic,2026-07-27,2842.26,FLR260830168327,2026-08-30 05:09:43,Sunday,5,SALARY - NORTH FOODS,no_merchant,Payroll Transfer,API/Integration,14787.0,8.04,1838.1,0.0,GB,0,DEV-7836598472,0,34,Completed,SALARY - NORTH FOODS,North Foods,2026,July,27,1.0,14787.0,19223.1,0
FLR-ACC-102603,Global Technologies Co.,Business,NG,NGN,Tier2_Verified,2024-07-14,1029.32,FLR250908174008,2025-09-08 17:08:13,Monday,17,SALARY - GREENFIELD TECHNOLOGIES,no_merchant,Payroll Transfer,Mobile App,12634180.67,12.38,1020804.83,0.0,NG,0,DEV-7718337909,0,421,Completed,SALARY - GREENFIELD TECHNOLOGIES,Greenfield Technologies,2024,July,14,0.00056,7075.141175199999,9197.68352776,0
FLR-ACC-106649,North Logistics LLC,Business,NG,NGN,Tier2_Verified,2023-09-25,285.17,FLR251027160725,2025-10-27 19:41:20,Monday,19,SALARY - SILVERLINE TRADING,no_merchant,Payroll Transfer,Mobile App,1695437.19,0.81,2103995.1,0.0,NG,0,DEV-7764243633,0,763,Completed,SALARY - SILVERLINE TRADING,Silverline Trading,2023,September,25,0.00056,949.4448264,1234.27827432,0
FLR-ACC-100929,North Media LLC,Business,NG,NGN,Tier2_Verified,2024-03-13,119.93,FLR250702121467,2025-07-02 12:01:32,Wednesday,12,SALARY - GREENFIELD TECHNOLOGIES,no_merchant,Payroll Transfer,Card Not Present,710622.0,11.04,64358.28,0.0,NG,0,DEV-7563409989,0,476,Completed,SALARY - GREENFIELD TECHNOLOGIES,Greenfield Technologies,2024,March,13,0.00056,397.94832,517.3328160000001,0
FLR-ACC-102487,Apex Consulting Ltd,Business,US,USD,Tier1_Basic,2024-11-16,460.95,FLR250711102721,2025-07-11 22:09:52,Friday,22,NIP TRANSFER TO CHIDI ADEKUNLE,no_merchant,P2P Transfer,API/Integration,335.65,1.0,335.65,0.0,US,0,DEV-9883308383,0,237,Completed,NIP TRANSFER - CHIDI ADEKUNLE,Chidi Adekunle,2024,November,16,0.77,258.4505,335.98565,0
FLR-ACC-106342,Peter Adekunle,Individual,NG,NGN,Tier2_Verified,2025-09-01,91.91,FLR250827210509,2025-08-27 09:53:44,Wednesday,9,USSD PURCHASE - THAMES WATER,Thames Water,Utilities,USSD,61488.02,0.79,77604.2,0.0,NG,0,DEV-7948942795,0,0,Completed,USSD PURCHASE - THAMES WATER,Thames Water,2025,September,1,0.00056,34.43329119999999,44.76327855999999,1
FLR-ACC-103728,Mary Green,Individual,US,USD,Tier3_Enhanced,2025-08-11,59.72,FLR250830196219,2025-08-30 19:55:04,Saturday,19,ATM WITHDRAWAL - ZENITH ATM,Zenith ATM,ATM Withdrawal,Web Dashboard,93.0,0.02,5942.24,0.0,US,0,DEV-5916153430,0,19,Completed,ATM WITHDRAWAL - ZENITH ATM,Zenith Atm,2025,August,11,0.77,71.61,93.093,0
FLR-ACC-104319,Funke Hassan,Individual,NG,NGN,Tier2_Verified,2025-07-02,58.55,FLR250624192954,2025-06-24 12:36:59,Tuesday,12,CNP PURCHASE - CVS PHARMACY,CVS Pharmacy,Healthcare,Card Not Present,117652.91,2.11,55768.53,0.0,NG,0,DEV-7042211276,0,0,Completed,CNP PURCHASE - CVS PHARMACY,Cvs Pharmacy,2025,July,2,0.00056,65.8856296,85.65131848,1
FLR-ACC-103048,Peter Balogun,Individual,NG,NGN,Tier3_Enhanced,2025-02-24,36.22,FLR250201168247,2025-02-01 17:46:43,Saturday,17,POS PURCHASE - COLD STONE CREAMERY,Cold Stone Creamery,Restaurants,Card Present,20343.0,2.05,9936.0,0.0,NG,0,missing_device,-1,0,Completed,POS PURCHASE - COLD STONE CREAMERY,Cold Stone Creamery,2025,February,24,0.00056,11.392079999999998,14.809703999999998,1
FLR-ACC-102614,Tobi Smith,Individual,US,USD,Tier2_Verified,2025-01-12,17.59,FLR251009157370,2025-10-09 15:30:07,Thursday,15,NIP TRANSFER TO FUNKE TAYLOR,no_merchant,P2P Transfer,Card Present,16.0,0.94,16.95,0.0,GB,1,DEV-5649019475,0,270,Completed,NIP TRANSFER - FUNKE TAYLOR,Funke Taylor,2025,January,12,0.77,12.32,16.016000000000002,0
FLR-ACC-104053,Metro Consulting LLC,Business,GB,GBP,Tier2_Verified,2024-03-17,246.17,FLR260102214072,2026-01-02 05:16:04,Friday,5,POS PURCHASE - QUIDAX,Quidax,Crypto Exchange,Card Present,595.0,0.6,990.84,0.0,GB,0,DEV-1252653006,0,656,Completed,POS PURCHASE - QUIDAX,Quidax,2024,March,17,1.0,595.0,773.5,0
FLR-ACC-104014,Funke Obi,Individual,FR,EUR,Tier1_Basic,2025-06-16,197.42,FLR250827106298,2025-08-27 14:59:51,Wednesday,14,CNP PURCHASE - COLD STONE CREAMERY,Cold Stone Creamery,Restaurants,Card Not Present,42.0,1.0,42.0,0.0,FR,0,DEV-8946650306,0,72,Completed,CNP PURCHASE - COLD STONE CREAMERY,Cold Stone Creamery,2025,June,16,0.84,35.28,45.864,0
FLR-ACC-105497,Global Consulting Inc,Business,US,USD,Tier3_Enhanced,2024-12-11,395.31,FLR251227206856,2025-12-27 11:32:16,Saturday,11,NIP TRANSFER TO TUNDE SMITH,no_merchant,P2P Transfer,API/Integration,321.2,0.21,1537.99,0.0,US,0,DEV-4294267947,0,381,Completed,NIP TRANSFER - TUNDE SMITH,Tunde Smith,2024,December,11,0.77,247.324,321.5212,0
FLR-ACC-100416,Silverline Retail Ltd,Business,NG,NGN,Tier2_Verified,2024-11-28,542.79,FLR260403199467,2026-04-03 13:12:22,Friday,13,SALARY - BLUEWAVE MEDIA,no_merchant,Payroll Transfer,API/Integration,2981175.84,5.02,593464.0,0.0,NG,0,DEV-5788273494,0,491,Completed,SALARY - BLUEWAVE MEDIA,Bluewave Media,2024,November,28,0.00056,1669.4584703999997,2170.29601152,0
FLR-ACC-106967,Sunrise Ventures Inc,Business,NG,NGN,Tier3_Enhanced,2024-06-07,277.69,FLR250728200375,2025-07-28 10:31:46,Monday,10,ATM WITHDRAWAL - GTBANK ATM,GTBank ATM,ATM Withdrawal,Web Dashboard,112562.84,0.16,702213.23,0.0,NG,0,DEV-9509907076,0,416,Completed,ATM WITHDRAWAL - GTBANK ATM,Gtbank Atm,2024,June,7,0.00056,63.03519039999999,81.94574751999998,0
FLR-ACC-102292,Laura Balogun,Individual,NG,NGN,Tier2_Verified,2025-08-22,54.15,FLR260320126798,2026-03-20 13:49:12,Friday,13,USSD PURCHASE - QUIDAX,Quidax,Crypto Exchange,USSD,995156.2,21.56,46151.84,0.0,NG,0,DEV-3252416001,0,210,Completed,USSD PURCHASE - QUIDAX,Quidax,2025,August,22,0.00056,557.287472,724.4737136,0
FLR-ACC-102862,Tobi Okoro,Individual,US,USD,Tier3_Enhanced,2026-01-06,126.74,FLR251227171850,2025-12-27 12:22:37,Saturday,12,WEB PURCHASE - QUIDAX,Quidax,Crypto Exchange,Web Dashboard,155.0,3.01,51.56,0.0,US,0,DEV-8241250882,0,0,Completed,WEB PURCHASE - QUIDAX,Quidax,2026,January,6,0.77,119.35,155.155,1
FLR-ACC-102152,Olu Adekunle,Individual,NG,NGN,Tier2_Verified,2025-07-12,27.86,FLR260413213730,2026-04-13 18:00:18,Monday,18,POS PURCHASE - GOTV,GOtv,Subscription/SaaS,Card Present,1247.69,0.01,102549.11,0.0,NG,0,DEV-5754544033,1,275,Completed,POS PURCHASE - GOTV,Gotv,2025,July,12,0.00056,0.6987064,0.90831832,0
FLR-ACC-104982,Sunrise Ventures Inc,Business,DE,EUR,Tier1_Basic,2026-07-17,87.6,FLR260224124904,2026-02-24 14:07:49,Tuesday,14,CNP PURCHASE - THAMES WATER,Thames Water,Utilities,Card Not Present,14.6,1.0,14.6,0.0,DE,0,DEV-9494935265,0,0,Completed,CNP PURCHASE - THAMES WATER,Thames Water,2026,July,17,0.84,12.264,15.9432,1
FLR-ACC-105625,Kemi Balogun,Individual,NG,NGN,Tier1_Basic,2025-07-20,103.75,FLR250428118057,2025-04-28 14:29:57,Monday,14,SALARY - NORTH TECHNOLOGIES,no_merchant,Payroll Transfer,API/Integration,1397037.25,5.8,240832.56,0.0,NG,0,DEV-4601216846,0,0,Completed,SALARY - NORTH TECHNOLOGIES,North Technologies,2025,July,20,0.00056,782.3408599999999,1017.043118,1
FLR-ACC-104426,Yetunde Okafor,Individual,NG,NGN,Tier2_Verified,2026-06-10,104.22,FLR250228168403,2025-02-28 15:33:59,Friday,15,CNP PURCHASE - ASOS,ASOS,Retail,Card Not Present,174560.0,0.15,1153321.0,0.0,NG,0,missing_device,-1,0,Completed,CNP PURCHASE - ASOS,Asos,2026,June,10,0.00056,97.7536,127.07968,1
FLR-ACC-100558,Olu Nwosu,Individual,NG,NGN,Tier2_Verified,2025-10-13,29.24,FLR251217129025,2025-12-17 20:32:02,Wednesday,20,POS PURCHASE - ZARA,Zara,Retail,Card Present,61786.0,1.81,34226.81,0.0,NG,0,DEV-7137058731,1,65,Completed,POS PURCHASE - ZARA,Zara,2025,October,13,0.00056,34.600159999999995,44.980208,0
FLR-ACC-102356,Peter Eze,Individual,GB,GBP,Tier1_Basic,2024-11-25,15.04,FLR260407181898,2026-04-07 17:26:58,Tuesday,17,NIP TRANSFER TO FEMI HASSAN,no_merchant,P2P Transfer,Card Present,7.91,1.51,5.25,0.0,GB,0,DEV-2923796424,0,498,Reversed,NIP TRANSFER - FEMI HASSAN,Femi Hassan,2024,November,25,1.0,7.91,10.283,0
FLR-ACC-102020,Global Technologies Inc,Business,NG,NGN,Tier3_Enhanced,2024-09-26,229.91,FLR251115164480,2025-11-15 11:07:18,Saturday,11,MOBILE PURCHASE - THAMES WATER,Thames Water,Utilities,Mobile App,188512.0,1.0,188512.0,0.0,NG,0,DEV-2642985864,0,415,Completed,MOBILE PURCHASE - THAMES WATER,Thames Water,2024,September,26,0.00056,105.56672,137.236736,0
FLR-ACC-100394,Ifeoma Green,Individual,NG,NGN,Tier2_Verified,2025-03-04,68.79,FLR260816107620,2026-08-16 14:15:11,Sunday,14,WEB PURCHASE - JUMIA MART,Jumia Mart,Groceries,Web Dashboard,22635.3,0.16,139634.42,0.0,NG,0,DEV-1919521289,0,530,Completed,WEB PURCHASE - JUMIA MART,Jumia Mart,2025,March,4,0.00056,12.675767999999998,16.4784984,0
FLR-ACC-106372,Global Retail Ltd,Business,NG,NGN,Tier3_Enhanced,2025-04-16,751.01,FLR251214120471,2025-12-14 18:14:38,Sunday,18,API PURCHASE - AVIVA,Aviva,Insurance,API/Integration,944828.4,0.11,8608276.25,0.0,NG,0,DEV-8545883481,0,242,Completed,API PURCHASE - AVIVA,Aviva,2025,April,16,0.00056,529.1039039999999,687.8350752,0
FLR-ACC-103180,Ifeoma Yusuf,Individual,NG,NGN,Tier3_Enhanced,2024-07-30,52.96,FLR260529157287,2026-05-29 06:45:43,Friday,6,ATM WITHDRAWAL - GTBANK ATM,GTBank ATM,ATM Withdrawal,Mobile App,76631.2,1.0,76631.2,0.0,NG,0,DEV-8873009822,0,668,Completed,ATM WITHDRAWAL - GTBANK ATM,Gtbank Atm,2024,July,30,0.00056,42.91347199999999,55.78751359999999,0
FLR-ACC-100264,Peter Ibrahim,Individual,NG,NGN,Tier2_Verified,2024-08-18,35.96,FLR251201160957,2025-12-01 18:28:11,Monday,18,CNP PURCHASE - JUMIA,Jumia,Retail,Card Not Present,33925.26,1.0,33925.26,0.0,NG,0,DEV-5271704152,0,470,Completed,CNP PURCHASE - JUMIA,Jumia,2024,August,18,0.00056,18.9981456,24.697589280000003,0
FLR-ACC-103279,Emeka Johnson,Individual,NG,NGN,Tier2_Verified,2025-12-01,101.11,FLR260518147547,2026-05-18 12:41:40,Monday,12,POS PURCHASE - GOTV,GOtv,Subscription/SaaS,Card Present,10972.68,0.02,469904.81,0.0,NG,0,DEV-7206395718,0,168,Completed,POS PURCHASE - GOTV,Gotv,2025,December,1,0.00056,6.1447008,7.98811104,0
FLR-ACC-101629,Emeka Ibrahim,Individual,NG,NGN,Tier3_Enhanced,2025-04-14,52.79,FLR250216131087,2025-02-16 05:46:11,Sunday,5,MOBILE PURCHASE - AIR PEACE,Air Peace,Travel,Mobile App,128708.8,1.0,128708.8,0.0,NG,0,DEV-7636295219,0,0,Completed,MOBILE PURCHASE - AIR PEACE,Air Peace,2025,April,14,0.00056,72.076928,93.7000064,1
FLR-ACC-104389,James Hassan,Individual,FR,EUR,Tier2_Verified,2024-04-06,85.35,FLR260724138369,2026-07-24 17:01:01,Friday,17,USSD PURCHASE - SPOTIFY,Spotify,Subscription/SaaS,USSD,4.0,0.04,91.45,0.0,FR,0,DEV-8015142483,0,839,Completed,USSD PURCHASE - SPOTIFY,Spotify,2024,April,6,0.84,3.36,4.368,0
FLR-ACC-100919,Silverline Technologies Co.,Business,GB,GBP,Tier2_Verified,2024-11-11,274.75,FLR260204215265,2026-02-04 19:53:59,Wednesday,19,API PURCHASE - ADOBE CREATIVE CLOUD,Adobe Creative Cloud,Subscription/SaaS,API/Integration,17.0,0.02,804.13,0.0,GB,0,DEV-4628468714,0,450,Completed,API PURCHASE - ADOBE CREATIVE CLOUD,Adobe Creative Cloud,2024,November,11,1.0,17.0,22.1,0
FLR-ACC-106287,Sunrise Trading Co.,Business,GB,GBP,Tier2_Verified,2026-03-06,200.17,FLR260718128521,2026-07-18 12:25:13,Saturday,12,MOBILE PURCHASE - DSTV,DSTV,Subscription/SaaS,Mobile App,5.51,0.01,1031.13,0.0,GB,0,DEV-6716050693,0,134,Completed,MOBILE PURCHASE - DSTV,Dstv,2026,March,6,1.0,5.51,7.163,0
FLR-ACC-106461,Ifeoma Hassan,Individual,NG,NGN,Tier2_Verified,2025-08-11,44.71,FLR250925139620,2025-09-25 11:35:09,Thursday,11,ATM WITHDRAWAL - ZENITH ATM,Zenith ATM,ATM Withdrawal,Mobile App,22371.62,1.0,22371.62,0.0,NG,0,DEV-3884856029,0,45,Completed,ATM WITHDRAWAL - ZENITH ATM,Zenith Atm,2025,August,11,0.00056,12.5281072,16.286539360000003,0
FLR-ACC-100118,Chioma Adeyemi,Individual,GB,GBP,Tier3_Enhanced,2023-10-13,65.08,FLR250808111742,2025-08-08 17:10:32,Friday,17,NIP TRANSFER TO DANIEL YUSUF,no_merchant,P2P Transfer,Card Not Present,73.0,0.98,74.49,0.0,GB,0,DEV-8785202821,1,665,Completed,NIP TRANSFER - DANIEL YUSUF,Daniel Yusuf,2023,October,13,1.0,73.0,94.9,0
FLR-ACC-105182,Sarah Adekunle,Individual,NG,NGN,Tier2_Verified,2023-09-16,80.49,FLR260306145560,2026-03-06 21:03:44,Friday,21,MOBILE PURCHASE - ZARA,Zara,Retail,Mobile App,46031.62,1.0,46031.62,0.0,NG,0,DEV-2891539388,0,902,Completed,MOBILE PURCHASE - ZARA,Zara,2023,September,16,0.00056,25.7777072,33.51101936,0
FLR-ACC-104359,Peter Chukwu,Individual,NG,NGN,Tier3_Enhanced,2025-02-18,91.89,FLR250516144216,2025-05-16 19:59:33,Friday,19,NIP TRANSFER TO DAVID YUSUF,no_merchant,P2P Transfer,Card Present,51246.2,1.32,38949.55,0.0,NG,0,DEV-3013468298,0,87,Completed,NIP TRANSFER - DAVID YUSUF,David Yusuf,2025,February,18,0.00056,28.697872,37.3072336,0
FLR-ACC-104391,Prime Trading Co.,Business,NG,NGN,Tier3_Enhanced,2024-02-18,646.52,FLR260625212317,2026-06-25 21:24:12,Thursday,21,WEB PURCHASE - AIR PEACE,Air Peace,Travel,Web Dashboard,2483399.11,0.3,8326759.99,0.0,NG,0,DEV-7420147255,0,858,Completed,WEB PURCHASE - AIR PEACE,Air Peace,2024,February,18,0.00056,1390.7035015999998,1807.91455208,0
FLR-ACC-101661,Amaka Ibrahim,Individual,DE,EUR,Tier2_Verified,2023-10-31,78.5,FLR251011142631,2025-10-11 14:06:56,Saturday,14,MOBILE PURCHASE - JUMIA MART,Jumia Mart,Groceries,Mobile App,28.69,8.41,3.41,0.0,DE,0,DEV-6498335832,0,711,Completed,MOBILE PURCHASE - JUMIA MART,Jumia Mart,2023,October,31,0.84,24.0996,31.32948,0
FLR-ACC-104009,Sarah Green,Individual,NG,NGN,Tier3_Enhanced,2024-11-27,31.72,FLR250604215508,2025-06-04 06:10:35,Wednesday,6,MOBILE PURCHASE - ADOBE CREATIVE CLOUD,Adobe Creative Cloud,Subscription/SaaS,Mobile App,2609.07,1.0,2609.07,0.0,NG,0,DEV-8160924489,0,189,Completed,MOBILE PURCHASE - ADOBE CREATIVE CLOUD,Adobe Creative Cloud,2024,November,27,0.00056,1.4610792,1.89940296,0
FLR-ACC-103890,Musa Johnson,Individual,DE,EUR,Tier2_Verified,2026-01-07,70.88,FLR260603200871,2026-06-03 14:13:18,Wednesday,14,WEB PURCHASE - SHOPRITE,Shoprite,Groceries,Web Dashboard,15.02,1.0,15.02,0.0,DE,0,DEV-1077678252,0,147,Completed,WEB PURCHASE - SHOPRITE,Shoprite,2026,January,7,0.84,12.6168,16.40184,0
FLR-ACC-101746,Tobi Smith,Individual,DE,EUR,Tier2_Verified,2025-08-10,25.31,FLR250805114822,2025-08-05 15:36:27,Tuesday,15,SALARY - APEX CONSULTING,no_merchant,Payroll Transfer,API/Integration,177.58,10.13,17.53,0.0,DE,0,DEV-5585150852,0,0,Completed,SALARY - APEX CONSULTING,Apex Consulting,2025,August,10,0.84,149.1672,193.91736000000003,1
FLR-ACC-103518,Mary Chukwu,Individual,GB,GBP,Tier3_Enhanced,2025-07-28,54.35,FLR250718139031,2025-07-18 10:05:31,Friday,10,MOBILE PURCHASE - AVIVA,Aviva,Insurance,Mobile App,38.93,0.95,40.92,0.0,GB,0,DEV-1656815995,0,0,Completed,MOBILE PURCHASE - AVIVA,Aviva,2025,July,28,1.0,38.93,50.609,1
FLR-ACC-103800,Laura Fashola,Individual,NG,NGN,Tier2_Verified,2024-08-24,44.03,FLR250218195011,2025-02-18 07:51:01,Tuesday,7,MOBILE PURCHASE - EEDC,EEDC,Utilities,Mobile App,38203.0,1.53,25037.82,0.0,NG,0,missing_device,-1,178,Completed,MOBILE PURCHASE - EEDC,Eedc,2024,August,24,0.00056,21.39368,27.811784,0
FLR-ACC-104942,Grace Okoro,Individual,NG,NGN,Tier3_Enhanced,2024-11-06,73.52,FLR260221116443,2026-02-21 15:52:44,Saturday,15,CNP PURCHASE - NANDO'S,Nando's,Restaurants,Card Not Present,20368.45,0.06,337178.28,0.0,NG,0,DEV-6031820162,0,472,Completed,CNP PURCHASE - NANDO'S,Nando'S,2024,November,6,0.00056,11.406332,14.828231600000002,0
FLR-ACC-101262,Tobi Balogun,Individual,NG,NGN,Tier1_Basic,2025-07-19,185.47,FLR251220140092,2025-12-20 13:49:04,Saturday,13,NIP TRANSFER TO IFEOMA HASSAN,no_merchant,P2P Transfer,Mobile App,94262.69,0.3,314384.64,0.0,NG,0,DEV-9805955307,0,154,Completed,NIP TRANSFER - IFEOMA HASSAN,Ifeoma Hassan,2025,July,19,0.00056,52.7871064,68.62323832,0
FLR-ACC-102131,Yetunde Adeyemi,Individual,FR,EUR,Tier1_Basic,2025-09-04,188.33,FLR250305164810,2025-03-05 00:12:25,Wednesday,0,ATM WITHDRAWAL - ACCESS BANK ATM,Access Bank ATM,ATM Withdrawal,Mobile App,109.0,0.54,200.49,0.0,FR,0,DEV-4974130325,0,0,Completed,ATM WITHDRAWAL - ACCESS BANK ATM,Access Bank Atm,2025,September,4,0.84,91.56,119.028,1
FLR-ACC-101284,Silverline Builders LLC,Business,DE,EUR,Tier2_Verified,2025-07-20,81.98,FLR250808119525,2025-08-08 12:48:48,Friday,12,NIP TRANSFER TO AMAKA BELLO,no_merchant,P2P Transfer,API/Integration,156.32,1.69,92.6,0.0,DE,0,DEV-4244344913,1,19,Reversed,NIP TRANSFER - AMAKA BELLO,Amaka Bello,2025,July,20,0.84,131.3088,170.70144,0
FLR-ACC-100322,Metro Foods Inc,Business,NG,NGN,Tier2_Verified,2025-04-28,417.62,FLR260101125230,2026-01-01 08:31:04,Thursday,8,WEB PURCHASE - KFC,KFC,Restaurants,Web Dashboard,47383.0,0.12,379829.88,0.0,NG,0,DEV-3583647533,0,248,Declined,WEB PURCHASE - KFC,Kfc,2025,April,28,0.00056,26.53448,34.494824,0
FLR-ACC-105369,North Retail Ltd,Business,FR,EUR,Tier2_Verified,2024-01-26,222.1,FLR250323169698,2025-03-23 15:20:31,Sunday,15,WEB PURCHASE - AXA MANSARD,AXA Mansard,Insurance,Web Dashboard,388.46,7.06,55.0,0.0,FR,0,missing_device,-1,422,Completed,WEB PURCHASE - AXA MANSARD,Axa Mansard,2024,January,26,0.84,326.3064,424.19832,0
FLR-ACC-100370,Laura Bello,Individual,NG,NGN,Tier3_Enhanced,2023-05-16,65.0,FLR260626172703,2026-06-26 10:04:02,Friday,10,MOBILE PURCHASE - APPLE STORE,Apple Store,Electronics,Mobile App,88237.0,5.95,14834.92,0.0,NG,0,DEV-1973769474,0,1137,Completed,MOBILE PURCHASE - APPLE STORE,Apple Store,2023,May,16,0.00056,49.41271999999999,64.23653599999999,0
FLR-ACC-100988,John Williams,Individual,NG,NGN,Tier1_Basic,2026-07-28,39.07,FLR251224137516,2025-12-24 11:47:56,Wednesday,11,CNP PURCHASE - ABUJA DISCO,Abuja DisCo,Utilities,Card Not Present,23682.0,0.29,82526.73,0.0,NG,0,DEV-8647733028,0,0,Completed,CNP PURCHASE - ABUJA DISCO,Abuja Disco,2026,July,28,0.00056,13.261919999999998,17.240495999999997,1
FLR-ACC-104011,Musa Brown,Individual,US,USD,Tier2_Verified,2023-02-26,47.42,FLR250504172445,2025-05-04 07:47:45,Sunday,7,SALARY - PRIME TRADING,no_merchant,Payroll Transfer,Card Not Present,254.85,1.0,254.85,0.0,US,0,missing_device,-1,798,Completed,SALARY - PRIME TRADING,Prime Trading,2023,February,26,0.77,196.2345,255.10485,0
FLR-ACC-106730,Silverline Builders LLC,Business,US,USD,Tier2_Verified,2026-03-22,105.19,FLR250520109510,2025-05-20 19:26:18,Tuesday,19,SALARY - GLOBAL VENTURES,no_merchant,Payroll Transfer,Card Not Present,911.0,28.18,32.33,0.0,US,0,DEV-8330529748,0,0,Completed,SALARY - GLOBAL VENTURES,Global Ventures,2026,March,22,0.77,701.47,911.911,1
FLR-ACC-101664,Ngozi Okoro,Individual,NG,NGN,Tier1_Basic,2026-05-09,119.98,FLR250507103056,2025-05-07 18:09:42,Wednesday,18,SALARY - SUNRISE RETAIL,no_merchant,Payroll Transfer,Card Present,1278109.71,7.08,180591.61,0.0,NG,0,DEV-2291783893,1,0,Completed,SALARY - SUNRISE RETAIL,Sunrise Retail,2026,May,9,0.00056,715.7414375999999,930.46386888,1
FLR-ACC-103717,Laura Smith,Individual,NG,NGN,Tier2_Verified,2025-07-25,113.01,FLR260623211485,2026-06-23 18:58:35,Tuesday,18,USSD PURCHASE - ZARA,Zara,Retail,USSD,58195.49,0.45,128849.82,0.0,NG,0,DEV-7291766216,0,333,Completed,USSD PURCHASE - ZARA,Zara,2025,July,25,0.00056,32.58947439999999,42.36631671999999,0
FLR-ACC-101387,Daniel Obi,Individual,NG,NGN,Tier2_Verified,2024-12-26,48.68,FLR250619111814,2025-06-19 10:37:57,Thursday,10,MOBILE PURCHASE - LEADWAY ASSURANCE,Leadway Assurance,Insurance,Mobile App,134299.45,2.71,49538.43,0.0,NG,0,DEV-9187208253,0,175,Completed,MOBILE PURCHASE - LEADWAY ASSURANCE,Leadway Assurance,2024,December,26,0.00056,75.207692,97.7699996,0
FLR-ACC-104220,Prime Foods LLC,Business,NG,NGN,Tier2_Verified,2025-10-02,217.77,FLR260211173446,2026-02-11 17:52:09,Wednesday,17,SALARY - METRO TECHNOLOGIES,no_merchant,Payroll Transfer,Web Dashboard,2505224.0,1.25,2002317.36,0.0,NG,0,DEV-6995193643,0,132,Completed,SALARY - METRO TECHNOLOGIES,Metro Technologies,2025,October,2,0.00056,1402.92544,1823.803072,0
FLR-ACC-107034,Prime Foods Co.,Business,DE,EUR,Tier3_Enhanced,2023-06-13,713.28,FLR251224139747,2025-12-24 19:28:52,Wednesday,19,SALARY - APEX VENTURES,no_merchant,Payroll Transfer,API/Integration,3383.06,1.82,1857.42,0.0,DE,0,DEV-1420296100,0,925,Completed,SALARY - APEX VENTURES,Apex Ventures,2023,June,13,0.84,2841.7704,3694.30152,0
FLR-ACC-104761,Urban Media Inc,Business,DE,EUR,Tier2_Verified,2026-01-26,185.54,FLR250325185384,2025-03-25 17:03:54,Tuesday,17,INTL WIRE - INTERNATIONAL WIRE REF882764,International Wire,Wire Transfer,Mobile App,1404.01,1.57,897.0,0.0,DE,0,missing_device,-1,0,Completed,INTL WIRE - INTERNATIONAL WIRE REF882764,International Wire Ref882764,2026,January,26,0.84,1179.3683999999998,1533.1789199999998,1
FLR-ACC-106414,Tunde Adekunle,Individual,NG,NGN,Tier3_Enhanced,2025-09-02,62.84,FLR251124200699,2025-11-24 00:18:56,Monday,0,ATM WITHDRAWAL - BARCLAYS ATM,Barclays ATM,ATM Withdrawal,Mobile App,74764.02,0.51,146970.46,0.0,NG,0,DEV-7618911971,0,83,Completed,ATM WITHDRAWAL - BARCLAYS ATM,Barclays Atm,2025,September,2,0.00056,41.8678512,54.42820656,0
FLR-ACC-100474,Aisha Balogun,Individual,NG,NGN,Tier2_Verified,2025-10-12,72.76,FLR250309145375,2025-03-09 08:22:43,Sunday,8,POS PURCHASE - BOOTS PHARMACY,Boots Pharmacy,Healthcare,Card Present,190737.0,6.23,30622.51,0.0,NG,0,missing_device,-1,0,Completed,POS PURCHASE - BOOTS PHARMACY,Boots Pharmacy,2025,October,12,0.00056,106.81271999999998,138.85653599999998,1
FLR-ACC-105168,Urban Builders LLC,Business,NG,NGN,Tier2_Verified,2024-07-19,1081.17,FLR260226205425,2026-02-26 21:25:58,Thursday,21,API PURCHASE - BINANCE,Binance,Crypto Exchange,API/Integration,6539201.7,0.84,7805042.67,0.0,NG,0,DEV-2240544904,0,587,Completed,API PURCHASE - BINANCE,Binance,2024,July,19,0.00056,3661.952952,4760.5388376,0
FLR-ACC-102065,Ngozi Taylor,Individual,NG,NGN,Tier1_Basic,2025-08-03,86.42,FLR260826111625,2026-08-26 20:00:33,Wednesday,20,MOBILE PURCHASE - JUSTRITE SUPERSTORE,Justrite Superstore,Groceries,Mobile App,71411.0,12.02,5942.24,0.0,NG,0,DEV-4317802284,0,388,Completed,MOBILE PURCHASE - JUSTRITE SUPERSTORE,Justrite Superstore,2025,August,3,0.00056,39.99016,51.987208,0
FLR-ACC-103454,Femi Chukwu,Individual,GB,GBP,Tier2_Verified,2025-07-03,49.2,FLR250910167137,2025-09-10 15:36:43,Wednesday,15,CNP PURCHASE - TESCO,Tesco,Groceries,Card Not Present,6.32,0.44,14.46,0.0,GB,0,DEV-6408883961,0,69,Completed,CNP PURCHASE - TESCO,Tesco,2025,July,3,1.0,6.32,8.216000000000001,0
FLR-ACC-100763,Chioma Balogun,Individual,FR,EUR,Tier2_Verified,2024-10-07,383.28,FLR260106218671,2026-01-06 09:06:33,Tuesday,9,MOBILE PURCHASE - AXA MANSARD,AXA Mansard,Insurance,Mobile App,428.0,0.45,951.34,0.0,FR,0,DEV-9275284876,0,456,Completed,MOBILE PURCHASE - AXA MANSARD,Axa Mansard,2024,October,7,0.84,359.52,467.376,0
FLR-ACC-100603,Aisha Johnson,Individual,DE,EUR,Tier1_Basic,2026-07-18,30.11,FLR250527208481,2025-05-27 10:38:01,Tuesday,10,POS PURCHASE - CURRYS PC WORLD,Currys PC World,Electronics,Card Present,43.0,1.63,26.46,0.0,DE,0,missing_device,-1,0,Completed,POS PURCHASE - CURRYS PC WORLD,Currys Pc World,2026,July,18,0.84,36.12,46.956,1
FLR-ACC-104646,Tunde Okoro,Individual,NG,NGN,Tier3_Enhanced,2022-08-28,38.37,FLR251120126264,2025-11-20 22:17:43,Thursday,22,MOBILE PURCHASE - KFC,KFC,Restaurants,Mobile App,10736.0,0.74,14544.0,0.0,NG,0,DEV-3258127815,0,1180,Completed,MOBILE PURCHASE - KFC,Kfc,2022,August,28,0.00056,6.01216,7.815808,0
FLR-ACC-101551,Aisha Yusuf,Individual,GB,GBP,Tier2_Verified,2025-06-30,81.69,FLR251128114528,2025-11-28 09:22:15,Friday,9,USSD PURCHASE - SPAR,Spar,Groceries,USSD,18.0,0.09,202.32,0.0,GB,0,DEV-8322951533,0,151,Completed,USSD PURCHASE - SPAR,Spar,2025,June,30,1.0,18.0,23.4,0
FLR-ACC-100798,Apex Textiles Co.,Business,FR,EUR,Tier3_Enhanced,2024-09-10,315.79,FLR250728118201,2025-07-28 08:03:34,Monday,8,WEB PURCHASE - CVS PHARMACY,Cvs Pharmacy,Healthcare,Web Dashboard,167.14,0.99,169.56,0.0,FR,0,DEV-1713013773,0,321,Completed,WEB PURCHASE - CVS PHARMACY,Cvs Pharmacy,2024,September,10,0.84,140.39759999999998,182.51688,0
FLR-ACC-100253,Femi Adekunle,Individual,FR,EUR,Tier3_Enhanced,2023-06-23,158.37,FLR251225111284,2025-12-25 09:59:11,Thursday,9,MOBILE PURCHASE - MICROSOFT 365,Microsoft 365,Subscription/SaaS,Mobile App,8.0,0.06,128.96,0.0,FR,0,DEV-9118311100,0,916,Completed,MOBILE PURCHASE - MICROSOFT 365,Microsoft 365,2023,June,23,0.84,6.72,8.736,0
FLR-ACC-100159,Ben Okafor,Individual,DE,EUR,Tier2_Verified,2025-11-01,141.7,FLR250503188053,2025-05-03 19:14:49,Saturday,19,CNP PURCHASE - BOOKING.COM,Booking.com,Travel,Card Not Present,288.36,5.22,55.22,0.0,DE,0,missing_device,-1,0,Completed,CNP PURCHASE - BOOKING.COM,Booking.Com,2025,November,1,0.84,242.2224,314.88912,1
FLR-ACC-100996,Urban Trading LLC,Business,GB,GBP,Tier2_Verified,2024-06-05,172.93,FLR250705149868,2025-07-05 08:29:09,Saturday,8,WEB PURCHASE - BOOKING.COM,Booking.com,Travel,Web Dashboard,205.8,0.44,471.36,0.0,GB,0,DEV-5717283327,0,395,Completed,WEB PURCHASE - BOOKING.COM,Booking.Com,2024,June,5,1.0,205.8,267.54,0
FLR-ACC-101147,Ruth Fashola,Individual,US,USD,Tier2_Verified,2025-04-05,7.42,FLR260317167717,2026-03-17 16:08:43,Tuesday,16,CNP PURCHASE - RELIANCE HMO,Reliance HMO,Healthcare,Card Not Present,10.55,2.31,4.57,0.0,US,0,DEV-9333128235,0,346,Completed,CNP PURCHASE - RELIANCE HMO,Reliance Hmo,2025,April,5,0.77,8.1235,10.56055,0
FLR-ACC-101594,Metro Trading LLC,Business,NG,NGN,Tier3_Enhanced,2024-01-10,205.85,FLR251006130205,2025-10-06 14:11:57,Monday,14,NIP TRANSFER TO DAVID YUSUF,no_merchant,P2P Transfer,Web Dashboard,138099.7,0.12,1158684.0,0.0,NG,0,DEV-7544899667,0,635,Completed,NIP TRANSFER - DAVID YUSUF,David Yusuf,2024,January,10,0.00056,77.335832,100.5365816,0
FLR-ACC-100664,Grace Bello,Individual,GB,GBP,Tier2_Verified,2025-11-18,48.91,FLR260329139706,2026-03-29 03:21:43,Sunday,3,MOBILE PURCHASE - BOLT,Bolt,Travel,Mobile App,123.0,1.67,73.74,0.0,GB,0,DEV-5054159359,1,131,Completed,MOBILE PURCHASE - BOLT,Bolt,2025,November,18,1.0,123.0,159.9,0
FLR-ACC-106651,Emeka Fashola,Individual,GB,GBP,Tier1_Basic,2026-02-07,29.41,FLR250327103160,2025-03-27 13:14:40,Thursday,13,USSD PURCHASE - ABUJA DISCO,Abuja DisCo,Utilities,USSD,10.0,0.29,34.47,0.0,GB,0,missing_device,-1,0,Completed,USSD PURCHASE - ABUJA DISCO,Abuja Disco,2026,February,7,1.0,10.0,13.0,1
FLR-ACC-103083,Aisha Adekunle,Individual,NG,NGN,Tier1_Basic,2024-11-23,87.66,FLR260805169013,2026-08-05 19:38:53,Wednesday,19,POS PURCHASE - AXA MANSARD,AXA Mansard,Insurance,Card Present,100376.91,1.0,100376.91,0.0,NG,0,DEV-3319504455,0,620,Completed,POS PURCHASE - AXA MANSARD,Axa Mansard,2024,November,23,0.00056,56.2110696,73.07439048,0
FLR-ACC-100360,Laura Eze,Individual,NG,NGN,Tier1_Basic,2025-07-23,13.66,FLR251228104202,2025-12-28 15:35:16,Sunday,15,CNP PURCHASE - JUSTRITE SUPERSTORE,Justrite Superstore,Groceries,Card Not Present,7280.1,0.11,69114.5,0.0,NG,0,DEV-4479404891,0,158,Completed,CNP PURCHASE - JUSTRITE SUPERSTORE,Justrite Superstore,2025,July,23,0.00056,4.076856,5.2999128,0
FLR-ACC-100209,Tobi Johnson,Individual,NG,NGN,Tier3_Enhanced,2022-12-13,69.13,FLR251219176733,2025-12-19 18:45:26,Friday,18,ATM WITHDRAWAL - ZENITH ATM,Zenith ATM,ATM Withdrawal,Web Dashboard,103617.0,1.1,94485.14,0.0,NG,0,DEV-8306786863,0,1102,Completed,ATM WITHDRAWAL - ZENITH ATM,Zenith Atm,2022,December,13,0.00056,58.02551999999999,75.43317599999999,0
FLR-ACC-101024,Urban Trading Ltd,Business,NG,NGN,Tier1_Basic,2026-04-26,1216.99,FLR251106196702,2025-11-06 13:57:11,Thursday,13,API PURCHASE - MICROSOFT 365,Microsoft 365,Subscription/SaaS,API/Integration,46796.0,0.01,8376921.7,0.0,NG,0,DEV-5287049027,0,0,Completed,API PURCHASE - MICROSOFT 365,Microsoft 365,2026,April,26,0.00056,26.20576,34.067488000000004,1
FLR-ACC-100781,Yetunde Okoro,Individual,US,USD,Tier1_Basic,2026-01-08,74.6,FLR251025104222,2025-10-25 08:36:44,Saturday,8,MOBILE PURCHASE - WHOLE FOODS,Whole Foods,Groceries,Mobile App,14.24,0.83,17.23,0.0,US,0,DEV-2450387840,0,0,Declined,MOBILE PURCHASE - WHOLE FOODS,Whole Foods,2026,January,8,0.77,10.9648,14.25424,1
FLR-ACC-103829,Femi Brown,Individual,NG,NGN,Tier3_Enhanced,2024-02-21,49.61,FLR260312197106,2026-03-12 09:05:00,Thursday,9,MOBILE PURCHASE - ASOS,ASOS,Retail,Mobile App,87383.0,1.25,-69948.94,0.0,NG,0,DEV-6717453899,0,750,Completed,MOBILE PURCHASE - ASOS,Asos,2024,February,21,0.00056,48.93447999999999,63.61482399999999,0
FLR-ACC-100252,Chidi Ibrahim,Individual,FR,EUR,Tier3_Enhanced,2023-10-03,131.41,FLR260601168653,2026-06-01 13:41:46,Monday,13,USSD PURCHASE - ABUJA DISCO,Abuja DisCo,Utilities,USSD,100.42,9.06,11.09,0.0,FR,0,DEV-6179514504,0,972,Completed,USSD PURCHASE - ABUJA DISCO,Abuja Disco,2023,October,3,0.84,84.3528,109.65864,0
FLR-ACC-103081,Sarah Johnson,Individual,NG,NGN,Tier3_Enhanced,2023-05-31,42.06,FLR250428190839,2025-04-28 22:53:50,Monday,22,WEB PURCHASE - SPOTIFY,Spotify,Subscription/SaaS,Web Dashboard,2572.96,0.09,29841.0,0.0,FR,1,DEV-2305486534,0,698,Completed,WEB PURCHASE - SPOTIFY,Spotify,2023,May,31,0.00056,1.4408576,1.87311488,0
FLR-ACC-104679,Grace Hassan,Individual,NG,NGN,Tier2_Verified,2024-05-03,246.68,FLR250401204673,2025-04-01 08:49:00,Tuesday,8,WEB PURCHASE - LUNO,Luno,Crypto Exchange,Web Dashboard,3390400.0,6.12,553871.14,0.0,NG,0,missing_device,-1,333,Completed,WEB PURCHASE - LUNO,Luno,2024,May,3,0.00056,1898.624,2468.2112,0
FLR-ACC-106823,Peter Okafor,Individual,NG,NGN,Tier2_Verified,2025-09-01,28.79,FLR250326180063,2025-03-26 13:26:39,Wednesday,13,SALARY - GREENFIELD VENTURES,no_merchant,Payroll Transfer,Mobile App,153173.0,6.64,23065.15,0.0,NG,0,missing_device,-1,0,Completed,SALARY - GREENFIELD VENTURES,Greenfield Ventures,2025,September,1,0.00056,85.77687999999999,111.509944,1
FLR-ACC-104199,Sarah Yusuf,Individual,NG,NGN,Tier1_Basic,2026-07-16,51.16,FLR260428132831,2026-04-28 11:44:17,Tuesday,11,USSD PURCHASE - WHOLE FOODS,Whole Foods,Groceries,USSD,16717.13,1.0,16717.13,0.0,NG,0,DEV-5382148003,0,0,Completed,USSD PURCHASE - WHOLE FOODS,Whole Foods,2026,July,16,0.00056,9.3615928,12.17007064,1
FLR-ACC-102893,Chuka Obi,Individual,FR,EUR,Tier3_Enhanced,2025-12-08,125.68,FLR260330153151,2026-03-30 11:47:35,Monday,11,POS PURCHASE - SLOT SYSTEMS,Slot Systems,Electronics,Card Present,50.0,0.53,94.56,0.0,FR,0,DEV-8620120276,0,112,Completed,POS PURCHASE - SLOT SYSTEMS,Slot Systems,2025,December,8,0.84,42.0,54.6,0
FLR-ACC-103858,Funke Green,Individual,DE,EUR,Tier2_Verified,2025-01-04,76.72,FLR251215183377,2025-12-15 15:59:39,Monday,15,MOBILE PURCHASE - XBOX LIVE,Xbox Live,Gambling/Gaming,Mobile App,9.0,0.1,92.46,0.0,DE,0,DEV-4292874447,0,345,Completed,MOBILE PURCHASE - XBOX LIVE,Xbox Live,2025,January,4,0.84,7.56,9.828,0
FLR-ACC-100972,Sunrise Logistics Inc,Business,NG,NGN,Tier2_Verified,2026-02-19,411.12,FLR250724110182,2025-07-24 17:49:40,Thursday,17,SALARY - GREENFIELD TRADING,no_merchant,Payroll Transfer,Web Dashboard,15965421.33,6.59,2421982.45,0.0,NG,0,DEV-4722329121,0,0,Completed,SALARY - GREENFIELD TRADING,Greenfield Trading,2026,February,19,0.00056,8940.635944799998,11622.82672824,1
FLR-ACC-106964,Metro Retail Ltd,Business,GB,GBP,Tier1_Basic,2026-06-16,1236.95,FLR250313164301,2025-03-13 07:56:35,Thursday,7,MOBILE PURCHASE - APPLE STORE ONLINE,Apple Store Online,Retail,Mobile App,637.54,0.12,5330.39,0.0,GB,0,DEV-3018072144,0,0,Declined,MOBILE PURCHASE - APPLE STORE ONLINE,Apple Store Online,2026,June,16,1.0,637.54,828.802,1
FLR-ACC-106060,Bluewave Retail LLC,Business,NG,NGN,Tier1_Basic,2024-07-02,2375.97,FLR250527182074,2025-05-27 18:33:13,Tuesday,18,SALARY - METRO TEXTILES,no_merchant,Payroll Transfer,Mobile App,27961935.7,0.53,52636981.18,0.0,NG,0,missing_device,-1,329,Completed,SALARY - METRO TEXTILES,Metro Textiles,2024,July,2,0.00056,15658.683991999998,20356.2891896,0
FLR-ACC-101835,Mary Adekunle,Individual,GB,GBP,Tier1_Basic,2026-03-02,54.04,FLR251110208703,2025-11-10 18:22:34,Monday,18,WEB PURCHASE - AMAZON,Amazon,Retail,Web Dashboard,14.58,0.15,96.98,0.0,GB,0,DEV-4771401191,0,0,Completed,WEB PURCHASE - AMAZON,Amazon,2026,March,2,1.0,14.58,18.954,1
FLR-ACC-107170,Prime Technologies Inc,Business,NG,NGN,Tier3_Enhanced,2024-01-11,387.01,FLR251123120634,2025-11-23 11:39:48,Sunday,11,WEB PURCHASE - NANDO'S,Nando's,Restaurants,Web Dashboard,61632.78,0.02,3345189.51,0.0,NG,0,DEV-7997926943,0,682,Completed,WEB PURCHASE - NANDO'S,Nando'S,2024,January,11,0.00056,34.514356799999995,44.86866384,0
FLR-ACC-101106,Chuka Chukwu,Individual,NG,NGN,Tier2_Verified,2025-08-21,12.99,FLR251007153312,2025-10-07 17:10:16,Tuesday,17,MOBILE PURCHASE - KFC,KFC,Restaurants,Mobile App,6626.51,1.0,6626.51,0.0,NG,0,DEV-6693090227,0,47,Completed,MOBILE PURCHASE - KFC,Kfc,2025,August,21,0.00056,3.7108456,4.82409928,0
FLR-ACC-103346,Bluewave Ventures Co.,Business,FR,EUR,Tier1_Basic,2026-05-20,797.52,FLR251221189538,2025-12-21 21:34:25,Sunday,21,INTL WIRE - INTERNATIONAL WIRE REF336172,International Wire,Wire Transfer,Card Not Present,8339.6,2.46,3396.72,0.0,FR,0,DEV-8701212635,0,0,Completed,INTL WIRE - INTERNATIONAL WIRE REF336172,International Wire Ref336172,2026,May,20,0.84,7005.264,9106.8432,1
FLR-ACC-104949,Tobi Eze,Individual,FR,EUR,Tier2_Verified,2026-06-15,111.3,FLR251124116769,2025-11-24 19:07:45,Monday,19,MOBILE PURCHASE - MICROSOFT 365,Microsoft 365,Subscription/SaaS,Mobile App,5.0,0.04,134.11,0.0,FR,0,DEV-4882420576,0,0,Completed,MOBILE PURCHASE - MICROSOFT 365,Microsoft 365,2026,June,15,0.84,4.2,5.460000000000001,1
FLR-ACC-103052,Ruth Ibrahim,Individual,NG,NGN,Tier2_Verified,2024-07-22,48.21,FLR250321219376,2025-03-21 20:02:10,Friday,20,USSD PURCHASE - SHOPRITE,Shoprite,Groceries,USSD,27508.26,0.65,42551.84,0.0,US,1,missing_device,-1,242,Completed,USSD PURCHASE - SHOPRITE,Shoprite,2024,July,22,0.00056,15.404625599999996,20.02601328,0
FLR-ACC-103409,North Builders LLC,Business,NG,NGN,Tier3_Enhanced,2022-11-26,906.76,FLR260327146498,2026-03-27 18:40:46,Friday,18,WEB PURCHASE - LEADWAY ASSURANCE,Leadway Assurance,Insurance,Web Dashboard,812166.0,1.0,812166.0,0.0,NG,0,DEV-6619860948,0,1217,Completed,WEB PURCHASE - LEADWAY ASSURANCE,Leadway Assurance,2022,November,26,0.00056,454.81296,591.256848,0
FLR-ACC-102339,Aisha Williams,Individual,US,USD,Tier2_Verified,2023-07-06,38.76,FLR260629136199,2026-06-29 09:19:13,Monday,9,USSD PURCHASE - KFC,KFC,Restaurants,USSD,8.81,0.22,40.0,0.0,US,0,DEV-9682580440,0,1089,Completed,USSD PURCHASE - KFC,Kfc,2023,July,6,0.77,6.7837000000000005,8.818810000000001,0
FLR-ACC-106947,Peter Fashola,Individual,NG,NGN,Tier2_Verified,2024-03-18,147.1,FLR251031119175,2025-10-31 18:33:55,Friday,18,USSD PURCHASE - COLD STONE CREAMERY,Cold Stone Creamery,Restaurants,USSD,70733.0,1.0,70733.0,0.0,NG,0,DEV-8665243056,0,592,Completed,USSD PURCHASE - COLD STONE CREAMERY,Cold Stone Creamery,2024,March,18,0.00056,39.61048,51.493624,0
FLR-ACC-103606,Amaka Hassan,Individual,NG,NGN,Tier2_Verified,2025-04-10,223.37,FLR250929137745,2025-09-29 21:42:12,Monday,21,API PURCHASE - EEDC,EEDC,Utilities,API/Integration,109821.0,0.2,548441.74,0.0,NG,0,DEV-5827025131,0,172,Completed,API PURCHASE - EEDC,Eedc,2025,April,10,0.00056,61.49976,79.94968800000001,0
FLR-ACC-105781,Michael Johnson,Individual,NG,NGN,Tier3_Enhanced,2022-10-21,108.89,FLR250324110442,2025-03-24 08:21:03,Monday,8,SALARY - PRIME TRADING,no_merchant,Payroll Transfer,Mobile App,1931990.94,5.55,348225.03,0.0,NG,0,DEV-8777225948,0,885,Completed,SALARY - PRIME TRADING,Prime Trading,2022,October,21,0.00056,1081.9149263999998,1406.4894043199995,0
FLR-ACC-103041,Greenfield Textiles Ltd,Business,US,USD,Tier1_Basic,2025-12-30,288.35,FLR250725210239,2025-07-25 16:54:22,Friday,16,WEB PURCHASE - BRITISH AIRWAYS,British Airways,Travel,Web Dashboard,1561.0,7.41,210.7,0.0,US,0,DEV-4123875388,0,0,Completed,WEB PURCHASE - BRITISH AIRWAYS,British Airways,2025,December,30,0.77,1201.97,1562.561,1
FLR-ACC-101331,Tobi Johnson,Individual,NG,NGN,Tier1_Basic,2026-07-05,24.89,FLR250307195821,2025-03-07 07:28:53,Friday,7,MOBILE PURCHASE - SAINSBURY'S,Sainsbury's,Groceries,Mobile App,9372.36,1.0,9372.36,0.0,NG,0,DEV-8583028041,0,0,Completed,MOBILE PURCHASE - SAINSBURY'S,Sainsbury'S,2026,July,5,0.00056,5.2485216,6.82307808,1
FLR-ACC-106310,Chioma Brown,Individual,NG,NGN,Tier2_Verified,2024-12-18,43.34,FLR251007143793,2025-10-07 17:33:03,Tuesday,17,MOBILE PURCHASE - SPAR,Spar,Groceries,Mobile App,18804.0,1.0,18804.0,0.0,NG,0,DEV-7849328298,0,293,Completed,MOBILE PURCHASE - SPAR,Spar,2024,December,18,0.00056,10.53024,13.689312,0
FLR-ACC-101998,Ben Yusuf,Individual,NG,NGN,Tier2_Verified,2024-09-17,84.56,FLR251127211067,2025-11-27 13:17:20,Thursday,13,SALARY - METRO TRADING,no_merchant,Payroll Transfer,Mobile App,1799088.0,15.02,119749.09,0.0,NG,0,DEV-2198575962,0,436,Completed,SALARY - METRO TRADING,Metro Trading,2024,September,17,0.00056,1007.48928,1309.736064,0
FLR-ACC-105092,Daniel Yusuf,Individual,GB,GBP,Tier2_Verified,2024-09-14,43.4,FLR260224107280,2026-02-24 23:46:22,Tuesday,23,POS PURCHASE - DOMINO'S PIZZA,Domino's Pizza,Restaurants,Card Present,7.88,1.0,7.88,0.0,GB,0,DEV-2200421988,0,528,Completed,POS PURCHASE - DOMINO'S PIZZA,Domino'S Pizza,2024,September,14,1.0,7.88,10.244,0
FLR-ACC-105021,Global Technologies Ltd,Business,US,USD,Tier3_Enhanced,2023-12-01,377.89,FLR260717144088,2026-07-17 20:06:05,Friday,20,CNP PURCHASE - APPLE STORE ONLINE,Apple Store Online,Retail,Card Not Present,197.98,0.1,1961.99,0.0,US,0,DEV-4008602060,0,959,Completed,CNP PURCHASE - APPLE STORE ONLINE,Apple Store Online,2023,December,1,0.77,152.4446,198.17798,0
FLR-ACC-104530,Michael Adeyemi,Individual,NG,NGN,Tier1_Basic,2026-05-16,34.95,FLR251227126825,2025-12-27 06:16:33,Saturday,6,WEB PURCHASE - WHOLE FOODS,Whole Foods,Groceries,Web Dashboard,12611.0,0.1,131222.38,0.0,NG,0,DEV-3678458067,0,0,Completed,WEB PURCHASE - WHOLE FOODS,Whole Foods,2026,May,16,0.00056,7.06216,9.180808,1
FLR-ACC-106785,Musa Okoro,Individual,GB,GBP,Tier2_Verified,2024-12-04,63.69,FLR250926203804,2025-09-26 11:22:13,Friday,11,USSD PURCHASE - ASOS,ASOS,Retail,USSD,14.94,2.49,6.0,0.0,GB,0,DEV-2237698180,0,296,Completed,USSD PURCHASE - ASOS,Asos,2024,December,4,1.0,14.94,19.422,0
FLR-ACC-101374,Silverline Logistics Ltd,Business,NG,NGN,Tier2_Verified,2024-09-15,449.48,FLR260628156921,2026-06-28 23:13:55,Sunday,23,SALARY - PRIME TEXTILES,no_merchant,Payroll Transfer,USSD,3400674.0,1.11,3060825.67,0.0,NG,0,DEV-6618186337,0,651,Completed,SALARY - PRIME TEXTILES,Prime Textiles,2024,September,15,0.00056,1904.37744,2475.690672,0
FLR-ACC-103606,Amaka Hassan,Individual,NG,NGN,Tier2_Verified,2025-04-10,223.37,FLR260211152507,2026-02-11 18:26:11,Wednesday,18,MOBILE PURCHASE - KONGA,Konga,Retail,Mobile App,241370.0,0.86,280049.12,0.0,NG,0,DEV-5827025131,0,307,Completed,MOBILE PURCHASE - KONGA,Konga,2025,April,10,0.00056,135.16719999999998,175.71736,0
FLR-ACC-106408,Urban Foods LLC,Business,US,USD,Tier2_Verified,2023-12-20,831.7,FLR250328223258,2025-03-28 21:26:21,Friday,21,CNP PURCHASE - ADOBE CREATIVE CLOUD,Adobe Creative Cloud,Subscription/SaaS,Card Not Present,127.87,1.0,127.87,0.0,US,0,missing_device,-1,464,Completed,CNP PURCHASE - ADOBE CREATIVE CLOUD,Adobe Creative Cloud,2023,December,20,0.77,98.4599,127.99787,0
FLR-ACC-105547,John Bello,Individual,NG,NGN,Tier3_Enhanced,2023-02-20,68.43,FLR250724221672,2025-07-24 22:06:25,Thursday,22,MOBILE PURCHASE - KONGA,Konga,Retail,Mobile App,187526.95,2.82,66580.5,0.0,NG,0,DEV-3952260739,0,885,Completed,MOBILE PURCHASE - KONGA,Konga,2023,February,20,0.00056,105.015092,136.5196196,0
FLR-ACC-106870,Mary Fashola,Individual,NG,NGN,Tier2_Verified,2023-10-06,83.67,FLR260621147471,2026-06-21 10:54:35,Sunday,10,CNP PURCHASE - KONGA,Konga,Retail,Card Not Present,48401.0,0.2,242863.75,0.0,NG,0,DEV-2400239705,0,989,Completed,CNP PURCHASE - KONGA,Konga,2023,October,6,0.00056,27.10456,35.235928,0
FLR-ACC-104638,Silverline Builders LLC,Business,NG,NGN,Tier2_Verified,2024-10-21,4727.74,FLR251211140925,2025-12-11 20:54:40,Thursday,20,MOBILE PURCHASE - AMAZON,Amazon,Retail,Mobile App,4546314.0,0.25,17985361.82,0.0,NG,0,DEV-3930854373,0,416,Completed,MOBILE PURCHASE - AMAZON,Amazon,2024,October,21,0.00056,2545.93584,3309.716592,0
FLR-ACC-105475,Kunle Taylor,Individual,NG,NGN,Tier1_Basic,2025-08-21,131.73,FLR251217144626,2025-12-17 07:22:13,Wednesday,7,NIP TRANSFER TO BLESSING OKORO,no_merchant,P2P Transfer,Web Dashboard,216417.02,2.92,74048.46,0.0,NG,0,DEV-1188787704,0,118,Completed,NIP TRANSFER - BLESSING OKORO,Blessing Okoro,2025,August,21,0.00056,121.19353119999998,157.55159056,0
FLR-ACC-100693,Mary Okafor,Individual,NG,NGN,Tier1_Basic,2026-01-04,79.85,FLR250914214947,2025-09-14 06:00:30,Sunday,6,NIP TRANSFER TO GRACE FASHOLA,no_merchant,P2P Transfer,Card Not Present,452368.52,1.0,452368.52,0.0,NG,0,DEV-2208756135,0,0,Completed,NIP TRANSFER - GRACE FASHOLA,Grace Fashola,2026,January,4,0.00056,253.3263712,329.32428256000003,1
FLR-ACC-105927,Metro Consulting Ltd,Business,NG,NGN,Tier3_Enhanced,2023-06-15,126.33,FLR260331168616,2026-03-31 19:14:37,Tuesday,19,INTL WIRE - INTERNATIONAL WIRE REF525607,International Wire,Wire Transfer,Mobile App,1225727.76,1.32,926511.4,0.0,NG,0,DEV-8719448829,0,1020,Completed,INTL WIRE - INTERNATIONAL WIRE REF525607,International Wire Ref525607,2023,June,15,0.00056,686.4075455999999,892.32980928,0
FLR-ACC-105816,Kunle Adeyemi,Individual,US,USD,Tier2_Verified,2025-03-01,228.33,FLR250928122905,2025-09-28 18:05:14,Sunday,18,NIP TRANSFER TO DANIEL SMITH,no_merchant,P2P Transfer,Mobile App,288.68,0.4,713.94,0.0,US,0,DEV-8014455452,0,211,Completed,NIP TRANSFER - DANIEL SMITH,Daniel Smith,2025,March,1,0.77,222.2836,288.96868,0
FLR-ACC-106197,Funke Brown,Individual,NG,NGN,Tier2_Verified,2025-10-20,15.65,FLR260327190283,2026-03-27 12:06:34,Friday,12,MOBILE PURCHASE - DSTV,DSTV,Subscription/SaaS,Mobile App,1247.93,1.0,1247.93,0.0,NG,0,DEV-3984858251,0,158,Completed,MOBILE PURCHASE - DSTV,Dstv,2025,October,20,0.00056,0.6988407999999999,0.90849304,0
FLR-ACC-104270,Ben Balogun,Individual,NG,NGN,Tier1_Basic,2025-06-16,54.63,FLR250224195823,2025-02-24 19:36:15,Monday,19,WEB PURCHASE - THAMES WATER,Thames Water,Utilities,Web Dashboard,76632.52,6.71,11412.3,0.0,NG,0,DEV-5025241493,0,0,Completed,WEB PURCHASE - THAMES WATER,Thames Water,2025,June,16,0.00056,42.9142112,55.78847456,1
FLR-ACC-104676,Kemi Adekunle,Individual,GB,GBP,Tier2_Verified,2023-05-20,28.67,FLR251208154068,2025-12-08 09:45:33,Monday,9,USSD PURCHASE - AIR PEACE,Air Peace,Travel,USSD,55.04,2.99,18.39,0.0,GB,0,DEV-9354066364,0,933,Completed,USSD PURCHASE - AIR PEACE,Air Peace,2023,May,20,1.0,55.04,71.552,0
FLR-ACC-101771,Apex Ventures LLC,Business,NG,NGN,Tier2_Verified,2022-04-17,457.8,FLR260324148185,2026-03-24 16:09:46,Tuesday,16,SALARY - SILVERLINE CONSULTING,no_merchant,Payroll Transfer,Web Dashboard,2179556.0,0.59,3679327.47,0.0,NG,0,DEV-3075998977,0,1437,Completed,SALARY - SILVERLINE CONSULTING,Silverline Consulting,2022,April,17,0.00056,1220.55136,1586.716768,0
FLR-ACC-104081,North Retail Co.,Business,NG,NGN,Tier1_Basic,2026-04-08,412.72,FLR251230214769,2025-12-30 18:38:16,Tuesday,18,POS PURCHASE - SLOT SYSTEMS,Slot Systems,Electronics,Card Present,1497567.65,49.39,30322.0,0.0,NG,0,DEV-2865009759,0,0,Completed,POS PURCHASE - SLOT SYSTEMS,Slot Systems,2026,April,8,0.00056,838.6378839999999,1090.2292492,1
FLR-ACC-106928,John Ibrahim,Individual,NG,NGN,Tier2_Verified,2025-11-15,22.8,FLR250929104625,2025-09-29 14:14:12,Monday,14,WEB PURCHASE - AIR PEACE,Air Peace,Travel,Web Dashboard,150307.0,25.59,5874.27,0.0,NG,0,DEV-8874142353,1,0,Completed,WEB PURCHASE - AIR PEACE,Air Peace,2025,November,15,0.00056,84.17191999999999,109.423496,1
FLR-ACC-103240,North Trading LLC,Business,DE,EUR,Tier3_Enhanced,2024-08-04,498.74,FLR260327128381,2026-03-27 17:04:22,Friday,17,SALARY - METRO BUILDERS,no_merchant,Payroll Transfer,Web Dashboard,2774.0,1.88,1477.56,0.0,DE,0,DEV-4773533913,0,600,Declined,SALARY - METRO BUILDERS,Metro Builders,2024,August,4,0.84,2330.16,3029.208,0
FLR-ACC-101799,Ruth Yusuf,Individual,FR,EUR,Tier3_Enhanced,2024-12-26,16.46,FLR260524197333,2026-05-24 08:24:04,Sunday,8,SALARY - APEX BUILDERS,no_merchant,Payroll Transfer,Mobile App,75.64,6.47,11.69,0.0,FR,0,DEV-7804282784,0,514,Completed,SALARY - APEX BUILDERS,Apex Builders,2024,December,26,0.84,63.5376,82.59888,0
FLR-ACC-100227,Funke Taylor,Individual,NG,NGN,Tier1_Basic,2026-04-04,59.86,FLR250426103627,2025-04-26 10:05:09,Saturday,10,WEB PURCHASE - COLD STONE CREAMERY,Cold Stone Creamery,Restaurants,Web Dashboard,9614.37,1.52,6312.5,0.0,NG,0,missing_device,-1,0,Completed,WEB PURCHASE - COLD STONE CREAMERY,Cold Stone Creamery,2026,April,4,0.00056,5.3840472,6.999261360000001,1
FLR-ACC-103637,Bluewave Consulting Ltd,Business,NG,NGN,Tier2_Verified,2025-03-17,241.52,FLR260826150563,2026-08-26 16:07:39,Wednesday,16,ATM WITHDRAWAL - ZENITH ATM,Zenith ATM,ATM Withdrawal,API/Integration,174339.43,0.14,1248172.17,0.0,NG,0,DEV-9247380396,0,527,Completed,ATM WITHDRAWAL - ZENITH ATM,Zenith Atm,2025,March,17,0.00056,97.6300808,126.91910504,0
FLR-ACC-103249,Funke Chukwu,Individual,DE,EUR,Tier2_Verified,2025-11-07,22.04,FLR250923127013,2025-09-23 21:53:09,Tuesday,21,MOBILE PURCHASE - AVIVA,Aviva,Insurance,Mobile App,5.19,1.0,5.19,0.0,DE,0,DEV-6354539104,0,0,Completed,MOBILE PURCHASE - AVIVA,Aviva,2025,November,7,0.84,4.3596,5.66748,1
FLR-ACC-106260,John Bello,Individual,US,USD,Tier2_Verified,2025-09-18,45.62,FLR251121174446,2025-11-21 13:30:57,Friday,13,NIP TRANSFER TO MICHAEL OBI,no_merchant,P2P Transfer,Card Not Present,83.0,6.02,13.78,0.0,US,0,DEV-4696417167,0,64,Completed,NIP TRANSFER - MICHAEL OBI,Michael Obi,2025,September,18,0.77,63.91,83.083,0
FLR-ACC-100134,Global Consulting LLC,Business,NG,NGN,Tier2_Verified,2025-11-10,242.32,FLR250402200456,2025-04-02 09:34:01,Wednesday,9,WEB PURCHASE - NANDO'S,Nando's,Restaurants,Web Dashboard,138213.76,0.07,1926010.71,0.0,NG,0,DEV-2644327725,0,0,Declined,WEB PURCHASE - NANDO'S,Nando'S,2025,November,10,0.00056,77.3997056,100.61961728,1
FLR-ACC-103110,Olu Balogun,Individual,US,USD,Tier2_Verified,2026-04-13,102.91,FLR251223162094,2025-12-23 05:32:18,Tuesday,5,WEB PURCHASE - ADOBE CREATIVE CLOUD,Adobe Creative Cloud,Subscription/SaaS,Web Dashboard,4.3,0.04,102.77,0.0,US,0,DEV-7409138307,0,0,Completed,WEB PURCHASE - ADOBE CREATIVE CLOUD,Adobe Creative Cloud,2026,April,13,0.77,3.311,4.3043000000000005,1
FLR-ACC-100203,James Smith,Individual,US,USD,Tier2_Verified,2024-07-26,65.36,FLR251001148572,2025-10-01 10:24:26,Wednesday,10,MOBILE PURCHASE - SPAR,Spar,Groceries,Mobile App,28.68,0.8,36.0,0.0,US,0,DEV-3567210556,0,432,Completed,MOBILE PURCHASE - SPAR,Spar,2024,July,26,0.77,22.0836,28.70868,0
FLR-ACC-101904,Apex Foods Inc,Business,US,USD,Tier1_Basic,2025-02-03,873.28,FLR260811114786,2026-08-11 18:41:42,Tuesday,18,WEB PURCHASE - BRITISH AIRWAYS,British Airways,Travel,Web Dashboard,3470.2,1.0,3470.2,0.0,US,0,DEV-3319358808,0,554,Completed,WEB PURCHASE - BRITISH AIRWAYS,British Airways,2025,February,3,0.77,2672.054,3473.6702,0
FLR-ACC-106320,Greenfield Consulting Co.,Business,NG,NGN,Tier1_Basic,2026-05-09,40.95,FLR260627124981,2026-06-27 09:28:28,Saturday,9,API PURCHASE - SLOT SYSTEMS,Slot Systems,Electronics,API/Integration,69397.54,11.68,5942.24,0.0,NG,0,DEV-1033131448,0,49,Completed,API PURCHASE - SLOT SYSTEMS,Slot Systems,2026,May,9,0.00056,38.86262239999999,50.52140912,0
FLR-ACC-104929,Femi Okoro,Individual,NG,NGN,Tier3_Enhanced,2022-11-26,32.36,FLR250701141328,2025-07-01 18:05:47,Tuesday,18,MOBILE PURCHASE - SLOT SYSTEMS,Slot Systems,Electronics,Mobile App,47429.0,1.13,42107.76,0.0,NG,0,DEV-8636650894,0,948,Completed,MOBILE PURCHASE - SLOT SYSTEMS,Slot Systems,2022,November,26,0.00056,26.56024,34.528312,0
FLR-ACC-102193,Sunrise Foods LLC,Business,GB,GBP,Tier2_Verified,2025-01-06,310.46,FLR250426186155,2025-04-26 06:06:58,Saturday,6,MOBILE PURCHASE - THAMES WATER,Thames Water,Utilities,Mobile App,60.11,0.39,155.0,0.0,GB,0,missing_device,-1,110,Completed,MOBILE PURCHASE - THAMES WATER,Thames Water,2025,January,6,1.0,60.11,78.143,0
FLR-ACC-105682,John Williams,Individual,NG,NGN,Tier2_Verified,2026-02-21,40.72,FLR260629141050,2026-06-29 08:15:59,Monday,8,MOBILE PURCHASE - CHICKEN REPUBLIC,Chicken Republic,Restaurants,Mobile App,10761.36,3.32,3246.0,0.0,NG,0,DEV-4148974688,0,128,Completed,MOBILE PURCHASE - CHICKEN REPUBLIC,Chicken Republic,2026,February,21,0.00056,6.0263616,7.83427008,0
FLR-ACC-105187,Emeka Obi,Individual,NG,NGN,Tier3_Enhanced,2024-12-11,13.21,FLR250305120777,2025-03-05 20:23:39,Wednesday,20,CNP PURCHASE - COLD STONE CREAMERY,Cold Stone Creamery,Restaurants,Card Not Present,1248.69,1.0,1248.69,0.0,NG,0,missing_device,-1,84,Completed,CNP PURCHASE - COLD STONE CREAMERY,Cold Stone Creamery,2024,December,11,0.00056,0.6992664,0.90904632,0
FLR-ACC-103345,Ruth Eze,Individual,US,USD,Tier1_Basic,2025-05-14,118.22,FLR250830164025,2025-08-30 07:27:47,Saturday,7,SALARY - GLOBAL LOGISTICS,no_merchant,Payroll Transfer,Mobile App,835.0,2.41,346.36,0.0,US,0,DEV-9081944844,0,108,Completed,SALARY - GLOBAL LOGISTICS,Global Logistics,2025,May,14,0.77,642.95,835.835,0
FLR-ACC-101036,Olu Okoro,Individual,US,USD,Tier3_Enhanced,2024-09-08,30.06,FLR260420182173,2026-04-20 15:55:46,Monday,15,MOBILE PURCHASE - KONGA,Konga,Retail,Mobile App,12.3,0.19,64.83,0.0,US,0,DEV-6192601616,0,589,Completed,MOBILE PURCHASE - KONGA,Konga,2024,September,8,0.77,9.471,12.3123,0
FLR-ACC-107079,Tunde Johnson,Individual,DE,EUR,Tier2_Verified,2026-04-15,46.68,FLR260712193089,2026-07-12 07:06:25,Sunday,7,SALARY - METRO VENTURES,no_merchant,Payroll Transfer,Card Present,226.2,1.0,226.2,0.0,DE,0,DEV-1360423817,0,88,Completed,SALARY - METRO VENTURES,Metro Ventures,2026,April,15,0.84,190.008,247.01040000000003,0
FLR-ACC-106831,Global Media LLC,Business,US,USD,Tier3_Enhanced,2024-03-30,4388.94,FLR260328195618,2026-03-28 13:09:15,Saturday,13,WEB PURCHASE - XBOX LIVE,Xbox Live,Gambling/Gaming,Web Dashboard,1546.64,0.36,4266.88,0.0,US,0,DEV-2211076875,0,728,Completed,WEB PURCHASE - XBOX LIVE,Xbox Live,2024,March,30,0.77,1190.9128,1548.18664,0
FLR-ACC-104236,Tunde Eze,Individual,NG,NGN,Tier3_Enhanced,2023-12-07,54.08,FLR260415112382,2026-04-15 16:05:10,Wednesday,16,CNP PURCHASE - SHOPRITE,Shoprite,Groceries,Card Not Present,29013.17,4.79,6053.0,0.0,NG,0,DEV-9563249535,0,860,Completed,CNP PURCHASE - SHOPRITE,Shoprite,2023,December,7,0.00056,16.247375199999997,21.12158776,0
FLR-ACC-105344,Mary Johnson,Individual,US,USD,Tier2_Verified,2025-06-14,41.94,FLR260224171445,2026-02-24 15:13:24,Tuesday,15,USSD PURCHASE - SPOTIFY,Spotify,Subscription/SaaS,USSD,3.31,0.06,52.28,0.0,US,0,DEV-5159809614,0,255,Completed,USSD PURCHASE - SPOTIFY,Spotify,2025,June,14,0.77,2.5487,3.3133100000000004,0
FLR-ACC-106694,Greenfield Consulting Co.,Business,GB,GBP,Tier2_Verified,2023-10-23,293.06,FLR250630206457,2025-06-30 15:41:03,Monday,15,API PURCHASE - APPLE STORE,Apple Store,Electronics,API/Integration,520.0,0.4,1293.66,0.0,GB,0,DEV-9680309632,0,616,Completed,API PURCHASE - APPLE STORE,Apple Store,2023,October,23,1.0,520.0,676.0,0
FLR-ACC-104559,Urban Technologies Ltd,Business,NG,NGN,Tier1_Basic,2025-04-28,329.95,FLR260215216733,2026-02-15 11:10:59,Sunday,11,SALARY - METRO CONSULTING,no_merchant,Payroll Transfer,Web Dashboard,1947233.0,1.0,1947233.0,0.0,NG,0,DEV-2332398811,0,293,Reversed,SALARY - METRO CONSULTING,Metro Consulting,2025,April,28,0.00056,1090.45048,1417.585624,0
FLR-ACC-100827,Ngozi Balogun,Individual,FR,EUR,Tier1_Basic,2024-11-02,41.56,FLR250224177325,2025-02-24 08:25:00,Monday,8,MOBILE PURCHASE - BEST BUY,Best Buy,Electronics,Mobile App,56.02,2.69,20.82,0.0,FR,0,DEV-9358605255,0,114,Completed,MOBILE PURCHASE - BEST BUY,Best Buy,2024,November,2,0.84,47.0568,61.173840000000006,0
FLR-ACC-101269,Ngozi Adekunle,Individual,GB,GBP,Tier1_Basic,2023-06-18,16.76,FLR251221101978,2025-12-21 15:28:56,Sunday,15,MOBILE PURCHASE - WHOLE FOODS,Whole Foods,Groceries,Mobile App,3.0,0.49,6.17,0.0,GB,0,DEV-7286669593,0,917,Declined,MOBILE PURCHASE - WHOLE FOODS,Whole Foods,2023,June,18,1.0,3.0,3.9,0
FLR-ACC-101391,Laura Smith,Individual,DE,EUR,Tier2_Verified,2024-05-23,41.04,FLR260623184062,2026-06-23 12:14:55,Tuesday,12,MOBILE PURCHASE - ABUJA DISCO,Abuja DisCo,Utilities,Mobile App,17.06,0.09,192.5,0.0,DE,0,DEV-3478677837,0,761,Completed,MOBILE PURCHASE - ABUJA DISCO,Abuja Disco,2024,May,23,0.84,14.3304,18.62952,0
FLR-ACC-105504,Laura Balogun,Individual,US,USD,Tier3_Enhanced,2025-12-20,113.96,FLR250516147227,2025-05-16 11:20:00,Friday,11,WEB PURCHASE - BOOTS PHARMACY,Boots Pharmacy,Healthcare,Web Dashboard,55.0,1.2,46.0,0.0,US,0,missing_device,-1,0,Completed,WEB PURCHASE - BOOTS PHARMACY,Boots Pharmacy,2025,December,20,0.77,42.35,55.05500000000001,1
FLR-ACC-101106,Chuka Chukwu,Individual,NG,NGN,Tier2_Verified,2025-08-21,12.99,FLR250705210896,2025-07-05 14:16:20,Saturday,14,MOBILE PURCHASE - EEDC,EEDC,Utilities,Mobile App,7798.23,1.43,5444.84,0.0,NG,0,DEV-6693090227,0,0,Completed,MOBILE PURCHASE - EEDC,Eedc,2025,August,21,0.00056,4.3670088,5.67711144,1
FLR-ACC-103462,Aisha Williams,Individual,DE,EUR,Tier2_Verified,2025-05-11,45.53,FLR250306209033,2025-03-06 08:55:41,Thursday,8,CNP PURCHASE - BEST BUY,Best Buy,Electronics,Card Not Present,73.23,10.77,6.8,0.0,DE,0,missing_device,-1,0,Completed,CNP PURCHASE - BEST BUY,Best Buy,2025,May,11,0.84,61.5132,79.96715999999999,1
FLR-ACC-105448,Emeka Nwosu,Individual,DE,EUR,Tier3_Enhanced,2025-07-12,70.75,FLR250924135684,2025-09-24 12:29:44,Wednesday,12,POS PURCHASE - JUMIA,Jumia,Retail,Card Present,15.0,0.33,44.86,0.0,DE,0,DEV-7740210984,0,74,Completed,POS PURCHASE - JUMIA,Jumia,2025,July,12,0.84,12.6,16.38,0
FLR-ACC-101664,Ngozi Okoro,Individual,NG,NGN,Tier1_Basic,2026-05-09,119.98,FLR250717213797,2025-07-17 17:35:44,Thursday,17,WEB PURCHASE - APPLE STORE ONLINE,Apple Store Online,Retail,Web Dashboard,12778.69,0.05,253319.64,0.0,NG,0,DEV-4188520466,0,0,Completed,WEB PURCHASE - APPLE STORE ONLINE,Apple Store Online,2026,May,9,0.00056,7.156066399999999,9.30288632,1
FLR-ACC-104968,Ruth Williams,Individual,US,USD,Tier1_Basic,2025-04-23,109.6,FLR260311218846,2026-03-11 14:11:27,Wednesday,14,NIP TRANSFER TO FEMI ADEKUNLE,no_merchant,P2P Transfer,Card Not Present,89.38,1.36,65.89,0.0,US,0,DEV-9475573594,0,322,Completed,NIP TRANSFER - FEMI ADEKUNLE,Femi Adekunle,2025,April,23,0.77,68.8226,89.46938,0
FLR-ACC-102800,Metro Technologies Ltd,Business,US,USD,Tier2_Verified,2023-06-04,1048.39,FLR250222205847,2025-02-22 06:06:03,Saturday,6,INTL WIRE - INTERNATIONAL WIRE REF704575,International Wire,Wire Transfer,Web Dashboard,11845.19,12.97,913.0,0.0,US,0,DEV-9149681675,0,629,Completed,INTL WIRE - INTERNATIONAL WIRE REF704575,International Wire Ref704575,2023,June,4,0.77,9120.7963,11857.03519,0
FLR-ACC-102800,Metro Technologies Ltd,Business,US,USD,Tier2_Verified,2023-06-04,1048.39,FLR260620188485,2026-06-20 22:02:14,Saturday,22,CNP PURCHASE - MICROSOFT 365,Microsoft 365,Subscription/SaaS,Card Not Present,110.74,0.02,5860.56,0.0,US,0,DEV-9454555667,0,1112,Completed,CNP PURCHASE - MICROSOFT 365,Microsoft 365,2023,June,4,0.77,85.2698,110.85074,0
FLR-ACC-101146,Apex Technologies Ltd,Business,FR,EUR,Tier2_Verified,2025-02-01,1228.06,FLR250526101259,2025-05-26 14:29:21,Monday,14,SALARY - METRO BUILDERS,no_merchant,Payroll Transfer,Card Not Present,7744.66,2.62,2954.0,0.0,FR,0,DEV-8753126756,0,114,Completed,SALARY - METRO BUILDERS,Metro Builders,2025,February,1,0.84,6505.5144,8457.16872,0
FLR-ACC-105908,Kunle Balogun,Individual,DE,EUR,Tier3_Enhanced,2026-08-08,21.31,FLR260813145357,2026-08-13 12:52:20,Thursday,12,MOBILE PURCHASE - EEDC,EEDC,Utilities,Mobile App,6.3,2.97,2.12,0.0,DE,0,DEV-6220209453,0,5,Completed,MOBILE PURCHASE - EEDC,Eedc,2026,August,8,0.84,5.292,6.8796,0
FLR-ACC-103086,David Eze,Individual,GB,GBP,Tier2_Verified,2025-07-13,28.13,FLR260731205186,2026-07-31 17:48:26,Friday,17,ATM WITHDRAWAL - ACCESS BANK ATM,Access Bank ATM,ATM Withdrawal,API/Integration,9.96,1.0,9.96,0.0,GB,0,DEV-5252161585,0,383,Completed,ATM WITHDRAWAL - ACCESS BANK ATM,Access Bank Atm,2025,July,13,1.0,9.96,12.948000000000002,0
FLR-ACC-102337,Aisha Nwosu,Individual,NG,NGN,Tier3_Enhanced,2024-09-21,18.77,FLR250518193923,2025-05-18 21:10:15,Sunday,21,SALARY - METRO TRADING,no_merchant,Payroll Transfer,API/Integration,387199.09,43.2,8962.19,0.0,NG,0,DEV-5715626791,0,239,Completed,SALARY - METRO TRADING,Metro Trading,2024,September,21,0.00056,216.8314904,281.88093752000003,0
FLR-ACC-106409,James Adekunle,Individual,GB,GBP,Tier2_Verified,2024-05-01,116.01,FLR251119177376,2025-11-19 10:30:51,Wednesday,10,CNP PURCHASE - SLOT SYSTEMS,Slot Systems,Electronics,Card Not Present,176.25,0.87,202.8,0.0,GB,0,DEV-7749490465,1,567,Completed,CNP PURCHASE - SLOT SYSTEMS,Slot Systems,2024,May,1,1.0,176.25,229.125,0
FLR-ACC-106483,Peter Hassan,Individual,US,USD,Tier2_Verified,2025-07-29,75.59,FLR250829218879,2025-08-29 11:05:04,Friday,11,SALARY - BLUEWAVE VENTURES,no_merchant,Payroll Transfer,Mobile App,841.3,25.63,32.83,0.0,US,0,DEV-7082658841,0,31,Completed,SALARY - BLUEWAVE VENTURES,Bluewave Ventures,2025,July,29,0.77,647.8009999999999,842.1412999999999,0
FLR-ACC-100980,Chidi Balogun,Individual,NG,NGN,Tier3_Enhanced,2023-01-26,26.34,FLR251123141727,2025-11-23 19:15:12,Sunday,19,POS PURCHASE - BINANCE,Binance,Crypto Exchange,Card Present,65513.58,12.97,5051.86,0.0,NG,0,DEV-9745324554,0,1032,Completed,POS PURCHASE - BINANCE,Binance,2023,January,26,0.00056,36.6876048,47.693886240000005,0
FLR-ACC-101768,Greenfield Foods LLC,Business,FR,EUR,Tier2_Verified,2025-05-20,541.65,FLR250706111690,2025-07-06 12:13:19,Sunday,12,SALARY - APEX VENTURES,no_merchant,Payroll Transfer,API/Integration,1832.02,5.01,365.54,0.0,FR,0,DEV-4711136091,1,47,Completed,SALARY - APEX VENTURES,Apex Ventures,2025,May,20,0.84,1538.8968,2000.56584,0
FLR-ACC-104185,Metro Consulting Ltd,Business,GB,GBP,Tier1_Basic,2026-06-20,953.62,FLR260124101037,2026-01-24 14:41:39,Saturday,14,INTL WIRE - INTERNATIONAL WIRE REF249910,International Wire,Wire Transfer,Web Dashboard,5094.79,0.83,6148.96,0.0,GB,0,DEV-3946240857,0,0,Completed,INTL WIRE - INTERNATIONAL WIRE REF249910,International Wire Ref249910,2026,June,20,1.0,5094.79,6623.227,1
FLR-ACC-104760,North Foods Inc,Business,GB,GBP,Tier2_Verified,2025-04-06,273.23,FLR251009131232,2025-10-09 16:52:00,Thursday,16,ATM WITHDRAWAL - CHASE ATM,Chase ATM,ATM Withdrawal,Web Dashboard,150.87,0.23,643.34,0.0,GB,0,DEV-6854016109,0,186,Completed,ATM WITHDRAWAL - CHASE ATM,Chase Atm,2025,April,6,1.0,150.87,196.131,0
FLR-ACC-105564,Ngozi Adekunle,Individual,DE,EUR,Tier2_Verified,2023-07-30,92.14,FLR260105107103,2026-01-05 17:08:41,Monday,17,CNP PURCHASE - TESCO,Tesco,Groceries,Card Not Present,15.37,2.62,5.88,0.0,DE,0,DEV-2681433545,0,890,Completed,CNP PURCHASE - TESCO,Tesco,2023,July,30,0.84,12.910799999999998,16.784039999999997,0
FLR-ACC-104170,Global Technologies Inc,Business,NG,NGN,Tier2_Verified,2025-03-06,741.31,FLR250526224191,2025-05-26 14:04:58,Monday,14,API PURCHASE - APPLE STORE ONLINE,Apple Store Online,Retail,API/Integration,372996.9,62.77,5942.24,0.0,NG,0,missing_device,-1,81,Completed,API PURCHASE - APPLE STORE ONLINE,Apple Store Online,2025,March,6,0.00056,208.878264,271.5417432,0
FLR-ACC-101610,Chidi Nwosu,Individual,GB,GBP,Tier3_Enhanced,2025-11-17,81.46,FLR250728173104,2025-07-28 04:12:18,Monday,4,NIP TRANSFER TO JAMES BROWN,no_merchant,P2P Transfer,Mobile App,98.64,1.66,59.54,0.0,GB,0,DEV-1537818858,0,0,Completed,NIP TRANSFER - JAMES BROWN,James Brown,2025,November,17,1.0,98.64,128.232,1
FLR-ACC-100440,Peter Eze,Individual,FR,EUR,Tier2_Verified,2025-01-06,91.33,FLR250209185972,2025-02-09 01:49:19,Sunday,1,CNP PURCHASE - AMAZON,Amazon,Retail,Card Not Present,52.83,1.0,52.83,0.0,FR,0,DEV-8540908387,0,34,Completed,CNP PURCHASE - AMAZON,Amazon,2025,January,6,0.84,44.3772,57.690360000000005,0
FLR-ACC-104930,Metro Media LLC,Business,US,USD,Tier3_Enhanced,2024-08-25,1384.1,FLR260603110313,2026-06-03 17:34:48,Wednesday,17,SALARY - SILVERLINE LOGISTICS,no_merchant,Payroll Transfer,API/Integration,11544.15,1.94,5937.09,0.0,US,0,DEV-4703860441,0,647,Completed,SALARY - SILVERLINE LOGISTICS,Silverline Logistics,2024,August,25,0.77,8888.995499999999,11555.69415,0
FLR-ACC-103279,Emeka Johnson,Individual,NG,NGN,Tier2_Verified,2025-12-01,101.11,FLR251223123138,2025-12-23 20:18:09,Tuesday,20,POS PURCHASE - BRITISH AIRWAYS,British Airways,Travel,Card Present,307133.41,0.95,324733.6,0.0,NG,0,DEV-7206395718,0,22,Completed,POS PURCHASE - BRITISH AIRWAYS,British Airways,2025,December,1,0.00056,171.99470959999996,223.59312247999995,0
FLR-ACC-100775,Blessing Yusuf,Individual,NG,NGN,Tier1_Basic,2025-11-27,51.79,FLR260524125162,2026-05-24 20:33:33,Sunday,20,MOBILE PURCHASE - SHOPRITE,Shoprite,Groceries,Mobile App,17098.0,0.35,48823.68,0.0,NG,0,DEV-7643727632,0,178,Completed,MOBILE PURCHASE - SHOPRITE,Shoprite,2025,November,27,0.00056,9.57488,12.447344,0
FLR-ACC-102451,Urban Ventures Co.,Business,NG,NGN,Tier3_Enhanced,2024-05-26,580.76,FLR260309139852,2026-03-09 11:36:02,Monday,11,INTL WIRE - INTERNATIONAL WIRE REF590790,International Wire,Wire Transfer,API/Integration,2438664.62,0.92,2658190.81,0.0,NG,0,DEV-3901352797,0,652,Completed,INTL WIRE - INTERNATIONAL WIRE REF590790,International Wire Ref590790,2024,May,26,0.00056,1365.6521871999998,1775.3478433599998,0
FLR-ACC-104509,Laura Okoro,Individual,FR,EUR,Tier3_Enhanced,2023-11-26,92.15,FLR250423197039,2025-04-23 05:42:51,Wednesday,5,WEB PURCHASE - WHOLE FOODS,Whole Foods,Groceries,Web Dashboard,34.59,0.01,5942.24,0.0,FR,0,missing_device,-1,514,Completed,WEB PURCHASE - WHOLE FOODS,Whole Foods,2023,November,26,0.84,29.0556,37.77228,0
FLR-ACC-106067,Global Retail Ltd,Business,NG,NGN,Tier2_Verified,2025-05-27,756.44,FLR251022183564,2025-10-22 20:47:39,Wednesday,20,POS PURCHASE - AIR PEACE,Air Peace,Travel,Card Present,2516084.1,0.32,7842618.94,0.0,NG,0,DEV-6446151365,0,148,Completed,POS PURCHASE - AIR PEACE,Air Peace,2025,May,27,0.00056,1409.0070959999998,1831.7092248,0
FLR-ACC-104510,Amaka Adeyemi,Individual,NG,NGN,Tier2_Verified,2025-09-04,108.14,FLR250620144634,2025-06-20 07:57:50,Friday,7,WEB PURCHASE - SPAR,Spar,Groceries,Web Dashboard,89322.0,0.24,371736.6,0.0,NG,0,DEV-3661936840,0,0,Completed,WEB PURCHASE - SPAR,Spar,2025,September,4,0.00056,50.02032,65.026416,1
FLR-ACC-105413,Apex Textiles Co.,Business,GB,GBP,Tier1_Basic,2024-11-02,1036.1,FLR260325184685,2026-03-25 08:35:05,Wednesday,8,INTL WIRE - INTERNATIONAL WIRE REF771292,International Wire,Wire Transfer,Web Dashboard,2116.59,0.77,2744.56,0.0,GB,0,DEV-5959145384,0,508,Completed,INTL WIRE - INTERNATIONAL WIRE REF771292,International Wire Ref771292,2024,November,2,1.0,2116.59,2751.5670000000005,0
FLR-ACC-107028,Bluewave Retail Ltd,Business,US,USD,Tier2_Verified,2024-11-28,345.13,FLR250506191307,2025-05-06 20:48:06,Tuesday,20,API PURCHASE - ABUJA DISCO,Abuja DisCo,Utilities,API/Integration,223.69,0.19,1181.69,0.0,US,0,missing_device,-1,159,Completed,API PURCHASE - ABUJA DISCO,Abuja Disco,2024,November,28,0.77,172.2413,223.91369,0
FLR-ACC-106665,Ben Eze,Individual,GB,GBP,Tier1_Basic,2024-09-02,53.26,FLR260627213578,2026-06-27 07:05:31,Saturday,7,NIP TRANSFER TO MICHAEL IBRAHIM,no_merchant,P2P Transfer,Mobile App,18.22,0.7,25.99,0.0,GB,0,DEV-7210964170,0,663,Completed,NIP TRANSFER - MICHAEL IBRAHIM,Michael Ibrahim,2024,September,2,1.0,18.22,23.686,0
FLR-ACC-105041,Laura Obi,Individual,GB,GBP,Tier3_Enhanced,2025-10-12,121.26,FLR250210157770,2025-02-10 11:10:05,Monday,11,SALARY - GLOBAL CONSULTING,no_merchant,Payroll Transfer,Mobile App,819.0,1.0,819.0,0.0,GB,0,missing_device,-1,0,Completed,SALARY - GLOBAL CONSULTING,Global Consulting,2025,October,12,1.0,819.0,1064.7,1
FLR-ACC-104999,Daniel Williams,Individual,NG,NGN,Tier2_Verified,2025-08-04,61.53,FLR260202129696,2026-02-02 08:19:48,Monday,8,MOBILE PURCHASE - THAMES WATER,Thames Water,Utilities,Mobile App,63822.0,0.92,69732.41,0.0,NG,0,DEV-7684113144,0,182,Completed,MOBILE PURCHASE - THAMES WATER,Thames Water,2025,August,4,0.00056,35.74032,46.462416,0
FLR-ACC-101058,Chidi Green,Individual,NG,NGN,Tier2_Verified,2025-04-25,33.27,FLR250315214446,2025-03-15 14:15:21,Saturday,14,POS PURCHASE - AMAZON,Amazon,Retail,Card Present,36962.0,1.13,32730.75,0.0,NG,0,missing_device,-1,0,Completed,POS PURCHASE - AMAZON,Amazon,2025,April,25,0.00056,20.69872,26.908336,1
FLR-ACC-103172,Mary Okafor,Individual,NG,NGN,Tier2_Verified,2024-12-15,94.86,FLR260721160844,2026-07-21 07:40:43,Tuesday,7,MOBILE PURCHASE - ASOS,ASOS,Retail,Mobile App,114873.0,19.33,5942.24,0.0,NG,0,DEV-6947741251,0,583,Declined,MOBILE PURCHASE - ASOS,Asos,2024,December,15,0.00056,64.32888,83.627544,0
FLR-ACC-101936,Silverline Textiles LLC,Business,NG,NGN,Tier1_Basic,2026-03-28,95.61,FLR250516200800,2025-05-16 21:48:08,Friday,21,API PURCHASE - MICROSOFT 365,Microsoft 365,Subscription/SaaS,API/Integration,2852.0,0.0,733873.5,0.0,NG,0,missing_device,-1,0,Completed,API PURCHASE - MICROSOFT 365,Microsoft 365,2026,March,28,0.00056,1.59712,2.0762560000000003,1
FLR-ACC-100426,Laura Okafor,Individual,NG,NGN,Tier3_Enhanced,2024-01-31,48.71,FLR251020207957,2025-10-20 09:06:25,Monday,9,NIP TRANSFER TO CHUKA NWOSU,no_merchant,P2P Transfer,USSD,120156.46,63.57,1890.0,0.0,NG,0,DEV-8410679077,0,628,Completed,NIP TRANSFER - CHUKA NWOSU,Chuka Nwosu,2024,January,31,0.00056,67.2876176,87.47390288000001,0
FLR-ACC-103855,Yetunde Bello,Individual,NG,NGN,Tier2_Verified,2024-11-17,127.54,FLR260524131781,2026-05-24 08:15:16,Sunday,8,POS PURCHASE - JUMIA,Jumia,Retail,Card Present,192983.63,0.63,304577.67,0.0,NG,0,DEV-2916590626,0,553,Completed,POS PURCHASE - JUMIA,Jumia,2024,November,17,0.00056,108.0708328,140.49208264,0
FLR-ACC-100227,Funke Taylor,Individual,NG,NGN,Tier1_Basic,2026-04-04,59.86,FLR260614200889,2026-06-14 19:12:37,Sunday,19,ATM WITHDRAWAL - ZENITH ATM,Zenith ATM,ATM Withdrawal,Mobile App,36493.24,0.13,283522.33,0.0,NG,0,DEV-3113361787,0,71,Completed,ATM WITHDRAWAL - ZENITH ATM,Zenith Atm,2026,April,4,0.00056,20.4362144,26.56707872,0
FLR-ACC-103734,Chioma Chukwu,Individual,US,USD,Tier3_Enhanced,2024-05-02,37.27,FLR251223215893,2025-12-23 04:45:25,Tuesday,4,NIP TRANSFER TO OLU GREEN,no_merchant,P2P Transfer,Web Dashboard,31.6,1.25,25.3,0.0,US,0,DEV-6376153523,0,600,Completed,NIP TRANSFER - OLU GREEN,Olu Green,2024,May,2,0.77,24.332,31.6316,0
FLR-ACC-104160,Tobi Nwosu,Individual,US,USD,Tier3_Enhanced,2025-02-27,22.2,FLR260323194063,2026-03-23 20:21:30,Monday,20,WEB PURCHASE - LEADWAY ASSURANCE,Leadway Assurance,Insurance,Web Dashboard,50.85,16.95,3.0,0.0,US,0,DEV-1663048994,0,389,Completed,WEB PURCHASE - LEADWAY ASSURANCE,Leadway Assurance,2025,February,27,0.77,39.1545,50.90085,0
FLR-ACC-101799,Ruth Yusuf,Individual,FR,EUR,Tier3_Enhanced,2024-12-26,16.46,FLR250715110660,2025-07-15 14:07:49,Tuesday,14,MOBILE PURCHASE - KFC,KFC,Restaurants,Mobile App,4.19,0.2,21.41,0.0,FR,0,DEV-7804282784,0,201,Completed,MOBILE PURCHASE - KFC,Kfc,2024,December,26,0.84,3.5196,4.575480000000001,0
FLR-ACC-104391,Prime Trading Co.,Business,NG,NGN,Tier3_Enhanced,2024-02-18,646.52,FLR251018148164,2025-10-18 17:30:43,Saturday,17,POS PURCHASE - UBER,Uber,Travel,Card Present,1665814.0,0.33,5099446.14,0.0,NG,0,DEV-7420147255,0,608,Completed,POS PURCHASE - UBER,Uber,2024,February,18,0.00056,932.85584,1212.712592,0
FLR-ACC-105900,Femi Yusuf,Individual,NG,NGN,Tier2_Verified,2025-02-25,15.4,FLR260424148843,2026-04-24 19:39:36,Friday,19,SALARY - METRO FOODS,no_merchant,Payroll Transfer,Mobile App,75567.31,17.99,4199.81,0.0,NG,0,DEV-1922596701,0,423,Completed,SALARY - METRO FOODS,Metro Foods,2025,February,25,0.00056,42.3176936,55.01300168,0
FLR-ACC-101499,Prime Trading Ltd,Business,US,USD,Tier3_Enhanced,2024-07-28,591.47,FLR250302183928,2025-03-02 08:08:28,Sunday,8,SALARY - NORTH TEXTILES,no_merchant,Payroll Transfer,Web Dashboard,3339.0,5.95,561.06,0.0,US,0,DEV-4269271465,0,217,Completed,SALARY - NORTH TEXTILES,North Textiles,2024,July,28,0.77,2571.03,3342.3390000000004,0
FLR-ACC-101799,Ruth Yusuf,Individual,FR,EUR,Tier3_Enhanced,2024-12-26,16.46,FLR250706143377,2025-07-06 16:54:57,Sunday,16,NIP TRANSFER TO CHIDI BROWN,no_merchant,P2P Transfer,USSD,11.75,0.54,21.64,0.0,FR,0,DEV-7804282784,0,192,Completed,NIP TRANSFER - CHIDI BROWN,Chidi Brown,2024,December,26,0.84,9.87,12.831,0
FLR-ACC-103071,Apex Consulting Co.,Business,GB,GBP,Tier2_Verified,2023-11-20,307.54,FLR250222121438,2025-02-22 06:51:50,Saturday,6,INTL WIRE - INTERNATIONAL WIRE REF969906,International Wire,Wire Transfer,API/Integration,707.86,1.08,655.5,0.0,GB,0,missing_device,-1,460,Completed,INTL WIRE - INTERNATIONAL WIRE REF969906,International Wire Ref969906,2023,November,20,1.0,707.86,920.218,0
FLR-ACC-101374,Silverline Logistics Ltd,Business,NG,NGN,Tier2_Verified,2024-09-15,449.48,FLR250403109758,2025-04-03 16:15:45,Thursday,16,NIP TRANSFER TO FEMI FASHOLA,no_merchant,P2P Transfer,Card Not Present,701540.0,0.2,3453613.08,0.0,NG,0,missing_device,-1,200,Completed,NIP TRANSFER - FEMI FASHOLA,Femi Fashola,2024,September,15,0.00056,392.8624,510.72112,0
FLR-ACC-105411,Silverline Media Ltd,Business,NG,NGN,Tier2_Verified,2024-06-04,461.27,FLR250625215283,2025-06-25 16:41:08,Wednesday,16,INTL WIRE - INTERNATIONAL WIRE REF935154,International Wire,Wire Transfer,API/Integration,9536041.94,23.91,398885.18,0.0,NG,0,DEV-2542753345,0,386,Completed,INTL WIRE - INTERNATIONAL WIRE REF935154,International Wire Ref935154,2024,June,4,0.00056,5340.183486399999,6942.23853232,0
FLR-ACC-102972,Femi Johnson,Individual,NG,NGN,Tier2_Verified,2024-03-30,72.89,FLR260601135238,2026-06-01 16:23:14,Monday,16,CNP PURCHASE - NANDO'S,Nando's,Restaurants,Card Not Present,34350.42,1.0,34350.42,0.0,NG,0,DEV-7481330893,0,793,Completed,CNP PURCHASE - NANDO'S,Nando'S,2024,March,30,0.00056,19.2362352,25.00710576,0
FLR-ACC-100552,Chioma Nwosu,Individual,NG,NGN,Tier2_Verified,2025-10-31,47.77,FLR260626104934,2026-06-26 08:46:21,Friday,8,MOBILE PURCHASE - AMAZON,Amazon,Retail,Mobile App,60036.89,0.72,83007.21,0.0,NG,0,DEV-4359792468,0,238,Completed,MOBILE PURCHASE - AMAZON,Amazon,2025,October,31,0.00056,33.6206584,43.70685592000001,0
FLR-ACC-101283,Chuka Chukwu,Individual,NG,NGN,Tier3_Enhanced,2023-08-08,45.82,FLR260329126022,2026-03-29 19:25:26,Sunday,19,POS PURCHASE - NANDO'S,Nando's,Restaurants,Card Present,11011.91,0.08,142801.62,0.0,NG,0,DEV-4779754574,0,964,Completed,POS PURCHASE - NANDO'S,Nando'S,2023,August,8,0.00056,6.1666696,8.01667048,0
FLR-ACC-105235,North Ventures Inc,Business,DE,EUR,Tier3_Enhanced,2024-10-06,215.73,FLR250408124659,2025-04-08 17:58:43,Tuesday,17,INTL WIRE - INTERNATIONAL WIRE REF687599,International Wire,Wire Transfer,Card Present,1442.58,0.24,5942.24,0.0,DE,0,DEV-7341915555,0,184,Completed,INTL WIRE - INTERNATIONAL WIRE REF687599,International Wire Ref687599,2024,October,6,0.84,1211.7672,1575.29736,0
FLR-ACC-105760,David Hassan,Individual,DE,EUR,Tier1_Basic,2023-10-10,10.85,FLR251219215876,2025-12-19 01:06:49,Friday,1,WEB PURCHASE - ZARA,Zara,Retail,Web Dashboard,7.0,0.5,14.01,0.0,DE,0,DEV-1183762594,0,801,Completed,WEB PURCHASE - ZARA,Zara,2023,October,10,0.84,5.88,7.644,0
FLR-ACC-105691,Emeka Eze,Individual,US,USD,Tier3_Enhanced,2024-05-20,34.25,FLR250906190008,2025-09-06 16:59:53,Saturday,16,MOBILE PURCHASE - TESCO,Tesco,Groceries,Mobile App,12.0,1.22,9.8,0.0,US,0,DEV-7404601380,0,474,Completed,MOBILE PURCHASE - TESCO,Tesco,2024,May,20,0.77,9.24,12.012,0
FLR-ACC-102481,Grace Fashola,Individual,FR,EUR,Tier2_Verified,2024-02-02,21.33,FLR251130210600,2025-11-30 08:48:43,Sunday,8,MOBILE PURCHASE - THAMES WATER,Thames Water,Utilities,Mobile App,11.74,0.34,34.07,0.0,FR,0,DEV-8778080467,0,667,Completed,MOBILE PURCHASE - THAMES WATER,Thames Water,2024,February,2,0.84,9.8616,12.82008,0
FLR-ACC-101998,Ben Yusuf,Individual,NG,NGN,Tier2_Verified,2024-09-17,84.56,FLR250819213240,2025-08-19 18:59:56,Tuesday,18,CNP PURCHASE - DOMINO'S PIZZA,Domino's Pizza,Restaurants,Card Not Present,46313.25,0.65,71713.18,0.0,NG,0,DEV-3698668367,0,336,Completed,CNP PURCHASE - DOMINO'S PIZZA,Domino'S Pizza,2024,September,17,0.00056,25.93542,33.716046,0
FLR-ACC-103243,North Textiles Ltd,Business,US,USD,Tier2_Verified,2025-10-06,514.65,FLR251017101001,2025-10-17 19:46:32,Friday,19,CNP PURCHASE - XBOX LIVE,Xbox Live,Gambling/Gaming,Card Not Present,134.24,0.49,273.26,0.0,US,0,DEV-7136035622,0,11,Completed,CNP PURCHASE - XBOX LIVE,Xbox Live,2025,October,6,0.77,103.3648,134.37424,0
FLR-ACC-104079,Ruth Fashola,Individual,GB,GBP,Tier2_Verified,2022-11-11,29.97,FLR251124156153,2025-11-24 21:18:32,Monday,21,NIP TRANSFER TO CHIDI OKAFOR,no_merchant,P2P Transfer,USSD,20.23,1.49,13.62,0.0,GB,0,DEV-5002986519,0,1109,Completed,NIP TRANSFER - CHIDI OKAFOR,Chidi Okafor,2022,November,11,1.0,20.23,26.299000000000003,0
FLR-ACC-104696,Apex Foods Inc,Business,GB,GBP,Tier3_Enhanced,2024-03-31,1512.01,FLR260313213555,2026-03-13 21:22:23,Friday,21,ATM WITHDRAWAL - ZENITH ATM,Zenith ATM,ATM Withdrawal,API/Integration,483.0,0.09,5179.74,0.0,GB,0,DEV-2684820745,0,712,Completed,ATM WITHDRAWAL - ZENITH ATM,Zenith Atm,2024,March,31,1.0,483.0,627.9,0
FLR-ACC-104655,Ngozi Fashola,Individual,US,USD,Tier2_Verified,2025-08-06,66.09,FLR250831205676,2025-08-31 22:13:47,Sunday,22,USSD PURCHASE - BRITISH AIRWAYS,British Airways,Travel,USSD,279.0,3.53,79.02,0.0,US,0,DEV-3957650367,0,25,Completed,USSD PURCHASE - BRITISH AIRWAYS,British Airways,2025,August,6,0.77,214.83,279.27900000000005,0
FLR-ACC-106914,Michael Johnson,Individual,US,USD,Tier1_Basic,2026-08-12,41.9,FLR250826178952,2025-08-26 18:07:00,Tuesday,18,WEB PURCHASE - LEADWAY ASSURANCE,Leadway Assurance,Insurance,Web Dashboard,49.0,1.0,49.0,0.0,US,0,DEV-1920313752,1,0,Declined,WEB PURCHASE - LEADWAY ASSURANCE,Leadway Assurance,2026,August,12,0.77,37.73,49.049,1
FLR-ACC-102653,Global Logistics Ltd,Business,US,USD,Tier2_Verified,2025-12-13,354.54,FLR260517177054,2026-05-17 08:31:15,Sunday,8,WEB PURCHASE - BRITISH GAS,British Gas,Utilities,Web Dashboard,202.2,0.12,1676.08,0.0,US,0,DEV-6791794233,0,155,Completed,WEB PURCHASE - BRITISH GAS,British Gas,2025,December,13,0.77,155.694,202.4022,0
FLR-ACC-100134,Global Consulting LLC,Business,NG,NGN,Tier2_Verified,2025-11-10,242.32,FLR250629167274,2025-06-29 10:07:31,Sunday,10,MOBILE PURCHASE - WHOLE FOODS,Whole Foods,Groceries,Mobile App,66465.04,0.04,1809887.48,0.0,NG,0,DEV-2644327725,0,0,Completed,MOBILE PURCHASE - WHOLE FOODS,Whole Foods,2025,November,10,0.00056,37.22042239999999,48.38654911999999,1
FLR-ACC-106050,Metro Builders Co.,Business,GB,GBP,Tier3_Enhanced,2024-05-29,356.48,FLR260513197409,2026-05-13 16:05:16,Wednesday,16,SALARY - SILVERLINE MEDIA,no_merchant,Payroll Transfer,Card Not Present,1857.5,2.58,719.95,0.0,GB,0,DEV-8404820558,0,714,Completed,SALARY - SILVERLINE MEDIA,Silverline Media,2024,May,29,1.0,1857.5,2414.75,0
FLR-ACC-103560,Prime Consulting Co.,Business,NG,NGN,Tier3_Enhanced,2024-02-20,521.73,FLR260330133104,2026-03-30 19:57:25,Monday,19,MOBILE PURCHASE - IKEJA ELECTRIC,Ikeja Electric,Utilities,Mobile App,525205.59,1.0,525205.59,0.0,NG,0,DEV-6762005755,0,769,Completed,MOBILE PURCHASE - IKEJA ELECTRIC,Ikeja Electric,2024,February,20,0.00056,294.11513039999994,382.34966952,0
FLR-ACC-104320,Metro Foods Ltd,Business,US,USD,Tier2_Verified,2024-06-02,660.95,FLR251127154929,2025-11-27 10:28:45,Thursday,10,ATM WITHDRAWAL - CHASE ATM,Chase ATM,ATM Withdrawal,API/Integration,366.79,4.74,77.35,0.0,US,0,DEV-6445510411,0,543,Completed,ATM WITHDRAWAL - CHASE ATM,Chase Atm,2024,June,2,0.77,282.42830000000004,367.15679000000006,0
FLR-ACC-103985,Amaka Taylor,Individual,NG,NGN,Tier2_Verified,2025-08-06,30.11,FLR251213151896,2025-12-13 09:14:38,Saturday,9,WEB PURCHASE - BET9JA,Bet9ja,Gambling/Gaming,Web Dashboard,19651.8,0.44,44941.0,0.0,NG,0,DEV-4609292542,0,129,Completed,WEB PURCHASE - BET9JA,Bet9Ja,2025,August,6,0.00056,11.005007999999998,14.3065104,0
FLR-ACC-103610,Chuka Chukwu,Individual,NG,NGN,Tier3_Enhanced,2024-02-17,377.0,FLR260127126679,2026-01-27 20:36:39,Tuesday,20,WEB PURCHASE - COLD STONE CREAMERY,Cold Stone Creamery,Restaurants,Web Dashboard,149912.08,0.1,1524639.42,0.0,NG,0,DEV-2512240835,0,710,Completed,WEB PURCHASE - COLD STONE CREAMERY,Cold Stone Creamery,2024,February,17,0.00056,83.95076479999999,109.13599424,0
FLR-ACC-101152,Femi Adekunle,Individual,NG,NGN,Tier1_Basic,2026-07-25,169.22,FLR250225202666,2025-02-25 04:22:07,Tuesday,4,USSD PURCHASE - BRITISH GAS,British Gas,Utilities,USSD,222241.19,0.66,338557.0,0.0,NG,0,DEV-1759560215,0,0,Declined,USSD PURCHASE - BRITISH GAS,British Gas,2026,July,25,0.00056,124.4550664,161.79158632000002,1
FLR-ACC-104262,Bluewave Consulting Ltd,Business,NG,NGN,Tier3_Enhanced,2022-04-16,997.72,FLR260727136301,2026-07-27 09:05:46,Monday,9,INTL WIRE - INTERNATIONAL WIRE REF983355,International Wire,Wire Transfer,API/Integration,8375035.0,1.28,6549710.56,0.0,NG,0,DEV-5844850055,0,1563,Completed,INTL WIRE - INTERNATIONAL WIRE REF983355,International Wire Ref983355,2022,April,16,0.00056,4690.0196,6097.025479999999,0
FLR-ACC-101966,Mary Eze,Individual,US,USD,Tier3_Enhanced,2025-02-25,161.57,FLR251225177238,2025-12-25 17:08:00,Thursday,17,POS PURCHASE - DOMINO'S PIZZA,Domino's Pizza,Restaurants,Card Present,85.95,1.01,85.28,0.0,US,0,DEV-5229853539,0,303,Completed,POS PURCHASE - DOMINO'S PIZZA,Domino'S Pizza,2025,February,25,0.77,66.1815,86.03595,0
FLR-ACC-100254,Laura Johnson,Individual,GB,GBP,Tier2_Verified,2025-01-18,46.32,FLR260817178801,2026-08-17 08:21:37,Monday,8,ATM WITHDRAWAL - ACCESS BANK ATM,Access Bank ATM,ATM Withdrawal,Web Dashboard,26.2,0.06,418.59,0.0,GB,0,DEV-2571847778,0,576,Completed,ATM WITHDRAWAL - ACCESS BANK ATM,Access Bank Atm,2025,January,18,1.0,26.2,34.06,0
FLR-ACC-103267,Daniel Adekunle,Individual,NG,NGN,Tier2_Verified,2025-02-03,19.91,FLR250305215305,2025-03-05 09:33:57,Wednesday,9,WEB PURCHASE - NOTION,Notion,Subscription/SaaS,Web Dashboard,2430.57,1.0,2430.57,0.0,NG,0,DEV-4217180403,0,30,Completed,WEB PURCHASE - NOTION,Notion,2025,February,3,0.00056,1.3611192,1.7694549600000002,0
FLR-ACC-100401,North Technologies Inc,Business,NG,NGN,Tier1_Basic,2025-10-07,978.93,FLR250824110286,2025-08-24 21:24:33,Sunday,21,API PURCHASE - RELIANCE HMO,Reliance HMO,Healthcare,API/Integration,826578.58,0.1,8089726.98,0.0,NG,0,DEV-5843963668,0,0,Completed,API PURCHASE - RELIANCE HMO,Reliance Hmo,2025,October,7,0.00056,462.8840048,601.74920624,1
FLR-ACC-106715,Yetunde Obi,Individual,GB,GBP,Tier3_Enhanced,2025-01-03,9.52,FLR251202117024,2025-12-02 05:54:17,Tuesday,5,USSD PURCHASE - SPAR,Spar,Groceries,USSD,1.0,0.12,8.66,0.0,GB,0,DEV-6796661736,0,333,Completed,USSD PURCHASE - SPAR,Spar,2025,January,3,1.0,1.0,1.3,0
FLR-ACC-104076,David Adeyemi,Individual,NG,NGN,Tier2_Verified,2023-10-29,56.24,FLR250823219090,2025-08-23 20:59:47,Saturday,20,SALARY - BLUEWAVE CONSULTING,no_merchant,Payroll Transfer,Card Present,256877.0,1.19,215157.02,0.0,NG,0,DEV-2889704112,0,664,Completed,SALARY - BLUEWAVE CONSULTING,Bluewave Consulting,2023,October,29,0.00056,143.85111999999998,187.006456,0
FLR-ACC-103714,Femi Okoro,Individual,US,USD,Tier1_Basic,2024-02-14,183.29,FLR251229205135,2025-12-29 20:04:30,Monday,20,MOBILE PURCHASE - ZARA,Zara,Retail,Mobile App,166.0,2.74,60.57,0.0,FR,1,DEV-6132463457,0,684,Completed,MOBILE PURCHASE - ZARA,Zara,2024,February,14,0.77,127.82,166.166,0
FLR-ACC-102746,Global Foods LLC,Business,US,USD,Tier2_Verified,2025-06-03,946.31,FLR260325133767,2026-03-25 12:42:27,Wednesday,12,SALARY - SILVERLINE VENTURES,no_merchant,Payroll Transfer,Web Dashboard,5792.0,10.17,569.28,0.0,US,0,DEV-9052760830,0,295,Completed,SALARY - SILVERLINE VENTURES,Silverline Ventures,2025,June,3,0.77,4459.84,5797.792,0
FLR-ACC-105018,Musa Okoro,Individual,NG,NGN,Tier3_Enhanced,2023-12-22,60.55,FLR250326127592,2025-03-26 08:27:34,Wednesday,8,MOBILE PURCHASE - DOMINO'S PIZZA,Domino's Pizza,Restaurants,Mobile App,12802.0,0.29,43989.74,0.0,NG,0,missing_device,-1,460,Completed,MOBILE PURCHASE - DOMINO'S PIZZA,Domino'S Pizza,2023,December,22,0.00056,7.16912,9.319856,0
FLR-ACC-102227,Musa Eze,Individual,NG,NGN,Tier1_Basic,2025-12-02,20.01,FLR250405114876,2025-04-05 16:37:09,Saturday,16,MOBILE PURCHASE - ASOS,ASOS,Retail,Mobile App,16540.0,0.11,145790.13,0.0,NG,0,missing_device,-1,0,Declined,MOBILE PURCHASE - ASOS,Asos,2025,December,2,0.00056,9.2624,12.04112,1
FLR-ACC-101209,Metro Ventures Ltd,Business,NG,NGN,Tier2_Verified,2025-09-21,728.33,FLR250925179403,2025-09-25 18:13:31,Thursday,18,SALARY - GLOBAL BUILDERS,no_merchant,Payroll Transfer,API/Integration,5142272.0,1.12,4579036.22,1.0,NG,0,DEV-6221842978,0,4,Completed,SALARY - GLOBAL BUILDERS,Global Builders,2025,September,21,0.00056,2879.67232,3743.574016000001,0
FLR-ACC-102595,Sarah Fashola,Individual,NG,NGN,Tier1_Basic,2025-06-23,76.65,FLR250326109522,2025-03-26 10:53:14,Wednesday,10,SALARY - METRO CONSULTING,no_merchant,Payroll Transfer,Web Dashboard,848130.53,231.54,3663.0,0.0,NG,0,missing_device,-1,0,Completed,SALARY - METRO CONSULTING,Metro Consulting,2025,June,23,0.00056,474.9530968,617.43902584,1
FLR-ACC-102027,Tunde Hassan,Individual,DE,EUR,Tier2_Verified,2026-04-03,23.55,FLR251214163501,2025-12-14 14:42:20,Sunday,14,MOBILE PURCHASE - BOOKING.COM,Booking.com,Travel,Mobile App,38.0,0.42,90.85,0.0,DE,0,DEV-7076857253,0,0,Completed,MOBILE PURCHASE - BOOKING.COM,Booking.Com,2026,April,3,0.84,31.92,41.496,1
FLR-ACC-104079,Ruth Fashola,Individual,GB,GBP,Tier2_Verified,2022-11-11,29.97,FLR250528187893,2025-05-28 18:22:24,Wednesday,18,MOBILE PURCHASE - AIR PEACE,Air Peace,Travel,Mobile App,87.53,2.41,36.35,1.0,GB,0,missing_device,-1,929,Completed,MOBILE PURCHASE - AIR PEACE,Air Peace,2022,November,11,1.0,87.53,113.789,0
FLR-ACC-101374,Silverline Logistics Ltd,Business,NG,NGN,Tier2_Verified,2024-09-15,449.48,FLR250913177497,2025-09-13 20:14:56,Saturday,20,API PURCHASE - AVIVA,Aviva,Insurance,API/Integration,354398.0,0.13,2686557.94,1.0,NG,0,DEV-6618186337,0,363,Reversed,API PURCHASE - AVIVA,Aviva,2024,September,15,0.00056,198.46288,258.00174400000003,0
FLR-ACC-105754,Apex Technologies Inc,Business,NG,NGN,Tier2_Verified,2025-11-01,354.56,FLR260731220679,2026-07-31 04:46:30,Friday,4,INTL WIRE - INTERNATIONAL WIRE REF615883,International Wire,Wire Transfer,Web Dashboard,10268217.65,1728.0,5942.24,0.0,NG,0,DEV-8806219021,0,272,Reversed,INTL WIRE - INTERNATIONAL WIRE REF615883,International Wire Ref615883,2025,November,1,0.00056,5750.201884,7475.2624492,0
FLR-ACC-102250,Chidi Bello,Individual,GB,GBP,Tier2_Verified,2023-07-10,28.76,FLR251222221802,2025-12-22 15:48:57,Monday,15,WEB PURCHASE - CHICKEN REPUBLIC,Chicken Republic,Restaurants,Web Dashboard,2.0,0.12,16.53,1.0,GB,0,DEV-4730333501,0,896,Reversed,WEB PURCHASE - CHICKEN REPUBLIC,Chicken Republic,2023,July,10,1.0,2.0,2.6,0
FLR-ACC-104895,Global Media LLC,Business,NG,NGN,Tier2_Verified,2026-03-24,136.87,FLR250727206953,2025-07-27 13:37:34,Sunday,13,API PURCHASE - BRITISH GAS,British Gas,Utilities,API/Integration,209426.0,35.24,5942.24,0.0,NG,0,DEV-6078460623,0,0,Reversed,API PURCHASE - BRITISH GAS,British Gas,2026,March,24,0.00056,117.27855999999998,152.46212799999998,1
FLR-ACC-101465,Chidi Balogun,Individual,GB,GBP,Tier2_Verified,2023-05-11,84.14,FLR260325132537,2026-03-25 10:36:11,Wednesday,10,SALARY - METRO BUILDERS,no_merchant,Payroll Transfer,Mobile App,1625.39,180.6,9.0,0.0,GB,0,DEV-7801549226,0,1049,Reversed,SALARY - METRO BUILDERS,Metro Builders,2023,May,11,1.0,1625.39,2113.007,0
FLR-ACC-101967,Chuka Fashola,Individual,NG,NGN,Tier2_Verified,2025-12-16,37.3,FLR251228193515,2025-12-28 18:18:04,Sunday,18,CNP PURCHASE - THAMES WATER,Thames Water,Utilities,Card Not Present,30310.92,0.8,37914.27,1.0,NG,0,DEV-4991453408,0,12,Completed,CNP PURCHASE - THAMES WATER,Thames Water,2025,December,16,0.00056,16.974115199999996,22.06634976,0
FLR-ACC-100264,Peter Ibrahim,Individual,NG,NGN,Tier2_Verified,2024-08-18,35.96,FLR260710180447,2026-07-10 19:46:40,Friday,19,POS PURCHASE - SHOPRITE,Shoprite,Groceries,Card Present,32915.92,4.45,7393.95,0.0,NG,0,DEV-5271704152,0,691,Completed,POS PURCHASE - SHOPRITE,Shoprite,2024,August,18,0.00056,18.4329152,23.96278976,0
FLR-ACC-105192,Urban Textiles LLC,Business,FR,EUR,Tier1_Basic,2026-02-24,116.97,FLR251031124234,2025-10-31 18:55:11,Friday,18,SALARY - GLOBAL BUILDERS,no_merchant,Payroll Transfer,Card Present,620.52,8.13,76.35,0.0,FR,0,DEV-3973524280,0,0,Completed,SALARY - GLOBAL BUILDERS,Global Builders,2026,February,24,0.84,521.2368,677.60784,1
FLR-ACC-103690,Silverline Textiles Ltd,Business,FR,EUR,Tier3_Enhanced,2023-03-05,244.18,FLR250708210982,2025-07-08 11:50:47,Tuesday,11,INTL WIRE - INTERNATIONAL WIRE REF345324,International Wire,Wire Transfer,Mobile App,6762.0,512.27,13.2,0.0,FR,0,DEV-3731126074,0,856,Declined,INTL WIRE - INTERNATIONAL WIRE REF345324,International Wire Ref345324,2023,March,5,0.84,5680.08,7384.104,0
FLR-ACC-101471,Global Retail Ltd,Business,GB,GBP,Tier2_Verified,2024-10-08,620.47,FLR260403224823,2026-04-03 14:06:29,Friday,14,API PURCHASE - APPLE STORE,Apple Store,Electronics,API/Integration,1561.35,173.48,9.0,0.0,GB,0,DEV-6704483548,0,542,Completed,API PURCHASE - APPLE STORE,Apple Store,2024,October,8,1.0,1561.35,2029.755,0
FLR-ACC-102017,North Trading LLC,Business,NG,NGN,Tier2_Verified,2026-07-14,54.2,FLR251206192008,2025-12-06 12:27:15,Saturday,12,SALARY - SUNRISE BUILDERS,no_merchant,Payroll Transfer,Mobile App,356624.66,1.13,314663.5,1.0,NG,0,DEV-2628099280,0,0,Declined,SALARY - SUNRISE BUILDERS,Sunrise Builders,2026,July,14,0.00056,199.7098096,259.62275248000003,1
FLR-ACC-102017,North Trading LLC,Business,NG,NGN,Tier2_Verified,2026-07-14,54.2,FLR260528181983,2026-05-28 19:31:31,Thursday,19,API PURCHASE - AMAZON,Amazon,Retail,API/Integration,29744.25,0.13,224533.85,1.0,NG,0,DEV-2817726606,1,0,Completed,API PURCHASE - AMAZON,Amazon,2026,July,14,0.00056,16.656779999999998,21.653814,1
FLR-ACC-102137,Mary Obi,Individual,GB,GBP,Tier3_Enhanced,2025-07-05,14.04,FLR260301143809,2026-03-01 18:32:58,Sunday,18,CNP PURCHASE - MICROSOFT 365,Microsoft 365,Subscription/SaaS,Card Not Present,1.13,0.1,11.42,1.0,GB,0,DEV-9964946334,0,239,Reversed,CNP PURCHASE - MICROSOFT 365,Microsoft 365,2025,July,5,1.0,1.13,1.469,0
FLR-ACC-102376,Blessing Obi,Individual,US,USD,Tier3_Enhanced,2025-05-03,36.34,FLR251003147847,2025-10-03 13:50:29,Friday,13,NIP TRANSFER TO NGOZI IBRAHIM,no_merchant,P2P Transfer,Mobile App,12.0,0.24,50.56,1.0,US,0,DEV-4350078585,0,153,Completed,NIP TRANSFER - NGOZI IBRAHIM,Ngozi Ibrahim,2025,May,3,0.77,9.24,12.012,0
FLR-ACC-103079,Chuka Johnson,Individual,NG,NGN,Tier2_Verified,2022-12-22,73.02,FLR251007165382,2025-10-07 11:22:42,Tuesday,11,SALARY - GLOBAL LOGISTICS,no_merchant,Payroll Transfer,Mobile App,314135.0,52.86,5942.24,0.0,NG,0,DEV-8447854044,0,1020,Completed,SALARY - GLOBAL LOGISTICS,Global Logistics,2022,December,22,0.00056,175.91559999999998,228.69028,0
FLR-ACC-102076,Peter Adeyemi,Individual,GB,GBP,Tier2_Verified,2025-06-02,19.46,FLR250225104392,2025-02-25 11:25:39,Tuesday,11,POS PURCHASE - JUMIA MART,Jumia Mart,Groceries,Card Present,3.34,0.31,10.82,1.0,GB,0,DEV-1189705901,0,0,Reversed,POS PURCHASE - JUMIA MART,Jumia Mart,2025,June,2,1.0,3.34,4.342,1
FLR-ACC-101450,Michael Adekunle,Individual,NG,NGN,Tier3_Enhanced,2025-08-30,194.67,FLR251216173553,2025-12-16 01:57:16,Tuesday,1,POS PURCHASE - UBER,Uber,Travel,Card Present,747316.0,125.76,5942.24,0.0,NG,0,DEV-2280991245,0,108,Completed,POS PURCHASE - UBER,Uber,2025,August,30,0.00056,418.49696,544.046048,0
FLR-ACC-100953,Sarah Hassan,Individual,NG,NGN,Tier2_Verified,2024-12-16,73.2,FLR260324127224,2026-03-24 06:17:03,Tuesday,6,WEB PURCHASE - SHOPRITE,Shoprite,Groceries,Web Dashboard,43047.26,0.75,57749.9,0.0,NG,0,DEV-4901590428,0,463,Reversed,WEB PURCHASE - SHOPRITE,Shoprite,2024,December,16,0.00056,24.1064656,31.33840528,0
FLR-ACC-103965,James Adekunle,Individual,NG,NGN,Tier2_Verified,2025-07-26,129.88,FLR260325148160,2026-03-25 23:52:58,Wednesday,23,WEB PURCHASE - BOOKING.COM,Booking.com,Travel,Web Dashboard,239280.96,49.89,4796.0,0.0,NG,0,DEV-8273205865,0,242,Completed,WEB PURCHASE - BOOKING.COM,Booking.Com,2025,July,26,0.00056,133.99733759999998,174.19653888,0
FLR-ACC-100827,Ngozi Balogun,Individual,FR,EUR,Tier1_Basic,2024-11-02,41.56,FLR250926149279,2025-09-26 09:18:35,Friday,9,NIP TRANSFER TO EMEKA ADEYEMI,no_merchant,P2P Transfer,Mobile App,24.62,0.46,53.06,1.0,FR,0,DEV-9358605255,0,328,Declined,NIP TRANSFER - EMEKA ADEYEMI,Emeka Adeyemi,2024,November,2,0.84,20.6808,26.885040000000004,0
FLR-ACC-102017,North Trading LLC,Business,NG,NGN,Tier2_Verified,2026-07-14,54.2,FLR250909107669,2025-09-09 15:59:33,Tuesday,15,API PURCHASE - LUNO,Luno,Crypto Exchange,API/Integration,276594.26,0.91,304905.84,1.0,NG,0,DEV-2628099280,0,0,Completed,API PURCHASE - LUNO,Luno,2026,July,14,0.00056,154.8927856,201.36062128,1
FLR-ACC-106382,Apex Media Inc,Business,DE,EUR,Tier3_Enhanced,2024-09-25,330.56,FLR250502202934,2025-05-02 10:03:05,Friday,10,NIP TRANSFER TO MICHAEL BALOGUN,no_merchant,P2P Transfer,Web Dashboard,223.0,0.34,658.58,1.0,DE,0,missing_device,-1,219,Completed,NIP TRANSFER - MICHAEL BALOGUN,Michael Balogun,2024,September,25,0.84,187.32,243.516,0
FLR-ACC-103287,John Chukwu,Individual,FR,EUR,Tier2_Verified,2025-12-15,75.51,FLR260417137232,2026-04-17 10:13:43,Friday,10,WEB PURCHASE - APPLE STORE ONLINE,Apple Store Online,Retail,Web Dashboard,42.58,0.45,94.63,1.0,FR,0,DEV-6847579462,0,123,Reversed,WEB PURCHASE - APPLE STORE ONLINE,Apple Store Online,2025,December,15,0.84,35.767199999999995,46.49735999999999,0
FLR-ACC-102893,Chuka Obi,Individual,FR,EUR,Tier3_Enhanced,2025-12-08,125.68,FLR251229139077,2025-12-29 18:57:04,Monday,18,SALARY - URBAN TECHNOLOGIES,no_merchant,Payroll Transfer,Mobile App,744.06,10.27,72.47,1.0,FR,0,DEV-8620120276,0,21,Completed,SALARY - URBAN TECHNOLOGIES,Urban Technologies,2025,December,8,0.84,625.0103999999999,812.5135199999999,0
FLR-ACC-105432,Ruth Smith,Individual,US,USD,Tier1_Basic,2024-11-14,48.53,FLR250522143939,2025-05-22 10:03:32,Thursday,10,CNP PURCHASE - AIRBNB,Airbnb,Travel,Card Not Present,197.52,49.38,4.0,0.0,US,0,missing_device,-1,189,Completed,CNP PURCHASE - AIRBNB,Airbnb,2024,November,14,0.77,152.09040000000002,197.71752000000004,0
FLR-ACC-105401,Prime Media Co.,Business,NG,NGN,Tier2_Verified,2026-02-19,570.42,FLR251224203258,2025-12-24 19:08:34,Wednesday,19,INTL WIRE - INTERNATIONAL WIRE REF262515,International Wire,Wire Transfer,Web Dashboard,4348159.0,23.61,184182.85,0.0,NG,0,DEV-8504241284,1,0,Completed,INTL WIRE - INTERNATIONAL WIRE REF262515,International Wire Ref262515,2026,February,19,0.00056,2434.96904,3165.459752,1
FLR-ACC-105452,Metro Logistics LLC,Business,GB,GBP,Tier1_Basic,2025-03-27,426.23,FLR250217210910,2025-02-17 20:07:03,Monday,20,SALARY - METRO TRADING,no_merchant,Payroll Transfer,API/Integration,4746.55,99.17,47.86,0.0,GB,0,missing_device,-1,0,Completed,SALARY - METRO TRADING,Metro Trading,2025,March,27,1.0,4746.55,6170.515,1
FLR-ACC-105244,Bluewave Builders Inc,Business,US,USD,Tier2_Verified,2025-08-25,479.74,FLR251125190449,2025-11-25 11:56:16,Tuesday,11,SALARY - NORTH TECHNOLOGIES,no_merchant,Payroll Transfer,API/Integration,5010.0,34.32,146.0,0.0,US,0,DEV-7584321694,0,92,Completed,SALARY - NORTH TECHNOLOGIES,North Technologies,2025,August,25,0.77,3857.7,5015.01,0
FLR-ACC-101374,Silverline Logistics Ltd,Business,NG,NGN,Tier2_Verified,2024-09-15,449.48,FLR260215125740,2026-02-15 21:11:55,Sunday,21,NIP TRANSFER TO OLU SMITH,no_merchant,P2P Transfer,API/Integration,1415776.87,0.65,2194983.84,1.0,NG,0,DEV-6618186337,0,518,Completed,NIP TRANSFER - OLU SMITH,Olu Smith,2024,September,15,0.00056,792.8350472,1030.68556136,0
FLR-ACC-101902,Bluewave Logistics LLC,Business,NG,NGN,Tier2_Verified,2026-08-04,291.95,FLR251224102655,2025-12-24 10:12:10,Wednesday,10,INTL WIRE - INTERNATIONAL WIRE REF728162,International Wire,Wire Transfer,Web Dashboard,4329613.83,1.73,2502397.83,1.0,NG,0,DEV-3866812958,0,0,Completed,INTL WIRE - INTERNATIONAL WIRE REF728162,International Wire Ref728162,2026,August,4,0.00056,2424.5837448,3151.9588682400004,1
FLR-ACC-101702,Peter Balogun,Individual,NG,NGN,Tier3_Enhanced,2024-11-22,54.92,FLR260619189936,2026-06-19 12:57:35,Friday,12,NIP TRANSFER TO KEMI WILLIAMS,no_merchant,P2P Transfer,USSD,94537.0,6.53,14487.0,0.0,NG,0,DEV-8119729229,0,574,Reversed,NIP TRANSFER - KEMI WILLIAMS,Kemi Williams,2024,November,22,0.00056,52.94072,68.822936,0
FLR-ACC-101117,Michael Taylor,Individual,NG,NGN,Tier1_Basic,2023-10-08,50.12,FLR250712135268,2025-07-12 19:22:50,Saturday,19,SALARY - BLUEWAVE BUILDERS,no_merchant,Payroll Transfer,Card Present,417910.1,8.1,51588.04,1.0,NG,0,DEV-8142006904,0,643,Completed,SALARY - BLUEWAVE BUILDERS,Bluewave Builders,2023,October,8,0.00056,234.029656,304.2385528,0
FLR-ACC-106179,Funke Nwosu,Individual,NG,NGN,Tier2_Verified,2026-04-10,220.66,FLR250804179351,2025-08-04 17:17:31,Monday,17,SALARY - PRIME VENTURES,no_merchant,Payroll Transfer,Web Dashboard,2645472.08,5.7,464242.87,0.0,NG,0,DEV-1941589232,1,0,Reversed,SALARY - PRIME VENTURES,Prime Ventures,2026,April,10,0.00056,1481.4643648,1925.90367424,1
FLR-ACC-102017,North Trading LLC,Business,NG,NGN,Tier2_Verified,2026-07-14,54.2,FLR251026200180,2025-10-26 21:10:15,Sunday,21,CNP PURCHASE - SHOPRITE,Shoprite,Groceries,Card Not Present,40453.62,0.14,294638.49,1.0,NG,0,DEV-5366168569,0,0,Completed,CNP PURCHASE - SHOPRITE,Shoprite,2026,July,14,0.00056,22.6540272,29.450235360000004,1
FLR-ACC-103483,Ruth Fashola,Individual,US,USD,Tier2_Verified,2023-04-06,92.69,FLR250302119521,2025-03-02 22:14:23,Sunday,22,NIP TRANSFER TO FUNKE OKAFOR,no_merchant,P2P Transfer,Card Not Present,309.79,32.47,9.54,0.0,US,0,DEV-9678102978,0,696,Completed,NIP TRANSFER - FUNKE OKAFOR,Funke Okafor,2023,April,6,0.77,238.5383,310.09979,0
FLR-ACC-105168,Urban Builders LLC,Business,NG,NGN,Tier2_Verified,2024-07-19,1081.17,FLR250810103601,2025-08-10 15:54:16,Sunday,15,INTL WIRE - INTERNATIONAL WIRE REF263047,International Wire,Wire Transfer,Mobile App,12775413.0,1.84,6953813.31,1.0,NG,0,DEV-2240544904,0,387,Completed,INTL WIRE - INTERNATIONAL WIRE REF263047,International Wire Ref263047,2024,July,19,0.00056,7154.231279999999,9300.500664,0
FLR-ACC-104956,Apex Ventures LLC,Business,NG,NGN,Tier1_Basic,2024-06-02,530.67,FLR250730131696,2025-07-30 20:08:30,Wednesday,20,SALARY - SUNRISE TECHNOLOGIES,no_merchant,Payroll Transfer,Web Dashboard,4491815.0,142.65,31487.83,0.0,NG,0,DEV-8617031909,0,423,Declined,SALARY - SUNRISE TECHNOLOGIES,Sunrise Technologies,2024,June,2,0.00056,2515.4164,3270.0413200000003,0
FLR-ACC-100827,Ngozi Balogun,Individual,FR,EUR,Tier1_Basic,2024-11-02,41.56,FLR260715212980,2026-07-15 10:25:02,Wednesday,10,MOBILE PURCHASE - SLACK,Slack,Subscription/SaaS,Mobile App,3.0,0.06,46.86,1.0,FR,0,DEV-9358605255,0,620,Completed,MOBILE PURCHASE - SLACK,Slack,2024,November,2,0.84,2.52,3.276,0
FLR-ACC-105958,North Consulting Inc,Business,GB,GBP,Tier1_Basic,2026-05-29,1097.62,FLR250522110500,2025-05-22 14:11:23,Thursday,14,INTL WIRE - INTERNATIONAL WIRE REF690811,International Wire,Wire Transfer,Web Dashboard,2503.01,0.89,2812.14,1.0,GB,0,missing_device,-1,0,Completed,INTL WIRE - INTERNATIONAL WIRE REF690811,International Wire Ref690811,2026,May,29,1.0,2503.01,3253.9130000000005,1
FLR-ACC-100514,Apex Textiles Co.,Business,US,USD,Tier3_Enhanced,2023-09-21,360.98,FLR260726118874,2026-07-26 18:31:53,Sunday,18,INTL WIRE - INTERNATIONAL WIRE REF134493,International Wire,Wire Transfer,Mobile App,2162.7,5.04,428.72,0.0,US,0,DEV-3501436162,0,1039,Completed,INTL WIRE - INTERNATIONAL WIRE REF134493,International Wire Ref134493,2023,September,21,0.77,1665.279,2164.8627,0
FLR-ACC-100134,Global Consulting LLC,Business,NG,NGN,Tier2_Verified,2025-11-10,242.32,FLR250528131557,2025-05-28 14:37:41,Wednesday,14,INTL WIRE - INTERNATIONAL WIRE REF230567,International Wire,Wire Transfer,Web Dashboard,5872589.02,4.26,1378590.41,1.0,NG,0,DEV-2644327725,0,0,Completed,INTL WIRE - INTERNATIONAL WIRE REF230567,International Wire Ref230567,2025,November,10,0.00056,3288.6498511999994,4275.244806559999,1
FLR-ACC-104171,Silverline Trading Co.,Business,NG,NGN,Tier3_Enhanced,2024-11-29,115.29,FLR260621128427,2026-06-21 11:19:58,Sunday,11,SALARY - SUNRISE TRADING,no_merchant,Payroll Transfer,Web Dashboard,1964036.21,330.52,5942.24,0.0,NG,0,DEV-6220579345,0,569,Completed,SALARY - SUNRISE TRADING,Sunrise Trading,2024,November,29,0.00056,1099.8602775999998,1429.8183608799998,0
FLR-ACC-102968,North Consulting Co.,Business,NG,NGN,Tier2_Verified,2022-09-01,3925.35,FLR260201143297,2026-02-01 17:35:36,Sunday,17,INTL WIRE - INTERNATIONAL WIRE REF237355,International Wire,Wire Transfer,Mobile App,89264301.95,15022.0,5942.24,0.0,NG,0,DEV-6751257562,0,1249,Completed,INTL WIRE - INTERNATIONAL WIRE REF237355,International Wire Ref237355,2022,September,1,0.00056,49988.009092,64984.411819600005,0
FLR-ACC-102585,Sunrise Textiles LLC,Business,US,USD,Tier2_Verified,2024-10-06,741.83,FLR251207214448,2025-12-07 12:57:06,Sunday,12,INTL WIRE - INTERNATIONAL WIRE REF150428,International Wire,Wire Transfer,Mobile App,17707.5,10.57,1676.0,0.0,US,0,DEV-3150157157,0,427,Completed,INTL WIRE - INTERNATIONAL WIRE REF150428,International Wire Ref150428,2024,October,6,0.77,13634.775,17725.2075,0
FLR-ACC-101457,James Williams,Individual,NG,NGN,Tier2_Verified,2025-12-25,120.2,FLR251126206968,2025-11-26 17:25:54,Wednesday,17,MOBILE PURCHASE - ABUJA DISCO,Abuja DisCo,Utilities,Mobile App,94733.61,1.21,78387.4,1.0,NG,0,DEV-9387876437,0,0,Reversed,MOBILE PURCHASE - ABUJA DISCO,Abuja Disco,2025,December,25,0.00056,53.0508216,68.96606808,1
FLR-ACC-103654,James Johnson,Individual,NG,NGN,Tier1_Basic,2025-12-27,19.28,FLR250727124865,2025-07-27 20:40:57,Sunday,20,SALARY - PRIME FOODS,no_merchant,Payroll Transfer,Card Not Present,234344.79,64.04,3659.36,0.0,NG,0,DEV-9931386302,0,0,Completed,SALARY - PRIME FOODS,Prime Foods,2025,December,27,0.00056,131.2330824,170.60300712,1
FLR-ACC-103173,Global Consulting Ltd,Business,NG,NGN,Tier2_Verified,2023-10-14,163.33,FLR251023187151,2025-10-23 11:59:17,Thursday,11,INTL WIRE - INTERNATIONAL WIRE REF887925,International Wire,Wire Transfer,Mobile App,4909245.0,364.57,13466.0,0.0,NG,0,DEV-5239358814,0,740,Completed,INTL WIRE - INTERNATIONAL WIRE REF887925,International Wire Ref887925,2023,October,14,0.00056,2749.1772,3573.9303600000003,0
FLR-ACC-105010,Femi Adekunle,Individual,US,USD,Tier2_Verified,2026-02-22,48.47,FLR250809195546,2025-08-09 23:09:18,Saturday,23,SALARY - GLOBAL CONSULTING,no_merchant,Payroll Transfer,Card Present,988.0,16.92,58.4,0.0,US,0,DEV-7641405426,0,0,Reversed,SALARY - GLOBAL CONSULTING,Global Consulting,2026,February,22,0.77,760.76,988.988,1
FLR-ACC-103334,Apex Consulting Ltd,Business,NG,NGN,Tier1_Basic,2024-07-13,1546.55,FLR260122140550,2026-01-22 06:23:18,Thursday,6,SALARY - PRIME TECHNOLOGIES,no_merchant,Payroll Transfer,Mobile App,33543239.03,12.6,2662356.33,0.0,NG,0,DEV-5802982199,0,558,Completed,SALARY - PRIME TECHNOLOGIES,Prime Technologies,2024,July,13,0.00056,18784.2138568,24419.47801384,0
FLR-ACC-101002,Daniel Obi,Individual,US,USD,Tier3_Enhanced,2024-04-11,23.6,FLR251203140338,2025-12-03 08:38:01,Wednesday,8,USSD PURCHASE - CURRYS PC WORLD,Currys PC World,Electronics,USSD,26.19,0.88,29.79,1.0,US,0,DEV-1436443285,0,601,Completed,USSD PURCHASE - CURRYS PC WORLD,Currys Pc World,2024,April,11,0.77,20.166300000000003,26.216190000000005,0
FLR-ACC-103288,Tunde Chukwu,Individual,NG,NGN,Tier3_Enhanced,2022-12-06,6.88,FLR260203189449,2026-02-03 16:28:48,Tuesday,16,MOBILE PURCHASE - APPLE STORE ONLINE,Apple Store Online,Retail,Mobile App,2933.0,0.3,9897.82,0.0,US,1,DEV-7856917658,1,1155,Completed,MOBILE PURCHASE - APPLE STORE ONLINE,Apple Store Online,2022,December,6,0.00056,1.64248,2.135224,0
FLR-ACC-101697,Michael Okoro,Individual,US,USD,Tier2_Verified,2026-08-04,67.39,FLR260405109245,2026-04-05 11:42:19,Sunday,11,MOBILE PURCHASE - NANDO'S,Nando's,Restaurants,Mobile App,10.0,0.14,72.4,1.0,NG,1,DEV-2028971893,0,0,Reversed,MOBILE PURCHASE - NANDO'S,Nando'S,2026,August,4,0.77,7.7,10.01,1
FLR-ACC-103504,Daniel Okoro,Individual,US,USD,Tier3_Enhanced,2025-10-22,40.5,FLR251014102126,2025-10-14 08:13:50,Tuesday,8,SALARY - URBAN BUILDERS,no_merchant,Payroll Transfer,Mobile App,398.83,398.83,0.76,0.0,US,0,DEV-3751704330,0,0,Completed,SALARY - URBAN BUILDERS,Urban Builders,2025,October,22,0.77,307.0991,399.22883,1
FLR-ACC-105168,Urban Builders LLC,Business,NG,NGN,Tier2_Verified,2024-07-19,1081.17,FLR250810148627,2025-08-10 15:15:44,Sunday,15,INTL WIRE - INTERNATIONAL WIRE REF773205,International Wire,Wire Transfer,Card Not Present,20904708.61,3.21,6517847.83,1.0,NG,0,DEV-2240544904,0,387,Reversed,INTL WIRE - INTERNATIONAL WIRE REF773205,International Wire Ref773205,2024,July,19,0.00056,11706.6368216,15218.62786808,0
FLR-ACC-102007,Daniel Ibrahim,Individual,GB,GBP,Tier2_Verified,2025-03-18,55.61,FLR251119211154,2025-11-19 06:39:04,Wednesday,6,SALARY - GREENFIELD TEXTILES,no_merchant,Payroll Transfer,Mobile App,559.65,29.67,18.86,0.0,GB,0,DEV-5843711559,0,246,Completed,SALARY - GREENFIELD TEXTILES,Greenfield Textiles,2025,March,18,1.0,559.65,727.545,0
FLR-ACC-101060,Urban Logistics LLC,Business,NG,NGN,Tier2_Verified,2025-08-16,216.99,FLR250402135481,2025-04-02 00:44:31,Wednesday,0,SALARY - GLOBAL BUILDERS,no_merchant,Payroll Transfer,Card Not Present,2010632.92,338.36,5942.24,0.0,NG,0,DEV-6539527421,0,0,Completed,SALARY - GLOBAL BUILDERS,Global Builders,2025,August,16,0.00056,1125.9544351999998,1463.7407657599997,1
FLR-ACC-104843,Prime Retail LLC,Business,NG,NGN,Tier3_Enhanced,2024-10-18,701.1,FLR260707163052,2026-07-07 10:47:23,Tuesday,10,SALARY - GREENFIELD BUILDERS,no_merchant,Payroll Transfer,Web Dashboard,9156885.44,1540.98,5942.24,0.0,NG,0,DEV-9071173535,0,627,Reversed,SALARY - GREENFIELD BUILDERS,Greenfield Builders,2024,October,18,0.00056,5127.855846399999,6666.212600319999,0
FLR-ACC-105360,Greenfield Ventures Inc,Business,NG,NGN,Tier1_Basic,2025-04-05,125.34,FLR250405152477,2025-04-05 14:10:50,Saturday,14,SALARY - NORTH RETAIL,no_merchant,Payroll Transfer,Web Dashboard,2015734.09,15.24,132228.85,0.0,NG,0,missing_device,-1,0,Reversed,SALARY - NORTH RETAIL,North Retail,2025,April,5,0.00056,1128.8110904,1467.45441752,1
FLR-ACC-105522,Ifeoma Okafor,Individual,NG,NGN,Tier2_Verified,2022-04-19,92.18,FLR251123102314,2025-11-23 22:54:11,Sunday,22,ATM WITHDRAWAL - ZENITH ATM,Zenith ATM,ATM Withdrawal,Card Present,100410.0,0.23,434852.83,0.0,NG,0,DEV-7288650241,0,1314,Reversed,ATM WITHDRAWAL - ZENITH ATM,Zenith Atm,2022,April,19,0.00056,56.2296,73.09848,0
FLR-ACC-104529,Urban Consulting LLC,Business,DE,EUR,Tier2_Verified,2024-12-24,233.35,FLR251205206303,2025-12-05 14:55:35,Friday,14,INTL WIRE - INTERNATIONAL WIRE REF811637,International Wire,Wire Transfer,Web Dashboard,3114.0,34.72,89.7,0.0,DE,0,DEV-6604766385,0,346,Reversed,INTL WIRE - INTERNATIONAL WIRE REF811637,International Wire Ref811637,2024,December,24,0.84,2615.76,3400.4880000000003,0
FLR-ACC-100292,Apex Consulting Co.,Business,GB,GBP,Tier2_Verified,2023-10-16,614.08,FLR260222169806,2026-02-22 07:11:54,Sunday,7,NIP TRANSFER TO EMEKA OKAFOR,no_merchant,P2P Transfer,Web Dashboard,107.0,0.31,345.66,0.0,GB,0,DEV-5017072627,0,860,Reversed,NIP TRANSFER - EMEKA OKAFOR,Emeka Okafor,2023,October,16,1.0,107.0,139.1,0
FLR-ACC-105394,Greenfield Consulting Ltd,Business,GB,GBP,Tier2_Verified,2024-02-17,335.74,FLR260313129994,2026-03-13 17:58:27,Friday,17,INTL WIRE - INTERNATIONAL WIRE REF533625,International Wire,Wire Transfer,Card Not Present,6613.0,10.0,661.5,0.0,GB,0,DEV-9600113598,0,755,Reversed,INTL WIRE - INTERNATIONAL WIRE REF533625,International Wire Ref533625,2024,February,17,1.0,6613.0,8596.9,0
FLR-ACC-102569,Musa Balogun,Individual,NG,NGN,Tier1_Basic,2026-06-08,26.18,FLR260815175611,2026-08-15 01:18:28,Saturday,1,CNP PURCHASE - AVIVA,Aviva,Insurance,Card Not Present,61751.43,2.33,26534.06,0.0,NG,0,DEV-8291406064,1,68,Reversed,CNP PURCHASE - AVIVA,Aviva,2026,June,8,0.00056,34.5808008,44.95504104,0
FLR-ACC-101374,Silverline Logistics Ltd,Business,NG,NGN,Tier2_Verified,2024-09-15,449.48,FLR251219198690,2025-12-19 18:51:43,Friday,18,MOBILE PURCHASE - JUMIA MART,Jumia Mart,Groceries,Mobile App,240779.0,0.08,2995666.91,1.0,NG,0,DEV-6618186337,0,460,Completed,MOBILE PURCHASE - JUMIA MART,Jumia Mart,2024,September,15,0.00056,134.83623999999998,175.28711199999998,0
FLR-ACC-106390,Urban Logistics Co.,Business,GB,GBP,Tier1_Basic,2022-11-25,359.11,FLR260803174692,2026-08-03 12:05:40,Monday,12,INTL WIRE - INTERNATIONAL WIRE REF497988,International Wire,Wire Transfer,API/Integration,2729.96,241.59,11.3,0.0,GB,0,DEV-9706698298,0,1347,Reversed,INTL WIRE - INTERNATIONAL WIRE REF497988,International Wire Ref497988,2022,November,25,1.0,2729.96,3548.9480000000003,0
FLR-ACC-100738,Kunle Taylor,Individual,US,USD,Tier1_Basic,2026-03-08,232.29,FLR250322205173,2025-03-22 09:12:32,Saturday,9,SALARY - PRIME MEDIA,no_merchant,Payroll Transfer,Mobile App,933.6,77.8,12.0,0.0,US,0,DEV-5395537449,0,0,Reversed,SALARY - PRIME MEDIA,Prime Media,2026,March,8,0.77,718.8720000000001,934.5336,1
FLR-ACC-101185,Greenfield Foods Co.,Business,NG,NGN,Tier2_Verified,2026-08-06,1300.62,FLR250728100739,2025-07-28 17:24:36,Monday,17,NIP TRANSFER TO GRACE NWOSU,no_merchant,P2P Transfer,Web Dashboard,2721595.22,458.01,5942.24,0.0,NG,0,DEV-8854504718,0,0,Completed,NIP TRANSFER - GRACE NWOSU,Grace Nwosu,2026,August,6,0.00056,1524.0933232,1981.32132016,1
FLR-ACC-105168,Urban Builders LLC,Business,NG,NGN,Tier2_Verified,2024-07-19,1081.17,FLR250724222712,2025-07-24 09:38:42,Thursday,9,API PURCHASE - BRITISH GAS,British Gas,Utilities,API/Integration,428498.78,0.07,6520578.11,1.0,NG,0,DEV-2240544904,0,370,Reversed,API PURCHASE - BRITISH GAS,British Gas,2024,July,19,0.00056,239.9593168,311.94711184000005,0
FLR-ACC-104292,Bluewave Logistics Co.,Business,US,USD,Tier3_Enhanced,2024-06-25,297.62,FLR250904143007,2025-09-04 00:03:07,Thursday,0,SALARY - APEX MEDIA,no_merchant,Payroll Transfer,Web Dashboard,1413.47,64.78,21.82,0.0,US,0,DEV-1214726101,0,436,Completed,SALARY - APEX MEDIA,Apex Media,2024,June,25,0.77,1088.3719,1414.8834700000002,0
FLR-ACC-102339,Aisha Williams,Individual,US,USD,Tier2_Verified,2023-07-06,38.76,FLR260827224524,2026-08-27 02:44:53,Thursday,2,CNP PURCHASE - TESCO,Tesco,Groceries,Card Not Present,7.36,1.14,6.44,0.0,US,0,DEV-1361634381,1,1148,Declined,CNP PURCHASE - TESCO,Tesco,2023,July,6,0.77,5.6672,7.367360000000001,0
FLR-ACC-104825,Apex Technologies Ltd,Business,NG,NGN,Tier2_Verified,2025-09-27,169.14,FLR260524214432,2026-05-24 16:40:52,Sunday,16,SALARY - SUNRISE FOODS,no_merchant,Payroll Transfer,Mobile App,1410605.05,237.39,5942.24,0.0,NG,0,DEV-3380432005,0,239,Declined,SALARY - SUNRISE FOODS,Sunrise Foods,2025,September,27,0.00056,789.938828,1026.9204764,0
FLR-ACC-101374,Silverline Logistics Ltd,Business,NG,NGN,Tier2_Verified,2024-09-15,449.48,FLR250819127061,2025-08-19 18:27:09,Tuesday,18,API PURCHASE - CONED,ConEd,Utilities,API/Integration,338256.97,0.12,2932410.56,1.0,NG,0,DEV-6618186337,0,338,Completed,API PURCHASE - CONED,Coned,2024,September,15,0.00056,189.4239032,246.25107416000003,0
FLR-ACC-101437,Tunde Adeyemi,Individual,NG,NGN,Tier3_Enhanced,2025-10-15,188.44,FLR260620119709,2026-06-20 10:31:25,Saturday,10,MOBILE PURCHASE - AMAZON,Amazon,Retail,Mobile App,562632.79,75.55,7446.71,0.0,NG,0,DEV-9289890792,0,248,Reversed,MOBILE PURCHASE - AMAZON,Amazon,2025,October,15,0.00056,315.0743624,409.59667112,0
FLR-ACC-106179,Funke Nwosu,Individual,NG,NGN,Tier2_Verified,2026-04-10,220.66,FLR250925175730,2025-09-25 20:05:10,Thursday,20,MOBILE PURCHASE - APPLE STORE,Apple Store,Electronics,Mobile App,662285.0,0.8,829284.81,1.0,NG,0,DEV-8654245144,0,0,Completed,MOBILE PURCHASE - APPLE STORE,Apple Store,2026,April,10,0.00056,370.8796,482.14348,1
FLR-ACC-103482,Peter Taylor,Individual,US,USD,Tier2_Verified,2025-03-20,73.55,FLR251116207273,2025-11-16 18:29:06,Sunday,18,MOBILE PURCHASE - JUSTRITE SUPERSTORE,Justrite Superstore,Groceries,Mobile App,25.7,0.25,103.18,1.0,US,0,DEV-7796679881,1,241,Reversed,MOBILE PURCHASE - JUSTRITE SUPERSTORE,Justrite Superstore,2025,March,20,0.77,19.789,25.725700000000003,0
FLR-ACC-105612,Emeka Johnson,Individual,NG,NGN,Tier1_Basic,2026-03-20,62.15,FLR260723151036,2026-07-23 08:44:40,Thursday,8,SALARY - BLUEWAVE RETAIL,no_merchant,Payroll Transfer,API/Integration,937875.92,32.99,28430.6,0.0,NG,0,DEV-3661383253,0,125,Completed,SALARY - BLUEWAVE RETAIL,Bluewave Retail,2026,March,20,0.00056,525.2105152,682.7736697600001,0
FLR-ACC-100134,Global Consulting LLC,Business,NG,NGN,Tier2_Verified,2025-11-10,242.32,FLR251209175587,2025-12-09 17:58:10,Tuesday,17,API PURCHASE - ZARA,Zara,Retail,API/Integration,185286.01,0.13,1448684.15,1.0,NG,0,DEV-2644327725,0,29,Reversed,API PURCHASE - ZARA,Zara,2025,November,10,0.00056,103.7601656,134.88821528,0
FLR-ACC-107149,Silverline Media Inc,Business,US,USD,Tier2_Verified,2023-11-26,450.87,FLR251219220438,2025-12-19 07:57:41,Friday,7,WEB PURCHASE - CURRYS PC WORLD,Currys PC World,Electronics,Web Dashboard,254.7,0.27,951.11,1.0,US,0,DEV-4988107039,0,754,Completed,WEB PURCHASE - CURRYS PC WORLD,Currys Pc World,2023,November,26,0.77,196.119,254.9547,0
FLR-ACC-102552,Prime Retail LLC,Business,FR,EUR,Tier2_Verified,2023-12-05,1320.82,FLR260410195650,2026-04-10 13:36:35,Friday,13,SALARY - PRIME FOODS,no_merchant,Payroll Transfer,Web Dashboard,6130.4,8.04,762.87,0.0,GB,1,DEV-4425233098,0,857,Reversed,SALARY - PRIME FOODS,Prime Foods,2023,December,5,0.84,5149.535999999999,6694.3968,0
FLR-ACC-101803,Emeka Green,Individual,GB,GBP,Tier2_Verified,2023-10-21,102.18,FLR251202109658,2025-12-02 17:59:00,Tuesday,17,SALARY - METRO BUILDERS,no_merchant,Payroll Transfer,Card Present,453.87,18.18,24.96,0.0,GB,0,DEV-1048237171,0,773,Reversed,SALARY - METRO BUILDERS,Metro Builders,2023,October,21,1.0,453.87,590.0310000000001,0
FLR-ACC-105773,Apex Ventures Co.,Business,NG,NGN,Tier1_Basic,2025-01-21,666.03,FLR250627225403,2025-06-27 04:28:45,Friday,4,SALARY - URBAN BUILDERS,no_merchant,Payroll Transfer,Web Dashboard,19906068.85,34.91,570139.85,0.0,NG,0,DEV-2235390340,0,157,Reversed,SALARY - URBAN BUILDERS,Urban Builders,2025,January,21,0.00056,11147.398556,14491.6181228,0
FLR-ACC-102753,Laura Hassan,Individual,NG,NGN,Tier1_Basic,2026-08-07,108.36,FLR251016213102,2025-10-16 23:42:59,Thursday,23,NIP TRANSFER TO CHIDI OKORO,no_merchant,P2P Transfer,Web Dashboard,81038.77,1.0,81038.77,0.0,NG,0,DEV-6709906962,0,0,Completed,NIP TRANSFER - CHIDI OKORO,Chidi Okoro,2026,August,7,0.00056,45.3817112,58.99622456,1
FLR-ACC-107096,Femi Bello,Individual,GB,GBP,Tier2_Verified,2023-08-06,14.62,FLR260614173235,2026-06-14 12:49:06,Sunday,12,SALARY - SUNRISE TRADING,no_merchant,Payroll Transfer,API/Integration,229.0,216.04,1.06,0.0,GB,0,DEV-8249564780,0,1043,Reversed,SALARY - SUNRISE TRADING,Sunrise Trading,2023,August,6,1.0,229.0,297.7,0
FLR-ACC-101789,Urban Textiles Co.,Business,US,USD,Tier2_Verified,2024-07-02,1542.51,FLR251211199664,2025-12-11 11:50:31,Thursday,11,INTL WIRE - INTERNATIONAL WIRE REF218677,International Wire,Wire Transfer,Web Dashboard,5590.98,42.04,133.0,0.0,US,0,DEV-6507375753,0,527,Completed,INTL WIRE - INTERNATIONAL WIRE REF218677,International Wire Ref218677,2024,July,2,0.77,4305.0546,5596.57098,0
FLR-ACC-105178,Bluewave Textiles Ltd,Business,NG,NGN,Tier1_Basic,2025-12-26,649.82,FLR250628149877,2025-06-28 01:04:30,Saturday,1,WEB PURCHASE - AVIVA,Aviva,Insurance,Web Dashboard,1651109.68,277.86,5942.24,0.0,NG,0,DEV-7712908447,0,0,Reversed,WEB PURCHASE - AVIVA,Aviva,2025,December,26,0.00056,924.6214208,1202.00784704,1
FLR-ACC-106301,Chidi Nwosu,Individual,NG,NGN,Tier2_Verified,2024-08-21,30.77,FLR260707191743,2026-07-07 19:21:49,Tuesday,19,MOBILE PURCHASE - UBER,Uber,Travel,Mobile App,128481.08,2.36,54348.43,0.0,NG,0,DEV-1185314170,0,685,Completed,MOBILE PURCHASE - UBER,Uber,2024,August,21,0.00056,71.9494048,93.53422624,0
FLR-ACC-101374,Silverline Logistics Ltd,Business,NG,NGN,Tier2_Verified,2024-09-15,449.48,FLR260321186224,2026-03-21 07:40:10,Saturday,7,SALARY - SUNRISE LOGISTICS,no_merchant,Payroll Transfer,Web Dashboard,12782334.14,4.13,3094724.57,1.0,NG,0,DEV-6618186337,0,552,Completed,SALARY - SUNRISE LOGISTICS,Sunrise Logistics,2024,September,15,0.00056,7158.107118399999,9305.53925392,0
FLR-ACC-106172,Ben Bello,Individual,US,USD,Tier1_Basic,2025-03-11,38.39,FLR250223156362,2025-02-23 16:39:41,Sunday,16,POS PURCHASE - SLOT SYSTEMS,Slot Systems,Electronics,Card Present,81.8,4.77,17.15,1.0,US,0,missing_device,-1,0,Completed,POS PURCHASE - SLOT SYSTEMS,Slot Systems,2025,March,11,0.77,62.986,81.8818,1
FLR-ACC-105609,John Williams,Individual,US,USD,Tier2_Verified,2024-02-11,28.0,FLR260525167377,2026-05-25 12:05:11,Monday,12,NIP TRANSFER TO OLU NWOSU,no_merchant,P2P Transfer,Mobile App,29.0,1.52,19.03,1.0,US,0,DEV-3883278880,0,834,Completed,NIP TRANSFER - OLU NWOSU,Olu Nwosu,2024,February,11,0.77,22.33,29.029,0
FLR-ACC-104788,John Brown,Individual,US,USD,Tier3_Enhanced,2025-03-26,43.54,FLR250804168426,2025-08-04 16:51:56,Monday,16,MOBILE PURCHASE - SLOT SYSTEMS,Slot Systems,Electronics,Mobile App,102.81,34.27,3.0,0.0,US,0,DEV-2718376683,1,131,Reversed,MOBILE PURCHASE - SLOT SYSTEMS,Slot Systems,2025,March,26,0.77,79.1637,102.91281,0
FLR-ACC-100240,Tobi Chukwu,Individual,FR,EUR,Tier2_Verified,2026-03-21,130.58,FLR260520221651,2026-05-20 19:44:00,Wednesday,19,CNP PURCHASE - AIR PEACE,Air Peace,Travel,Card Not Present,420.83,1.77,237.76,1.0,FR,0,DEV-2163934484,0,60,Declined,CNP PURCHASE - AIR PEACE,Air Peace,2026,March,21,0.84,353.4972,459.5463600000001,0
FLR-ACC-102246,Global Logistics Ltd,Business,NG,NGN,Tier3_Enhanced,2026-04-22,905.9,FLR250816194875,2025-08-16 04:31:48,Saturday,4,API PURCHASE - KONGA,Konga,Retail,API/Integration,591606.0,99.56,5942.24,0.0,NG,0,DEV-5341266031,0,0,Reversed,API PURCHASE - KONGA,Konga,2026,April,22,0.00056,331.29936,430.689168,1
FLR-ACC-101118,Silverline Trading Ltd,Business,NG,NGN,Tier3_Enhanced,2026-02-26,1745.17,FLR260618132876,2026-06-18 10:36:57,Thursday,10,SALARY - SILVERLINE LOGISTICS,no_merchant,Payroll Transfer,API/Integration,24835165.18,4179.43,5942.24,0.0,NG,0,DEV-5535355305,0,112,Completed,SALARY - SILVERLINE LOGISTICS,Silverline Logistics,2026,February,26,0.00056,13907.692500799998,18080.00025104,0
FLR-ACC-103750,Olu Nwosu,Individual,FR,EUR,Tier2_Verified,2024-04-23,44.94,FLR260519132305,2026-05-19 02:33:04,Tuesday,2,SALARY - SUNRISE LOGISTICS,no_merchant,Payroll Transfer,Mobile App,247.75,6.95,35.63,0.0,FR,0,DEV-7990546178,1,756,Completed,SALARY - SUNRISE LOGISTICS,Sunrise Logistics,2024,April,23,0.84,208.11,270.543,0
FLR-ACC-105245,Ngozi Hassan,Individual,NG,NGN,Tier1_Basic,2025-01-14,34.6,FLR260302205613,2026-03-02 15:07:06,Monday,15,SALARY - GREENFIELD TRADING,no_merchant,Payroll Transfer,Card Present,503940.0,15.16,33247.18,0.0,NG,0,DEV-8149961360,0,412,Reversed,SALARY - GREENFIELD TRADING,Greenfield Trading,2025,January,14,0.00056,282.2064,366.86832,0
FLR-ACC-103962,Ruth Eze,Individual,US,USD,Tier2_Verified,2026-07-01,34.1,FLR260426215999,2026-04-26 17:31:33,Sunday,17,WEB PURCHASE - KONGA,Konga,Retail,Web Dashboard,6.0,0.04,157.08,0.0,US,0,DEV-9342357557,0,0,Reversed,WEB PURCHASE - KONGA,Konga,2026,July,1,0.77,4.62,6.006,1
FLR-ACC-101283,Chuka Chukwu,Individual,NG,NGN,Tier3_Enhanced,2023-08-08,45.82,FLR251124146716,2025-11-24 10:16:27,Monday,10,MOBILE PURCHASE - ZARA,Zara,Retail,Mobile App,31554.46,0.3,103867.13,1.0,NG,0,DEV-4779754574,0,839,Reversed,MOBILE PURCHASE - ZARA,Zara,2023,August,8,0.00056,17.670497599999997,22.97164688,0
FLR-ACC-106172,Ben Bello,Individual,US,USD,Tier1_Basic,2025-03-11,38.39,FLR260528175428,2026-05-28 13:08:22,Thursday,13,NIP TRANSFER TO FUNKE OBI,no_merchant,P2P Transfer,Web Dashboard,83.0,1.49,55.83,1.0,US,0,DEV-6399912857,0,443,Reversed,NIP TRANSFER - FUNKE OBI,Funke Obi,2025,March,11,0.77,63.91,83.083,0
FLR-ACC-103337,James Chukwu,Individual,NG,NGN,Tier2_Verified,2025-04-04,96.43,FLR251226166508,2025-12-26 12:02:18,Friday,12,NIP TRANSFER TO KUNLE EZE,no_merchant,P2P Transfer,API/Integration,59901.69,0.17,353148.82,1.0,NG,0,DEV-1907227440,0,266,Reversed,NIP TRANSFER - KUNLE EZE,Kunle Eze,2025,April,4,0.00056,33.5449464,43.60843032,0
FLR-ACC-101423,Silverline Technologies Co.,Business,NG,NGN,Tier2_Verified,2025-06-13,805.14,FLR250520206723,2025-05-20 16:23:31,Tuesday,16,POS PURCHASE - AIR PEACE,Air Peace,Travel,Card Present,1775288.3,0.15,12195842.16,1.0,NG,0,DEV-1769626567,0,0,Reversed,POS PURCHASE - AIR PEACE,Air Peace,2025,June,13,0.00056,994.161448,1292.4098824,1
FLR-ACC-102510,Global Textiles Co.,Business,NG,NGN,Tier3_Enhanced,2024-12-08,291.39,FLR251123134650,2025-11-23 20:26:30,Sunday,20,SALARY - PRIME VENTURES,no_merchant,Payroll Transfer,Mobile App,3379134.45,109.38,30892.39,0.0,NG,0,DEV-2055202073,0,350,Completed,SALARY - PRIME VENTURES,Prime Ventures,2024,December,8,0.00056,1892.315292,2460.0098796,0
FLR-ACC-101588,Musa Green,Individual,FR,EUR,Tier1_Basic,2025-06-16,21.42,FLR250309110046,2025-03-09 14:52:08,Sunday,14,ATM WITHDRAWAL - BARCLAYS ATM,Barclays ATM,ATM Withdrawal,Card Present,11.35,0.39,29.38,0.0,FR,0,missing_device,-1,0,Completed,ATM WITHDRAWAL - BARCLAYS ATM,Barclays Atm,2025,June,16,0.84,9.534,12.3942,1
FLR-ACC-101374,Silverline Logistics Ltd,Business,NG,NGN,Tier2_Verified,2024-09-15,449.48,FLR260221120466,2026-02-21 12:18:42,Saturday,12,API PURCHASE - CURRYS PC WORLD,Currys PC World,Electronics,API/Integration,735758.29,0.33,2258838.31,2.0,NG,0,DEV-6618186337,0,524,Completed,API PURCHASE - CURRYS PC WORLD,Currys Pc World,2024,September,15,0.00056,412.0246424,535.6320351200001,0
FLR-ACC-105327,Michael Taylor,Individual,NG,NGN,Tier2_Verified,2026-02-19,22.06,FLR250923141184,2025-09-23 19:10:59,Tuesday,19,WEB PURCHASE - ADOBE CREATIVE CLOUD,Adobe Creative Cloud,Subscription/SaaS,Web Dashboard,1858.0,0.08,23490.39,1.0,NG,0,DEV-5246584803,0,0,Declined,WEB PURCHASE - ADOBE CREATIVE CLOUD,Adobe Creative Cloud,2026,February,19,0.00056,1.0404799999999998,1.3526239999999998,1
FLR-ACC-102567,Chioma Fashola,Individual,NG,NGN,Tier3_Enhanced,2023-02-07,124.52,FLR251119150371,2025-11-19 13:32:23,Wednesday,13,SALARY - SUNRISE RETAIL,no_merchant,Payroll Transfer,Mobile App,852661.35,1.28,667262.03,1.0,NG,0,DEV-4074040523,0,1016,Completed,SALARY - SUNRISE RETAIL,Sunrise Retail,2023,February,7,0.00056,477.490356,620.7374628,0
FLR-ACC-105284,Silverline Textiles Co.,Business,GB,GBP,Tier1_Basic,2022-08-26,611.46,FLR251124211597,2025-11-24 13:10:13,Monday,13,NIP TRANSFER TO BEN OBI,no_merchant,P2P Transfer,Card Present,614.0,16.74,36.67,0.0,GB,0,DEV-9011383085,0,1186,Reversed,NIP TRANSFER - BEN OBI,Ben Obi,2022,August,26,1.0,614.0,798.2,0
FLR-ACC-102376,Blessing Obi,Individual,US,USD,Tier3_Enhanced,2025-05-03,36.34,FLR251227162005,2025-12-27 20:44:12,Saturday,20,MOBILE PURCHASE - SAINSBURY'S,Sainsbury's,Groceries,Mobile App,6.33,0.17,38.2,1.0,US,0,DEV-4350078585,0,238,Completed,MOBILE PURCHASE - SAINSBURY'S,Sainsbury'S,2025,May,3,0.77,4.8741,6.33633,0
FLR-ACC-101834,North Retail Co.,Business,GB,GBP,Tier1_Basic,2026-01-22,593.94,FLR260324151873,2026-03-24 22:53:33,Tuesday,22,POS PURCHASE - AXA MANSARD,AXA Mansard,Insurance,Card Present,1222.88,36.92,33.12,0.0,GB,0,DEV-7455538991,0,61,Reversed,POS PURCHASE - AXA MANSARD,Axa Mansard,2026,January,22,1.0,1222.88,1589.744,0
FLR-ACC-100827,Ngozi Balogun,Individual,FR,EUR,Tier1_Basic,2024-11-02,41.56,FLR250814132173,2025-08-14 07:11:20,Thursday,7,SALARY - METRO MEDIA,no_merchant,Payroll Transfer,Mobile App,293.49,4.16,70.51,1.0,FR,0,DEV-9358605255,0,285,Completed,SALARY - METRO MEDIA,Metro Media,2024,November,2,0.84,246.5316,320.49108,0
FLR-ACC-102913,Femi Ibrahim,Individual,GB,GBP,Tier2_Verified,2025-10-18,88.29,FLR260218174318,2026-02-18 10:36:39,Wednesday,10,MOBILE PURCHASE - ZARA,Zara,Retail,Mobile App,31.0,6.97,4.45,0.0,GB,0,DEV-5690619277,0,123,Completed,MOBILE PURCHASE - ZARA,Zara,2025,October,18,1.0,31.0,40.3,0
FLR-ACC-105001,Greenfield Retail LLC,Business,NG,NGN,Tier3_Enhanced,2024-06-24,1008.53,FLR260424123062,2026-04-24 04:53:28,Friday,4,SALARY - GLOBAL FOODS,no_merchant,Payroll Transfer,Web Dashboard,7613147.2,1281.19,5942.24,0.0,NG,0,DEV-3403636973,0,669,Reversed,SALARY - GLOBAL FOODS,Global Foods,2024,June,24,0.00056,4263.362432,5542.3711616,0
FLR-ACC-104467,North Trading Ltd,Business,NG,NGN,Tier1_Basic,2024-05-19,1016.77,FLR260212140965,2026-02-12 19:48:57,Thursday,19,SALARY - BLUEWAVE TECHNOLOGIES,no_merchant,Payroll Transfer,Web Dashboard,16435498.0,2765.88,5942.24,0.0,NG,0,DEV-2525070345,1,634,Completed,SALARY - BLUEWAVE TECHNOLOGIES,Bluewave Technologies,2024,May,19,0.00056,9203.878879999998,11965.042543999998,0
FLR-ACC-107019,Emeka Okafor,Individual,NG,NGN,Tier3_Enhanced,2025-05-26,59.31,FLR250527129397,2025-05-27 21:40:45,Tuesday,21,WEB PURCHASE - ZARA,Zara,Retail,Web Dashboard,158189.31,26.62,5942.24,0.0,NG,0,missing_device,-1,1,Completed,WEB PURCHASE - ZARA,Zara,2025,May,26,0.00056,88.58601359999999,115.16181767999998,0
FLR-ACC-101024,Urban Trading Ltd,Business,NG,NGN,Tier1_Basic,2026-04-26,1216.99,FLR260518197590,2026-05-18 19:45:44,Monday,19,CNP PURCHASE - CONED,ConEd,Utilities,Card Not Present,3613519.0,0.4,9040386.32,1.0,NG,0,DEV-5287049027,0,22,Completed,CNP PURCHASE - CONED,Coned,2026,April,26,0.00056,2023.57064,2630.641832,0
FLR-ACC-106671,Urban Media Co.,Business,US,USD,Tier1_Basic,2025-06-21,774.1,FLR251228101631,2025-12-28 12:37:30,Sunday,12,API PURCHASE - CURRYS PC WORLD,Currys PC World,Electronics,API/Integration,3602.0,2.49,1445.78,0.0,US,0,DEV-7592878961,0,190,Completed,API PURCHASE - CURRYS PC WORLD,Currys Pc World,2025,June,21,0.77,2773.54,3605.602,0
FLR-ACC-104476,Ifeoma Bello,Individual,FR,EUR,Tier2_Verified,2026-03-29,117.21,FLR260214196086,2026-02-14 15:32:56,Saturday,15,USSD PURCHASE - AVIVA,Aviva,Insurance,USSD,111.59,7.37,15.15,0.0,FR,0,DEV-3740638967,0,0,Reversed,USSD PURCHASE - AVIVA,Aviva,2026,March,29,0.84,93.7356,121.85628,1
FLR-ACC-103606,Amaka Hassan,Individual,NG,NGN,Tier2_Verified,2025-04-10,223.37,FLR260128183988,2026-01-28 10:32:56,Wednesday,10,MOBILE PURCHASE - ZARA,Zara,Retail,Mobile App,68596.0,0.22,310116.89,1.0,NG,0,DEV-5827025131,0,293,Completed,MOBILE PURCHASE - ZARA,Zara,2025,April,10,0.00056,38.41376,49.93788800000001,0
FLR-ACC-100134,Global Consulting LLC,Business,NG,NGN,Tier2_Verified,2025-11-10,242.32,FLR250822144463,2025-08-22 17:13:04,Friday,17,USSD PURCHASE - KFC,KFC,Restaurants,USSD,176621.0,0.14,1282696.87,1.0,NG,0,DEV-2644327725,0,0,Declined,USSD PURCHASE - KFC,Kfc,2025,November,10,0.00056,98.90776,128.580088,1
FLR-ACC-100062,Silverline Builders Co.,Business,NG,NGN,Tier3_Enhanced,2025-01-07,685.02,FLR260829189824,2026-08-29 08:52:35,Saturday,8,ATM WITHDRAWAL - ZENITH ATM,Zenith ATM,ATM Withdrawal,API/Integration,821617.7,23.46,35016.0,0.0,NG,0,DEV-8011895124,0,599,Declined,ATM WITHDRAWAL - ZENITH ATM,Zenith Atm,2025,January,7,0.00056,460.10591199999993,598.1376855999999,0
FLR-ACC-105304,Chidi Chukwu,Individual,US,USD,Tier2_Verified,2024-07-01,51.1,FLR260621129052,2026-06-21 08:42:29,Sunday,8,MOBILE PURCHASE - CHICKEN REPUBLIC,Chicken Republic,Restaurants,Mobile App,8.36,4.2,1.99,1.0,US,0,DEV-9667044727,0,720,Completed,MOBILE PURCHASE - CHICKEN REPUBLIC,Chicken Republic,2024,July,1,0.77,6.4372,8.368360000000001,0
FLR-ACC-101330,North Logistics Ltd,Business,NG,NGN,Tier2_Verified,2026-01-21,372.26,FLR260325215387,2026-03-25 21:44:06,Wednesday,21,API PURCHASE - AVIVA,Aviva,Insurance,API/Integration,931198.0,156.71,5942.24,0.0,NG,0,DEV-3402962365,0,63,Completed,API PURCHASE - AVIVA,Aviva,2026,January,21,0.00056,521.47088,677.912144,0
FLR-ACC-105842,Metro Ventures Inc,Business,NG,NGN,Tier3_Enhanced,2025-01-19,434.09,FLR260616137312,2026-06-16 07:15:04,Tuesday,7,INTL WIRE - INTERNATIONAL WIRE REF610259,International Wire,Wire Transfer,API/Integration,8446840.98,15.1,559281.1,0.0,NG,0,DEV-7604085720,1,513,Reversed,INTL WIRE - INTERNATIONAL WIRE REF610259,International Wire Ref610259,2025,January,19,0.00056,4730.2309488,6149.300233440001,0
FLR-ACC-105357,Ifeoma Smith,Individual,GB,GBP,Tier2_Verified,2025-08-28,7.75,FLR251202138943,2025-12-02 10:03:12,Tuesday,10,WEB PURCHASE - EEDC,EEDC,Utilities,Web Dashboard,3.01,0.16,18.96,1.0,GB,0,DEV-2281916542,1,96,Reversed,WEB PURCHASE - EEDC,Eedc,2025,August,28,1.0,3.01,3.913,0
FLR-ACC-105287,Metro Media Co.,Business,NG,NGN,Tier2_Verified,2025-08-10,109.89,FLR250804161082,2025-08-04 08:58:50,Monday,8,INTL WIRE - INTERNATIONAL WIRE REF376399,International Wire,Wire Transfer,API/Integration,1317135.1,221.66,5942.24,0.0,NG,0,DEV-7170480782,0,0,Completed,INTL WIRE - INTERNATIONAL WIRE REF376399,International Wire Ref376399,2025,August,10,0.00056,737.595656,958.8743528,1
FLR-ACC-105421,Apex Logistics Co.,Business,NG,NGN,Tier2_Verified,2023-09-18,1057.93,FLR250203129394,2025-02-03 17:04:10,Monday,17,SALARY - GLOBAL LOGISTICS,no_merchant,Payroll Transfer,Web Dashboard,10640991.0,60.07,177131.0,0.0,NG,0,missing_device,-1,504,Completed,SALARY - GLOBAL LOGISTICS,Global Logistics,2023,September,18,0.00056,5958.954959999999,7746.641447999999,0
FLR-ACC-102178,Silverline Technologies LLC,Business,NG,NGN,Tier3_Enhanced,2022-12-14,107.37,FLR250428101353,2025-04-28 19:52:59,Monday,19,SALARY - GREENFIELD BUILDERS,no_merchant,Payroll Transfer,Web Dashboard,2420590.11,576.61,4198.0,0.0,NG,0,missing_device,-1,866,Reversed,SALARY - GREENFIELD BUILDERS,Greenfield Builders,2022,December,14,0.00056,1355.5304616,1762.1896000800002,0
FLR-ACC-104344,Ben Green,Individual,NG,NGN,Tier3_Enhanced,2025-06-06,102.39,FLR260328157017,2026-03-28 19:34:56,Saturday,19,WEB PURCHASE - BOLT,Bolt,Travel,Web Dashboard,479865.77,8.63,55601.49,0.0,NG,0,DEV-4634222684,0,295,Completed,WEB PURCHASE - BOLT,Bolt,2025,June,6,0.00056,268.7248312,349.34228056,0
FLR-ACC-104182,James Williams,Individual,NG,NGN,Tier3_Enhanced,2025-08-20,28.34,FLR250627167352,2025-06-27 12:47:00,Friday,12,SALARY - SILVERLINE TEXTILES,no_merchant,Payroll Transfer,Web Dashboard,263583.99,162.94,1617.72,0.0,NG,0,DEV-9481727920,0,0,Reversed,SALARY - SILVERLINE TEXTILES,Silverline Textiles,2025,August,20,0.00056,147.60703439999995,191.88914472,1
FLR-ACC-102098,Metro Trading Co.,Business,NG,NGN,Tier1_Basic,2025-01-26,911.74,FLR260122149804,2026-01-22 16:34:28,Thursday,16,SALARY - SUNRISE FOODS,no_merchant,Payroll Transfer,API/Integration,10416772.0,151.0,68986.11,0.0,NG,0,DEV-6152751127,0,361,Completed,SALARY - SUNRISE FOODS,Sunrise Foods,2025,January,26,0.00056,5833.39232,7583.410016,0
FLR-ACC-100300,Peter Adekunle,Individual,US,USD,Tier3_Enhanced,2026-03-24,206.04,FLR260326170003,2026-03-26 09:36:21,Thursday,9,SALARY - GLOBAL TECHNOLOGIES,no_merchant,Payroll Transfer,Mobile App,2091.02,47.1,44.4,0.0,US,0,DEV-5517134252,0,2,Reversed,SALARY - GLOBAL TECHNOLOGIES,Global Technologies,2026,March,24,0.77,1610.0854,2093.11102,0
FLR-ACC-107036,Metro Retail Inc,Business,NG,NGN,Tier3_Enhanced,2024-08-05,2802.35,FLR250213145861,2025-02-13 07:51:24,Thursday,7,SALARY - SILVERLINE TEXTILES,no_merchant,Payroll Transfer,Mobile App,27766271.14,4672.69,5942.24,0.0,NG,0,missing_device,-1,192,Completed,SALARY - SILVERLINE TEXTILES,Silverline Textiles,2024,August,5,0.00056,15549.111838399998,20213.84538992,0
FLR-ACC-105937,David Williams,Individual,NG,NGN,Tier2_Verified,2025-05-26,38.48,FLR260827212116,2026-08-27 08:36:35,Thursday,8,SALARY - GREENFIELD TRADING,no_merchant,Payroll Transfer,Card Present,962849.0,16.13,59709.19,0.0,NG,0,DEV-7796765701,0,458,Completed,SALARY - GREENFIELD TRADING,Greenfield Trading,2025,May,26,0.00056,539.19544,700.954072,0
FLR-ACC-104696,Apex Foods Inc,Business,GB,GBP,Tier3_Enhanced,2024-03-31,1512.01,FLR250524149713,2025-05-24 16:46:31,Saturday,16,SALARY - NORTH VENTURES,no_merchant,Payroll Transfer,Mobile App,8054.4,2.25,3574.84,1.0,GB,0,missing_device,-1,419,Reversed,SALARY - NORTH VENTURES,North Ventures,2024,March,31,1.0,8054.4,10470.72,0
FLR-ACC-101322,James Okafor,Individual,US,USD,Tier2_Verified,2024-07-03,62.09,FLR251228197327,2025-12-28 12:46:35,Sunday,12,WEB PURCHASE - JUMIA MART,Jumia Mart,Groceries,Web Dashboard,69.16,0.7,98.71,1.0,US,0,DEV-3787347328,0,543,Reversed,WEB PURCHASE - JUMIA MART,Jumia Mart,2024,July,3,0.77,53.2532,69.22916000000001,0
FLR-ACC-103725,Global Media Co.,Business,NG,NGN,Tier3_Enhanced,2025-08-22,888.05,FLR260110197752,2026-01-10 18:30:29,Saturday,18,SALARY - BLUEWAVE MEDIA,no_merchant,Payroll Transfer,Web Dashboard,4402469.47,0.49,9040904.5,0.0,NG,0,DEV-3879731796,0,141,Completed,SALARY - BLUEWAVE MEDIA,Bluewave Media,2025,August,22,0.00056,2465.3829031999994,3204.997774159999,0
FLR-ACC-106838,Olu Williams,Individual,NG,NGN,Tier2_Verified,2024-10-15,90.99,FLR250606194609,2025-06-06 12:59:42,Friday,12,CNP PURCHASE - KONGA,Konga,Retail,Card Not Present,300281.99,19.19,15645.0,0.0,NG,0,DEV-4895776022,0,234,Completed,CNP PURCHASE - KONGA,Konga,2024,October,15,0.00056,168.15791439999998,218.60528872,0
FLR-ACC-102264,Sunrise Builders Inc,Business,NG,NGN,Tier1_Basic,2025-12-22,399.2,FLR260405147136,2026-04-05 11:27:35,Sunday,11,SALARY - SILVERLINE TEXTILES,no_merchant,Payroll Transfer,Web Dashboard,3813638.93,20.57,185359.0,0.0,NG,0,DEV-1832379043,0,104,Reversed,SALARY - SILVERLINE TEXTILES,Silverline Textiles,2025,December,22,0.00056,2135.6378008,2776.32914104,0
FLR-ACC-100827,Ngozi Balogun,Individual,FR,EUR,Tier1_Basic,2024-11-02,41.56,FLR251231138404,2025-12-31 13:20:48,Wednesday,13,WEB PURCHASE - COINBASE,Coinbase,Crypto Exchange,Web Dashboard,126.32,2.4,52.74,0.0,FR,0,DEV-9358605255,0,424,Completed,WEB PURCHASE - COINBASE,Coinbase,2024,November,2,0.84,106.1088,137.94144,0
FLR-ACC-100134,Global Consulting LLC,Business,NG,NGN,Tier2_Verified,2025-11-10,242.32,FLR251224145302,2025-12-24 12:08:19,Wednesday,12,NIP TRANSFER TO NGOZI FASHOLA,no_merchant,P2P Transfer,Mobile App,926456.0,0.56,1659376.79,1.0,NG,0,DEV-2644327725,0,44,Reversed,NIP TRANSFER - NGOZI FASHOLA,Ngozi Fashola,2025,November,10,0.00056,518.8153599999999,674.459968,0
FLR-ACC-104106,Kemi Yusuf,Individual,US,USD,Tier2_Verified,2023-09-04,62.57,FLR250415218548,2025-04-15 06:59:20,Tuesday,6,POS PURCHASE - NOTION,Notion,Subscription/SaaS,Card Present,7.0,0.05,136.99,0.0,US,0,missing_device,-1,589,Reversed,POS PURCHASE - NOTION,Notion,2023,September,4,0.77,5.390000000000001,7.007000000000001,0
FLR-ACC-103783,Sunrise Builders Co.,Business,NG,NGN,Tier3_Enhanced,2025-03-30,529.89,FLR250527148530,2025-05-27 16:14:12,Tuesday,16,SALARY - SILVERLINE MEDIA,no_merchant,Payroll Transfer,API/Integration,6595440.0,15.77,418104.0,0.0,NG,0,missing_device,-1,58,Reversed,SALARY - SILVERLINE MEDIA,Silverline Media,2025,March,30,0.00056,3693.4464,4801.48032,0
FLR-ACC-100134,Global Consulting LLC,Business,NG,NGN,Tier2_Verified,2025-11-10,242.32,FLR251228153024,2025-12-28 10:25:59,Sunday,10,SALARY - METRO MEDIA,no_merchant,Payroll Transfer,API/Integration,3977765.31,2.34,1700060.05,1.0,NG,0,DEV-2644327725,0,48,Completed,SALARY - METRO MEDIA,Metro Media,2025,November,10,0.00056,2227.5485736,2895.81314568,0
FLR-ACC-102478,Bluewave Consulting LLC,Business,GB,GBP,Tier2_Verified,2026-05-09,121.14,FLR251126205656,2025-11-26 09:41:32,Wednesday,9,INTL WIRE - INTERNATIONAL WIRE REF711924,International Wire,Wire Transfer,Card Present,896.52,10.23,87.67,0.0,GB,0,DEV-7684169137,0,0,Completed,INTL WIRE - INTERNATIONAL WIRE REF711924,International Wire Ref711924,2026,May,9,1.0,896.52,1165.476,1
FLR-ACC-101563,North Retail LLC,Business,GB,GBP,Tier3_Enhanced,2025-01-14,970.08,FLR250328136485,2025-03-28 11:52:50,Friday,11,SALARY - NORTH TRADING,no_merchant,Payroll Transfer,Web Dashboard,4602.0,23.55,195.39,0.0,GB,0,DEV-8335810612,0,73,Completed,SALARY - NORTH TRADING,North Trading,2025,January,14,1.0,4602.0,5982.6,0
FLR-ACC-106771,Laura Balogun,Individual,DE,EUR,Tier2_Verified,2025-01-30,45.52,FLR251215171273,2025-12-15 12:44:09,Monday,12,SALARY - SUNRISE VENTURES,no_merchant,Payroll Transfer,Mobile App,294.0,20.73,14.18,0.0,FR,1,DEV-1032053085,0,319,Completed,SALARY - SUNRISE VENTURES,Sunrise Ventures,2025,January,30,0.84,246.96,321.048,0
FLR-ACC-100544,Bluewave Trading Ltd,Business,NG,NGN,Tier2_Verified,2024-01-20,753.53,FLR250921225488,2025-09-21 13:20:56,Sunday,13,API PURCHASE - BEST BUY,Best Buy,Electronics,API/Integration,2539451.42,0.54,4674128.81,1.0,NG,0,DEV-4962593303,0,610,Reversed,API PURCHASE - BEST BUY,Best Buy,2024,January,20,0.00056,1422.0927951999995,1848.72063376,0
FLR-ACC-104383,Sunrise Textiles Ltd,Business,NG,NGN,Tier2_Verified,2025-08-11,1784.0,FLR260529211864,2026-05-29 22:00:17,Friday,22,SALARY - PRIME TEXTILES,no_merchant,Payroll Transfer,Mobile App,18169972.32,20.55,883989.32,0.0,NG,0,DEV-4648196499,0,291,Completed,SALARY - PRIME TEXTILES,Prime Textiles,2025,August,11,0.00056,10175.1844992,13227.739848960002,0
FLR-ACC-100420,Aisha Brown,Individual,NG,NGN,Tier3_Enhanced,2025-01-02,31.89,FLR250316164962,2025-03-16 21:40:38,Sunday,21,SALARY - GLOBAL TRADING,no_merchant,Payroll Transfer,Mobile App,395794.1,7.38,53637.09,0.0,NG,0,DEV-4752629480,0,73,Completed,SALARY - GLOBAL TRADING,Global Trading,2025,January,2,0.00056,221.64469599999995,288.13810479999995,0
FLR-ACC-106448,Metro Technologies Inc,Business,NG,NGN,Tier3_Enhanced,2025-10-16,410.34,FLR250824138631,2025-08-24 13:00:05,Sunday,13,INTL WIRE - INTERNATIONAL WIRE REF745433,International Wire,Wire Transfer,Web Dashboard,2883786.86,5.37,537300.0,0.0,GB,1,DEV-3631266069,0,0,Completed,INTL WIRE - INTERNATIONAL WIRE REF745433,International Wire Ref745433,2025,October,16,0.00056,1614.9206415999995,2099.39683408,1
FLR-ACC-103806,Chidi Johnson,Individual,NG,NGN,Tier3_Enhanced,2024-05-14,19.2,FLR250919109147,2025-09-19 18:46:57,Friday,18,POS PURCHASE - QUIDAX,Quidax,Crypto Exchange,Card Present,191352.41,9.21,20779.73,0.0,NG,0,DEV-8381188154,0,493,Reversed,POS PURCHASE - QUIDAX,Quidax,2024,May,14,0.00056,107.1573496,139.30455448,0
FLR-ACC-106868,Bluewave Consulting Inc,Business,FR,EUR,Tier2_Verified,2024-06-17,302.6,FLR260512153145,2026-05-12 12:58:08,Tuesday,12,SALARY - GREENFIELD TECHNOLOGIES,no_merchant,Payroll Transfer,Mobile App,1372.0,171.5,8.0,0.0,FR,0,DEV-1322521377,0,694,Completed,SALARY - GREENFIELD TECHNOLOGIES,Greenfield Technologies,2024,June,17,0.84,1152.48,1498.2240000000002,0
FLR-ACC-101374,Silverline Logistics Ltd,Business,NG,NGN,Tier2_Verified,2024-09-15,449.48,FLR250322159848,2025-03-22 16:42:39,Saturday,16,API PURCHASE - ZARA,Zara,Retail,API/Integration,458578.89,0.15,3009696.78,1.0,NG,0,DEV-6618186337,0,188,Completed,API PURCHASE - ZARA,Zara,2024,September,15,0.00056,256.8041784,333.84543192,0
FLR-ACC-102140,Sarah Williams,Individual,NG,NGN,Tier3_Enhanced,2023-11-26,149.43,FLR260129112609,2026-01-29 12:10:03,Thursday,12,ATM WITHDRAWAL - GTBANK ATM,GTBank ATM,ATM Withdrawal,Card Not Present,104780.8,0.44,238701.02,1.0,NG,0,DEV-9139647314,0,795,Completed,ATM WITHDRAWAL - GTBANK ATM,Gtbank Atm,2023,November,26,0.00056,58.677248,76.2804224,0
FLR-ACC-102302,Prime Consulting Ltd,Business,US,USD,Tier3_Enhanced,2025-03-25,398.06,FLR260216134668,2026-02-16 18:54:31,Monday,18,INTL WIRE - INTERNATIONAL WIRE REF646398,International Wire,Wire Transfer,API/Integration,3774.0,17.89,211.0,1.0,US,0,DEV-9026643462,1,328,Completed,INTL WIRE - INTERNATIONAL WIRE REF646398,International Wire Ref646398,2025,March,25,0.77,2905.98,3777.774,0
FLR-ACC-100177,Metro Technologies Inc,Business,NG,NGN,Tier2_Verified,2026-01-17,1626.38,FLR251227148346,2025-12-27 14:49:05,Saturday,14,WEB PURCHASE - RELIANCE HMO,Reliance HMO,Healthcare,Web Dashboard,1341115.81,225.69,5942.24,0.0,NG,0,DEV-1857472967,0,0,Completed,WEB PURCHASE - RELIANCE HMO,Reliance Hmo,2026,January,17,0.00056,751.0248535999999,976.33230968,1
FLR-ACC-105168,Urban Builders LLC,Business,NG,NGN,Tier2_Verified,2024-07-19,1081.17,FLR251001108657,2025-10-01 13:14:37,Wednesday,13,MOBILE PURCHASE - ABUJA DISCO,Abuja DisCo,Utilities,Mobile App,545617.38,0.08,6429265.35,1.0,NG,0,DEV-2240544904,0,439,Completed,MOBILE PURCHASE - ABUJA DISCO,Abuja Disco,2024,July,19,0.00056,305.5457328,397.20945264,0
FLR-ACC-101995,Funke Hassan,Individual,NG,NGN,Tier2_Verified,2024-07-29,51.77,FLR251215107392,2025-12-15 10:24:16,Monday,10,ATM WITHDRAWAL - GTBANK ATM,GTBank ATM,ATM Withdrawal,Mobile App,90168.0,0.48,187176.5,1.0,NG,0,DEV-6812409510,0,504,Reversed,ATM WITHDRAWAL - GTBANK ATM,Gtbank Atm,2024,July,29,0.00056,50.49408,65.642304,0
FLR-ACC-100079,Tunde Adeyemi,Individual,US,USD,Tier2_Verified,2026-05-12,40.0,FLR260223104798,2026-02-23 16:22:29,Monday,16,WEB PURCHASE - UBER,Uber,Travel,Web Dashboard,145.0,48.33,3.0,0.0,US,0,DEV-2675545437,0,0,Completed,WEB PURCHASE - UBER,Uber,2026,May,12,0.77,111.65,145.145,1
FLR-ACC-101389,Aisha Smith,Individual,NG,NGN,Tier2_Verified,2025-02-27,29.05,FLR250818141794,2025-08-18 18:30:37,Monday,18,MOBILE PURCHASE - KFC,KFC,Restaurants,Mobile App,8884.42,0.27,33334.76,1.0,NG,0,DEV-9789911821,0,172,Completed,MOBILE PURCHASE - KFC,Kfc,2025,February,27,0.00056,4.9752752,6.467857759999999,0
FLR-ACC-105413,Apex Textiles Co.,Business,GB,GBP,Tier1_Basic,2024-11-02,1036.1,FLR250213118483,2025-02-13 23:29:11,Thursday,23,SALARY - BLUEWAVE TRADING,no_merchant,Payroll Transfer,API/Integration,9858.93,189.59,52.0,0.0,GB,0,missing_device,-1,103,Completed,SALARY - BLUEWAVE TRADING,Bluewave Trading,2024,November,2,1.0,9858.93,12816.609,0
FLR-ACC-104106,Kemi Yusuf,Individual,US,USD,Tier2_Verified,2023-09-04,62.57,FLR251129136228,2025-11-29 18:08:53,Saturday,18,MOBILE PURCHASE - ASOS,ASOS,Retail,Mobile App,30.08,1.46,20.56,0.0,US,0,DEV-9623129500,0,817,Completed,MOBILE PURCHASE - ASOS,Asos,2023,September,4,0.77,23.1616,30.11008,0
FLR-ACC-101374,Silverline Logistics Ltd,Business,NG,NGN,Tier2_Verified,2024-09-15,449.48,FLR260326104806,2026-03-26 09:13:05,Thursday,9,API PURCHASE - ABUJA DISCO,Abuja DisCo,Utilities,API/Integration,341157.0,0.11,3187312.82,1.0,NG,0,DEV-6618186337,0,557,Reversed,API PURCHASE - ABUJA DISCO,Abuja Disco,2024,September,15,0.00056,191.04792,248.362296,0
FLR-ACC-100610,Prime Trading Co.,Business,NG,NGN,Tier1_Basic,2025-12-30,186.5,FLR260104129310,2026-01-04 06:00:47,Sunday,6,POS PURCHASE - THAMES WATER,Thames Water,Utilities,Card Present,106768.78,17.97,5942.24,0.0,NG,0,DEV-1644735935,0,5,Completed,POS PURCHASE - THAMES WATER,Thames Water,2025,December,30,0.00056,59.79051679999999,77.72767183999999,0
FLR-ACC-103930,Ngozi Adeyemi,Individual,NG,NGN,Tier3_Enhanced,2024-06-13,24.93,FLR260204181319,2026-02-04 10:35:17,Wednesday,10,ATM WITHDRAWAL - BARCLAYS ATM,Barclays ATM,ATM Withdrawal,Card Present,15691.0,8.87,1768.42,0.0,NG,0,DEV-2441974487,0,601,Completed,ATM WITHDRAWAL - BARCLAYS ATM,Barclays Atm,2024,June,13,0.00056,8.786959999999999,11.423048,0
FLR-ACC-103482,Peter Taylor,Individual,US,USD,Tier2_Verified,2025-03-20,73.55,FLR250828138169,2025-08-28 17:16:43,Thursday,17,POS PURCHASE - APPLE STORE,Apple Store,Electronics,Card Present,68.31,1.35,50.58,0.0,US,0,DEV-1698058985,0,161,Completed,POS PURCHASE - APPLE STORE,Apple Store,2025,March,20,0.77,52.5987,68.37831,0
FLR-ACC-100183,Chioma Yusuf,Individual,NG,NGN,Tier1_Basic,2025-06-14,114.58,FLR251221186079,2025-12-21 05:54:46,Sunday,5,CNP PURCHASE - COINBASE,Coinbase,Crypto Exchange,Card Not Present,873411.96,3.75,232995.58,0.0,NG,0,DEV-9091817462,0,190,Completed,CNP PURCHASE - COINBASE,Coinbase,2025,June,14,0.00056,489.1106975999999,635.84390688,0
FLR-ACC-103297,Apex Media Inc,Business,GB,GBP,Tier2_Verified,2025-05-05,10469.65,FLR250728188684,2025-07-28 17:10:06,Monday,17,USSD PURCHASE - CURRYS PC WORLD,Currys PC World,Electronics,USSD,5980.0,0.64,9277.25,1.0,GB,0,DEV-3915705232,0,84,Completed,USSD PURCHASE - CURRYS PC WORLD,Currys Pc World,2025,May,5,1.0,5980.0,7774.0,0
FLR-ACC-101318,Global Ventures Ltd,Business,NG,NGN,Tier2_Verified,2026-01-24,428.78,FLR251003188876,2025-10-03 20:58:36,Friday,20,API PURCHASE - ABUJA DISCO,Abuja DisCo,Utilities,API/Integration,248308.36,41.79,5942.24,0.0,NG,0,DEV-1726822431,1,0,Reversed,API PURCHASE - ABUJA DISCO,Abuja Disco,2026,January,24,0.00056,139.05268159999997,180.76848608,1
FLR-ACC-106936,Metro Builders Ltd,Business,DE,EUR,Tier1_Basic,2026-04-21,48.52,FLR250326165577,2025-03-26 05:05:39,Wednesday,5,INTL WIRE - INTERNATIONAL WIRE REF521518,International Wire,Wire Transfer,Web Dashboard,673.0,168.25,4.0,0.0,DE,0,missing_device,-1,0,Completed,INTL WIRE - INTERNATIONAL WIRE REF521518,International Wire Ref521518,2026,April,21,0.84,565.3199999999999,734.9159999999999,1
FLR-ACC-102575,Olu Adeyemi,Individual,NG,NGN,Tier2_Verified,2024-09-22,10.51,FLR260127107470,2026-01-27 08:51:32,Tuesday,8,ATM WITHDRAWAL - ACCESS BANK ATM,Access Bank ATM,ATM Withdrawal,Card Not Present,9665.0,0.96,10020.2,1.0,NG,0,DEV-7663535770,0,492,Completed,ATM WITHDRAWAL - ACCESS BANK ATM,Access Bank Atm,2024,September,22,0.00056,5.4124,7.03612,0
FLR-ACC-105846,James Chukwu,Individual,NG,NGN,Tier2_Verified,2026-03-10,41.14,FLR250829199604,2025-08-29 20:21:29,Friday,20,MOBILE PURCHASE - LUNO,Luno,Crypto Exchange,Mobile App,167695.0,28.22,5942.24,0.0,DE,1,DEV-1479619851,0,0,Completed,MOBILE PURCHASE - LUNO,Luno,2026,March,10,0.00056,93.9092,122.08196,1
FLR-ACC-104391,Prime Trading Co.,Business,NG,NGN,Tier3_Enhanced,2024-02-18,646.52,FLR250505166218,2025-05-05 08:33:29,Monday,8,WEB PURCHASE - BOLT,Bolt,Travel,Web Dashboard,1658260.44,0.49,3350871.66,1.0,NG,0,DEV-7420147255,0,442,Reversed,WEB PURCHASE - BOLT,Bolt,2024,February,18,0.00056,928.6258464,1207.21360032,0
FLR-ACC-106857,Ben Obi,Individual,GB,GBP,Tier1_Basic,2024-11-20,48.66,FLR260202184288,2026-02-02 22:11:10,Monday,22,ATM WITHDRAWAL - ZENITH ATM,Zenith ATM,ATM Withdrawal,Mobile App,36.88,4.03,9.15,0.0,GB,0,DEV-5447903764,1,439,Completed,ATM WITHDRAWAL - ZENITH ATM,Zenith Atm,2024,November,20,1.0,36.88,47.944,0
FLR-ACC-105414,Ruth Yusuf,Individual,NG,NGN,Tier2_Verified,2024-06-01,65.56,FLR251225173144,2025-12-25 18:53:14,Thursday,18,SALARY - METRO LOGISTICS,no_merchant,Payroll Transfer,Mobile App,2398149.85,83.93,28572.38,0.0,NG,0,DEV-4996065531,0,572,Completed,SALARY - METRO LOGISTICS,Metro Logistics,2024,June,1,0.00056,1342.963916,1745.8530908,0
FLR-ACC-103857,Emeka Okoro,Individual,FR,EUR,Tier2_Verified,2024-08-27,74.26,FLR251225122355,2025-12-25 19:32:47,Thursday,19,WEB PURCHASE - ABUJA DISCO,Abuja DisCo,Utilities,Web Dashboard,40.0,0.13,299.0,0.0,FR,0,DEV-9929941998,0,485,Completed,WEB PURCHASE - ABUJA DISCO,Abuja Disco,2024,August,27,0.84,33.6,43.68000000000001,0
FLR-ACC-105437,Ifeoma Brown,Individual,FR,EUR,Tier1_Basic,2025-07-04,40.9,FLR260218135522,2026-02-18 18:49:44,Wednesday,18,INTL WIRE - INTERNATIONAL WIRE REF793638,International Wire,Wire Transfer,Web Dashboard,921.4,184.28,5.0,0.0,FR,0,DEV-4273233590,0,229,Declined,INTL WIRE - INTERNATIONAL WIRE REF793638,International Wire Ref793638,2025,July,4,0.84,773.976,1006.1688,0
FLR-ACC-101024,Urban Trading Ltd,Business,NG,NGN,Tier1_Basic,2026-04-26,1216.99,FLR260515147830,2026-05-15 20:27:35,Friday,20,INTL WIRE - INTERNATIONAL WIRE REF911161,International Wire,Wire Transfer,Mobile App,33624592.0,3.9,8619501.81,1.0,NG,0,DEV-5287049027,0,19,Completed,INTL WIRE - INTERNATIONAL WIRE REF911161,International Wire Ref911161,2026,April,26,0.00056,18829.77152,24478.702976,0
FLR-ACC-100063,Michael Bello,Individual,NG,NGN,Tier2_Verified,2025-09-10,69.65,FLR260128160305,2026-01-28 09:05:20,Wednesday,9,ATM WITHDRAWAL - BARCLAYS ATM,Barclays ATM,ATM Withdrawal,Mobile App,160961.0,3.55,45358.4,1.0,NG,0,DEV-5284393386,0,140,Completed,ATM WITHDRAWAL - BARCLAYS ATM,Barclays Atm,2025,September,10,0.00056,90.13816,117.179608,0
FLR-ACC-104397,John Williams,Individual,US,USD,Tier2_Verified,2025-08-13,36.45,FLR250628144703,2025-06-28 17:14:27,Saturday,17,SALARY - BLUEWAVE BUILDERS,no_merchant,Payroll Transfer,Mobile App,439.2,219.6,2.0,0.0,US,0,DEV-7470923544,0,0,Completed,SALARY - BLUEWAVE BUILDERS,Bluewave Builders,2025,August,13,0.77,338.184,439.6392000000001,1
FLR-ACC-100827,Ngozi Balogun,Individual,FR,EUR,Tier1_Basic,2024-11-02,41.56,FLR260218145402,2026-02-18 07:35:28,Wednesday,7,WEB PURCHASE - CHICKEN REPUBLIC,Chicken Republic,Restaurants,Web Dashboard,8.71,0.17,51.7,1.0,FR,0,DEV-9358605255,0,473,Declined,WEB PURCHASE - CHICKEN REPUBLIC,Chicken Republic,2024,November,2,0.84,7.316400000000001,9.51132,0
FLR-ACC-101374,Silverline Logistics Ltd,Business,NG,NGN,Tier2_Verified,2024-09-15,449.48,FLR260720128986,2026-07-20 08:15:44,Monday,8,API PURCHASE - BOOKING.COM,Booking.com,Travel,API/Integration,1705971.36,0.61,2785061.65,1.0,NG,0,DEV-6618186337,0,673,Completed,API PURCHASE - BOOKING.COM,Booking.Com,2024,September,15,0.00056,955.3439616,1241.94715008,0
FLR-ACC-103013,Chuka Smith,Individual,DE,EUR,Tier3_Enhanced,2024-09-26,136.32,FLR260112127005,2026-01-12 16:27:50,Monday,16,API PURCHASE - QUIDAX,Quidax,Crypto Exchange,API/Integration,116.2,13.64,8.52,0.0,DE,0,DEV-2818968663,0,473,Reversed,API PURCHASE - QUIDAX,Quidax,2024,September,26,0.84,97.608,126.8904,0
FLR-ACC-100827,Ngozi Balogun,Individual,FR,EUR,Tier1_Basic,2024-11-02,41.56,FLR260526200198,2026-05-26 12:39:46,Tuesday,12,USSD PURCHASE - SLACK,Slack,Subscription/SaaS,USSD,2.0,0.04,54.75,1.0,FR,0,DEV-9358605255,0,570,Reversed,USSD PURCHASE - SLACK,Slack,2024,November,2,0.84,1.68,2.184,0
FLR-ACC-101025,Kunle Johnson,Individual,NG,NGN,Tier1_Basic,2026-07-23,103.26,FLR250824199524,2025-08-24 12:46:47,Sunday,12,WEB PURCHASE - WHOLE FOODS,Whole Foods,Groceries,Web Dashboard,122728.88,20.65,5942.24,0.0,NG,0,DEV-4418144657,0,0,Reversed,WEB PURCHASE - WHOLE FOODS,Whole Foods,2026,July,23,0.00056,68.7281728,89.34662464,1
FLR-ACC-104111,Greenfield Logistics Ltd,Business,NG,NGN,Tier2_Verified,2025-04-29,393.92,FLR251003136529,2025-10-03 14:23:23,Friday,14,ATM WITHDRAWAL - ZENITH ATM,Zenith ATM,ATM Withdrawal,API/Integration,254374.0,42.81,5942.24,0.0,NG,0,DEV-8002404007,0,157,Declined,ATM WITHDRAWAL - ZENITH ATM,Zenith Atm,2025,April,29,0.00056,142.44943999999998,185.184272,0
FLR-ACC-100134,Global Consulting LLC,Business,NG,NGN,Tier2_Verified,2025-11-10,242.32,FLR251204178339,2025-12-04 16:22:56,Thursday,16,SALARY - APEX CONSULTING,no_merchant,Payroll Transfer,Web Dashboard,6307114.31,4.43,1423735.66,1.0,NG,0,DEV-2644327725,0,24,Completed,SALARY - APEX CONSULTING,Apex Consulting,2025,November,10,0.00056,3531.9840136,4591.57921768,0
FLR-ACC-103989,John Okoro,Individual,FR,EUR,Tier2_Verified,2025-05-02,65.16,FLR251023220459,2025-10-23 13:38:28,Thursday,13,POS PURCHASE - BOOKING.COM,Booking.com,Travel,Card Present,416.29,211.31,1.97,0.0,FR,0,DEV-8223671807,0,174,Completed,POS PURCHASE - BOOKING.COM,Booking.Com,2025,May,2,0.84,349.6836,454.58868,0
FLR-ACC-101209,Metro Ventures Ltd,Business,NG,NGN,Tier2_Verified,2025-09-21,728.33,FLR250302147256,2025-03-02 13:39:40,Sunday,13,SALARY - SILVERLINE FOODS,no_merchant,Payroll Transfer,Web Dashboard,16394514.0,7.3,2246599.05,0.0,NG,0,missing_device,-1,0,Completed,SALARY - SILVERLINE FOODS,Silverline Foods,2025,September,21,0.00056,9180.927839999998,11935.206191999998,1
FLR-ACC-100722,Prime Media Ltd,Business,NG,NGN,Tier1_Basic,2025-12-19,515.56,FLR251115143545,2025-11-15 18:28:30,Saturday,18,SALARY - GLOBAL TECHNOLOGIES,no_merchant,Payroll Transfer,API/Integration,4475863.53,1.0,4475863.53,0.0,US,1,DEV-5553876588,0,0,Reversed,SALARY - GLOBAL TECHNOLOGIES,Global Technologies,2025,December,19,0.00056,2506.4835768,3258.42864984,1
FLR-ACC-105168,Urban Builders LLC,Business,NG,NGN,Tier2_Verified,2024-07-19,1081.17,FLR260128127260,2026-01-28 09:18:39,Wednesday,9,SALARY - GLOBAL VENTURES,no_merchant,Payroll Transfer,Mobile App,34738875.0,6.28,5527611.18,1.0,NG,0,DEV-2240544904,0,558,Reversed,SALARY - GLOBAL VENTURES,Global Ventures,2024,July,19,0.00056,19453.77,25289.901,0
FLR-ACC-101560,Urban Builders LLC,Business,NG,NGN,Tier2_Verified,2025-07-01,986.36,FLR251210192946,2025-12-10 21:44:02,Wednesday,21,SALARY - GREENFIELD MEDIA,no_merchant,Payroll Transfer,USSD,6293404.0,1059.1,5942.24,0.0,NG,0,DEV-7144732960,0,162,Reversed,SALARY - GREENFIELD MEDIA,Greenfield Media,2025,July,1,0.00056,3524.30624,4581.598112,0
FLR-ACC-105053,Global Ventures Inc,Business,NG,NGN,Tier3_Enhanced,2025-03-22,729.64,FLR260423119981,2026-04-23 17:36:26,Thursday,17,SALARY - SUNRISE MEDIA,no_merchant,Payroll Transfer,API/Integration,29529481.04,4969.42,5942.24,0.0,NG,0,DEV-1383003188,0,397,Reversed,SALARY - SUNRISE MEDIA,Sunrise Media,2025,March,22,0.00056,16536.5093824,21497.46219712,0
FLR-ACC-104094,Ben Williams,Individual,NG,NGN,Tier3_Enhanced,2025-02-26,226.33,FLR251126112547,2025-11-26 21:07:12,Wednesday,21,WEB PURCHASE - GOTV,GOtv,Subscription/SaaS,Web Dashboard,17280.6,0.03,611629.91,1.0,NG,0,DEV-3262924884,0,273,Completed,WEB PURCHASE - GOTV,Gotv,2025,February,26,0.00056,9.677136,12.580276800000002,0
FLR-ACC-103026,Chidi Eze,Individual,DE,EUR,Tier1_Basic,2026-04-10,108.11,FLR260728198445,2026-07-28 23:52:00,Tuesday,23,API PURCHASE - BOOKING.COM,Booking.com,Travel,API/Integration,218.0,24.52,8.89,0.0,NG,1,DEV-8513453269,0,109,Completed,API PURCHASE - BOOKING.COM,Booking.Com,2026,April,10,0.84,183.12,238.056,0
FLR-ACC-102269,Metro Consulting Co.,Business,NG,NGN,Tier3_Enhanced,2025-06-17,2486.5,FLR260324220761,2026-03-24 03:41:40,Tuesday,3,INTL WIRE - INTERNATIONAL WIRE REF820799,International Wire,Wire Transfer,Web Dashboard,52769281.09,198.77,265485.0,0.0,NG,0,DEV-1794390459,0,280,Reversed,INTL WIRE - INTERNATIONAL WIRE REF820799,International Wire Ref820799,2025,June,17,0.00056,29550.7974104,38416.03663352,0
FLR-ACC-102462,Metro Ventures LLC,Business,GB,GBP,Tier2_Verified,2024-07-23,248.21,FLR260124168167,2026-01-24 22:45:58,Saturday,22,INTL WIRE - INTERNATIONAL WIRE REF340019,International Wire,Wire Transfer,API/Integration,1751.03,63.05,27.77,0.0,GB,0,DEV-4587298039,0,550,Completed,INTL WIRE - INTERNATIONAL WIRE REF340019,International Wire Ref340019,2024,July,23,1.0,1751.03,2276.339,0
FLR-ACC-104391,Prime Trading Co.,Business,NG,NGN,Tier3_Enhanced,2024-02-18,646.52,FLR251130183603,2025-11-30 05:45:57,Sunday,5,API PURCHASE - ADOBE CREATIVE CLOUD,Adobe Creative Cloud,Subscription/SaaS,API/Integration,51950.33,0.01,5794985.36,1.0,NG,0,DEV-7420147255,0,651,Completed,API PURCHASE - ADOBE CREATIVE CLOUD,Adobe Creative Cloud,2024,February,18,0.00056,29.0921848,37.81984024,0
FLR-ACC-102817,Greenfield Consulting LLC,Business,DE,EUR,Tier2_Verified,2024-02-27,355.73,FLR250313168655,2025-03-13 15:01:59,Thursday,15,INTL WIRE - INTERNATIONAL WIRE REF638579,International Wire,Wire Transfer,Mobile App,3377.61,95.63,35.32,0.0,DE,0,DEV-7348777340,0,380,Reversed,INTL WIRE - INTERNATIONAL WIRE REF638579,International Wire Ref638579,2024,February,27,0.84,2837.1924,3688.35012,0
FLR-ACC-101666,Yetunde Eze,Individual,NG,NGN,Tier2_Verified,2025-08-20,77.23,FLR260127158611,2026-01-27 19:47:53,Tuesday,19,SALARY - SILVERLINE TRADING,no_merchant,Payroll Transfer,Web Dashboard,858081.0,144.4,5942.24,0.0,NG,0,DEV-9223725895,0,160,Completed,SALARY - SILVERLINE TRADING,Silverline Trading,2025,August,20,0.00056,480.52536,624.682968,0
FLR-ACC-104538,Kemi Balogun,Individual,NG,NGN,Tier2_Verified,2025-06-25,93.64,FLR260729189738,2026-07-29 19:04:55,Wednesday,19,SALARY - GLOBAL RETAIL,no_merchant,Payroll Transfer,Web Dashboard,1705274.42,37.69,45246.73,0.0,NG,0,DEV-8726113795,0,399,Completed,SALARY - GLOBAL RETAIL,Global Retail,2025,June,25,0.00056,954.9536752,1241.43977776,0
FLR-ACC-105322,Apex Logistics LLC,Business,US,USD,Tier2_Verified,2022-10-28,232.74,FLR260706215440,2026-07-06 18:54:58,Monday,18,SALARY - SILVERLINE BUILDERS,no_merchant,Payroll Transfer,Mobile App,1457.89,153.46,9.5,0.0,US,0,DEV-8504598847,1,1347,Declined,SALARY - SILVERLINE BUILDERS,Silverline Builders,2022,October,28,0.77,1122.5753000000002,1459.3478900000002,0
FLR-ACC-101374,Silverline Logistics Ltd,Business,NG,NGN,Tier2_Verified,2024-09-15,449.48,FLR260525158172,2026-05-25 12:29:14,Monday,12,CNP PURCHASE - WHOLE FOODS,Whole Foods,Groceries,Card Not Present,67779.0,0.03,2433453.69,2.0,NG,0,DEV-6618186337,0,617,Completed,CNP PURCHASE - WHOLE FOODS,Whole Foods,2024,September,15,0.00056,37.95624,49.343112000000005,0
FLR-ACC-100931,Chuka Okoro,Individual,NG,NGN,Tier2_Verified,2025-02-15,32.55,FLR260204196423,2026-02-04 09:05:03,Wednesday,9,MOBILE PURCHASE - KONGA,Konga,Retail,Mobile App,41900.24,0.9,46719.94,1.0,NG,0,DEV-9344200733,0,354,Completed,MOBILE PURCHASE - KONGA,Konga,2025,February,15,0.00056,23.464134399999995,30.50337472,0
FLR-ACC-100555,Mary Yusuf,Individual,FR,EUR,Tier3_Enhanced,2023-08-28,120.76,FLR251203176838,2025-12-03 13:39:22,Wednesday,13,WEB PURCHASE - RELIANCE HMO,Reliance HMO,Healthcare,Web Dashboard,65.67,0.48,136.02,1.0,FR,0,DEV-1954321553,0,828,Reversed,WEB PURCHASE - RELIANCE HMO,Reliance Hmo,2023,August,28,0.84,55.1628,71.71164,0
FLR-ACC-100749,David Chukwu,Individual,GB,GBP,Tier1_Basic,2025-07-29,79.56,FLR251124152312,2025-11-24 17:52:09,Monday,17,NIP TRANSFER TO OLU YUSUF,no_merchant,P2P Transfer,Mobile App,26.72,1.18,22.57,1.0,GB,0,DEV-4138475062,0,118,Completed,NIP TRANSFER - OLU YUSUF,Olu Yusuf,2025,July,29,1.0,26.72,34.736,0
FLR-ACC-104358,Bluewave Builders Inc,Business,NG,NGN,Tier3_Enhanced,2026-05-06,245.62,FLR250621137707,2025-06-21 17:06:03,Saturday,17,SALARY - METRO RETAIL,no_merchant,Payroll Transfer,Web Dashboard,1001893.92,168.61,5942.24,0.0,NG,0,DEV-7101144414,0,0,Reversed,SALARY - METRO RETAIL,Metro Retail,2026,May,6,0.00056,561.0605952,729.37877376,1
FLR-ACC-105367,John Taylor,Individual,US,USD,Tier3_Enhanced,2023-09-14,48.91,FLR251027104033,2025-10-27 18:22:21,Monday,18,SALARY - SUNRISE RETAIL,no_merchant,Payroll Transfer,Card Present,193.0,4.0,48.22,0.0,FR,1,DEV-9881818750,0,774,Completed,SALARY - SUNRISE RETAIL,Sunrise Retail,2023,September,14,0.77,148.61,193.193,0
FLR-ACC-101188,Emeka Bello,Individual,FR,EUR,Tier2_Verified,2025-10-19,34.81,FLR260615120180,2026-06-15 11:21:56,Monday,11,SALARY - SILVERLINE RETAIL,no_merchant,Payroll Transfer,Web Dashboard,364.25,106.51,3.42,0.0,FR,0,DEV-6999661053,0,239,Completed,SALARY - SILVERLINE RETAIL,Silverline Retail,2025,October,19,0.84,305.97,397.761,0
FLR-ACC-106506,Mary Balogun,Individual,NG,NGN,Tier3_Enhanced,2023-03-04,233.89,FLR260205193165,2026-02-05 15:54:58,Thursday,15,USSD PURCHASE - BOLT,Bolt,Travel,USSD,792554.0,88.54,8951.0,0.0,NG,0,DEV-7437624796,0,1069,Reversed,USSD PURCHASE - BOLT,Bolt,2023,March,4,0.00056,443.83024,576.979312,0
FLR-ACC-101024,Urban Trading Ltd,Business,NG,NGN,Tier1_Basic,2026-04-26,1216.99,FLR251118182665,2025-11-18 14:14:14,Tuesday,14,MOBILE PURCHASE - THAMES WATER,Thames Water,Utilities,Mobile App,640705.0,0.06,10450231.95,1.0,NG,0,DEV-5287049027,0,0,Reversed,MOBILE PURCHASE - THAMES WATER,Thames Water,2026,April,26,0.00056,358.79479999999995,466.43324,1
FLR-ACC-100967,Emeka Johnson,Individual,FR,EUR,Tier1_Basic,2024-12-22,101.6,FLR251126116238,2025-11-26 07:12:12,Wednesday,7,SALARY - URBAN VENTURES,no_merchant,Payroll Transfer,Card Not Present,675.0,69.66,9.69,0.0,FR,0,DEV-4377214695,0,339,Completed,SALARY - URBAN VENTURES,Urban Ventures,2024,December,22,0.84,567.0,737.1,0
FLR-ACC-100134,Global Consulting LLC,Business,NG,NGN,Tier2_Verified,2025-11-10,242.32,FLR251123129442,2025-11-23 20:51:31,Sunday,20,WEB PURCHASE - EEDC,EEDC,Utilities,Web Dashboard,374585.31,0.27,1411957.34,1.0,NG,0,DEV-2644327725,0,13,Reversed,WEB PURCHASE - EEDC,Eedc,2025,November,10,0.00056,209.7677736,272.69810568,0
FLR-ACC-102682,Femi Nwosu,Individual,NG,NGN,Tier2_Verified,2024-03-06,65.91,FLR260708210873,2026-07-08 19:14:00,Wednesday,19,CNP PURCHASE - BOOKING.COM,Booking.com,Travel,Card Not Present,487158.0,1.75,278322.31,0.0,NG,0,DEV-2689360353,0,854,Reversed,CNP PURCHASE - BOOKING.COM,Booking.Com,2024,March,6,0.00056,272.80848,354.651024,0
FLR-ACC-100162,Urban Foods Inc,Business,DE,EUR,Tier1_Basic,2025-06-18,510.51,FLR250709183681,2025-07-09 16:47:12,Wednesday,16,INTL WIRE - INTERNATIONAL WIRE REF633295,International Wire,Wire Transfer,API/Integration,14851.87,43.71,339.78,0.0,DE,0,DEV-2231540980,0,21,Reversed,INTL WIRE - INTERNATIONAL WIRE REF633295,International Wire Ref633295,2025,June,18,0.84,12475.5708,16218.24204,0
FLR-ACC-101374,Silverline Logistics Ltd,Business,NG,NGN,Tier2_Verified,2024-09-15,449.48,FLR250905177906,2025-09-05 17:51:00,Friday,17,MOBILE PURCHASE - ADOBE CREATIVE CLOUD,Adobe Creative Cloud,Subscription/SaaS,Mobile App,74963.0,0.03,2924268.44,1.0,NG,0,DEV-6618186337,0,355,Completed,MOBILE PURCHASE - ADOBE CREATIVE CLOUD,Adobe Creative Cloud,2024,September,15,0.00056,41.97928,54.573064,0
FLR-ACC-100219,Silverline Trading Ltd,Business,NG,NGN,Tier3_Enhanced,2024-11-19,231.7,FLR251227142331,2025-12-27 21:35:28,Saturday,21,INTL WIRE - INTERNATIONAL WIRE REF365163,International Wire,Wire Transfer,Mobile App,3976814.0,95.18,41783.97,0.0,NG,0,DEV-9758518288,1,403,Completed,INTL WIRE - INTERNATIONAL WIRE REF365163,International Wire Ref365163,2024,November,19,0.00056,2227.01584,2895.120592,0
FLR-ACC-102675,Ben Brown,Individual,US,USD,Tier2_Verified,2024-03-23,159.96,FLR250628216675,2025-06-28 21:01:25,Saturday,21,POS PURCHASE - NOTION,Notion,Subscription/SaaS,Card Present,6.93,0.05,143.16,1.0,US,0,DEV-8083870769,0,462,Completed,POS PURCHASE - NOTION,Notion,2024,March,23,0.77,5.3361,6.93693,0
FLR-ACC-106281,Ngozi Okafor,Individual,GB,GBP,Tier2_Verified,2025-07-17,66.54,FLR251119163271,2025-11-19 16:37:50,Wednesday,16,SALARY - GLOBAL MEDIA,no_merchant,Payroll Transfer,Mobile App,267.14,7.67,34.84,1.0,GB,0,DEV-4801199019,1,125,Completed,SALARY - GLOBAL MEDIA,Global Media,2025,July,17,1.0,267.14,347.282,0
FLR-ACC-101322,James Okafor,Individual,US,USD,Tier2_Verified,2024-07-03,62.09,FLR251110136128,2025-11-10 11:00:34,Monday,11,MOBILE PURCHASE - SLOT SYSTEMS,Slot Systems,Electronics,Mobile App,119.7,2.92,40.98,1.0,US,0,DEV-6207437730,1,495,Reversed,MOBILE PURCHASE - SLOT SYSTEMS,Slot Systems,2024,July,3,0.77,92.169,119.8197,0
FLR-ACC-101009,Bluewave Builders Co.,Business,NG,NGN,Tier2_Verified,2025-08-02,680.29,FLR260529171750,2026-05-29 07:11:15,Friday,7,INTL WIRE - INTERNATIONAL WIRE REF672728,International Wire,Wire Transfer,Web Dashboard,7418018.9,93.23,79569.36,0.0,DE,1,DEV-5366252772,0,300,Completed,INTL WIRE - INTERNATIONAL WIRE REF672728,International Wire Ref672728,2025,August,2,0.00056,4154.090584,5400.317759199999,0
FLR-ACC-100943,Urban Textiles Ltd,Business,US,USD,Tier2_Verified,2025-01-16,329.13,FLR251008216198,2025-10-08 10:07:39,Wednesday,10,MOBILE PURCHASE - SPOTIFY,Spotify,Subscription/SaaS,Mobile App,4.0,0.01,710.52,1.0,US,0,DEV-2451207691,0,265,Completed,MOBILE PURCHASE - SPOTIFY,Spotify,2025,January,16,0.77,3.08,4.004,0
FLR-ACC-103941,Metro Consulting Ltd,Business,NG,NGN,Tier2_Verified,2025-11-08,325.37,FLR250811139726,2025-08-11 19:13:34,Monday,19,SALARY - METRO LOGISTICS,no_merchant,Payroll Transfer,API/Integration,1898352.0,319.47,5942.24,0.0,NG,0,DEV-8382105687,0,0,Reversed,SALARY - METRO LOGISTICS,Metro Logistics,2025,November,8,0.00056,1063.07712,1382.000256,1
FLR-ACC-100253,Femi Adekunle,Individual,FR,EUR,Tier3_Enhanced,2023-06-23,158.37,FLR251030172903,2025-10-30 10:39:24,Thursday,10,SALARY - SUNRISE MEDIA,no_merchant,Payroll Transfer,Mobile App,2060.0,371.17,5.55,0.0,FR,0,DEV-9118311100,0,860,Completed,SALARY - SUNRISE MEDIA,Sunrise Media,2023,June,23,0.84,1730.4,2249.52,0
FLR-ACC-101229,Prime Foods LLC,Business,GB,GBP,Tier1_Basic,2026-07-30,866.64,FLR260126179223,2026-01-26 07:15:46,Monday,7,SALARY - URBAN RETAIL,no_merchant,Payroll Transfer,API/Integration,2533.99,74.79,33.88,0.0,GB,0,DEV-7353848933,0,0,Completed,SALARY - URBAN RETAIL,Urban Retail,2026,July,30,1.0,2533.99,3294.187,1
FLR-ACC-103345,Ruth Eze,Individual,US,USD,Tier1_Basic,2025-05-14,118.22,FLR260501157977,2026-05-01 14:02:34,Friday,14,CNP PURCHASE - AIRBNB,Airbnb,Travel,Card Not Present,672.99,3.54,189.95,0.0,US,0,DEV-9081944844,0,352,Completed,CNP PURCHASE - AIRBNB,Airbnb,2025,May,14,0.77,518.2023,673.66299,0
FLR-ACC-100238,Funke Okoro,Individual,GB,GBP,Tier1_Basic,2024-03-26,34.13,FLR260530174950,2026-05-30 12:07:08,Saturday,12,SALARY - SUNRISE BUILDERS,no_merchant,Payroll Transfer,Web Dashboard,132.16,66.08,2.0,0.0,GB,0,DEV-3557518778,0,795,Completed,SALARY - SUNRISE BUILDERS,Sunrise Builders,2024,March,26,1.0,132.16,171.808,0
FLR-ACC-100134,Global Consulting LLC,Business,NG,NGN,Tier2_Verified,2025-11-10,242.32,FLR250705216114,2025-07-05 20:42:40,Saturday,20,MOBILE PURCHASE - JUSTRITE SUPERSTORE,Justrite Superstore,Groceries,Mobile App,230241.0,0.14,1695276.93,1.0,NG,0,DEV-2644327725,0,0,Completed,MOBILE PURCHASE - JUSTRITE SUPERSTORE,Justrite Superstore,2025,November,10,0.00056,128.93496,167.615448,1
FLR-ACC-101686,Metro Builders Ltd,Business,NG,NGN,Tier2_Verified,2026-06-16,359.01,FLR251026115768,2025-10-26 11:30:50,Sunday,11,SALARY - PRIME BUILDERS,no_merchant,Payroll Transfer,Card Not Present,2312528.55,389.17,5942.24,0.0,NG,0,DEV-8040846429,0,0,Completed,SALARY - PRIME BUILDERS,Prime Builders,2026,June,16,0.00056,1295.015988,1683.5207844,1
FLR-ACC-103586,Peter Adeyemi,Individual,NG,NGN,Tier2_Verified,2023-09-28,167.59,FLR250627204659,2025-06-27 18:48:29,Friday,18,CNP PURCHASE - BINANCE,Binance,Crypto Exchange,Card Not Present,1454682.37,160.77,9048.0,0.0,NG,0,DEV-7881740228,0,638,Completed,CNP PURCHASE - BINANCE,Binance,2023,September,28,0.00056,814.6221272,1059.00876536,0
FLR-ACC-106172,Ben Bello,Individual,US,USD,Tier1_Basic,2025-03-11,38.39,FLR251119198339,2025-11-19 19:49:16,Wednesday,19,WEB PURCHASE - APPLE STORE,Apple Store,Electronics,Web Dashboard,37.0,1.19,31.0,1.0,US,0,DEV-6399912857,0,253,Completed,WEB PURCHASE - APPLE STORE,Apple Store,2025,March,11,0.77,28.49,37.037,0
FLR-ACC-103167,Ruth Okafor,Individual,GB,GBP,Tier3_Enhanced,2026-03-12,144.31,FLR251228169266,2025-12-28 17:18:50,Sunday,17,WEB PURCHASE - THAMES WATER,Thames Water,Utilities,Web Dashboard,93.41,1.68,55.61,0.0,GB,0,DEV-3916033533,1,0,Completed,WEB PURCHASE - THAMES WATER,Thames Water,2026,March,12,1.0,93.41,121.433,1
FLR-ACC-100827,Ngozi Balogun,Individual,FR,EUR,Tier1_Basic,2024-11-02,41.56,FLR251226142269,2025-12-26 09:19:50,Friday,9,SALARY - APEX RETAIL,no_merchant,Payroll Transfer,Mobile App,369.07,6.67,55.31,1.0,FR,0,DEV-9358605255,0,419,Completed,SALARY - APEX RETAIL,Apex Retail,2024,November,2,0.84,310.0188,403.02444,0
FLR-ACC-101658,Blessing Green,Individual,US,USD,Tier2_Verified,2026-05-03,19.56,FLR260125159378,2026-01-25 19:28:57,Sunday,19,MOBILE PURCHASE - CVS PHARMACY,CVS Pharmacy,Healthcare,Mobile App,19.97,0.29,68.83,1.0,US,0,DEV-6604751210,0,0,Declined,MOBILE PURCHASE - CVS PHARMACY,Cvs Pharmacy,2026,May,3,0.77,15.3769,19.98997,1
FLR-ACC-101322,James Okafor,Individual,US,USD,Tier2_Verified,2024-07-03,62.09,FLR251115124914,2025-11-15 16:49:06,Saturday,16,NIP TRANSFER TO PETER GREEN,no_merchant,P2P Transfer,Card Present,31.83,0.76,41.88,1.0,US,0,DEV-3787347328,0,500,Reversed,NIP TRANSFER - PETER GREEN,Peter Green,2024,July,3,0.77,24.5091,31.86183,0
FLR-ACC-105760,David Hassan,Individual,DE,EUR,Tier1_Basic,2023-10-10,10.85,FLR250512152355,2025-05-12 08:13:47,Monday,8,WEB PURCHASE - TESCO,Tesco,Groceries,Web Dashboard,2.0,0.13,15.53,1.0,DE,0,DEV-1183762594,0,580,Reversed,WEB PURCHASE - TESCO,Tesco,2023,October,10,0.84,1.68,2.184,0
FLR-ACC-104805,Metro Textiles Ltd,Business,US,USD,Tier3_Enhanced,2025-01-27,795.0,FLR250716154056,2025-07-16 09:54:10,Wednesday,9,INTL WIRE - INTERNATIONAL WIRE REF689495,International Wire,Wire Transfer,Web Dashboard,17780.52,196.93,90.29,0.0,US,0,DEV-7775833735,0,170,Reversed,INTL WIRE - INTERNATIONAL WIRE REF689495,International Wire Ref689495,2025,January,27,0.77,13691.0004,17798.30052,0
FLR-ACC-105014,Sarah Yusuf,Individual,US,USD,Tier3_Enhanced,2024-02-02,50.3,FLR251214131749,2025-12-14 08:54:47,Sunday,8,API PURCHASE - LEADWAY ASSURANCE,Leadway Assurance,Insurance,API/Integration,62.0,6.13,10.12,0.0,US,0,DEV-6954332011,1,681,Completed,API PURCHASE - LEADWAY ASSURANCE,Leadway Assurance,2024,February,2,0.77,47.74,62.062000000000005,0
FLR-ACC-102955,Silverline Retail Ltd,Business,NG,NGN,Tier3_Enhanced,2025-08-12,434.39,FLR251222211559,2025-12-22 15:08:03,Monday,15,MOBILE PURCHASE - CURRYS PC WORLD,Currys PC World,Electronics,Mobile App,2208526.12,371.67,5942.24,0.0,NG,0,DEV-9490265173,0,132,Completed,MOBILE PURCHASE - CURRYS PC WORLD,Currys Pc World,2025,August,12,0.00056,1236.7746272,1607.80701536,0
FLR-ACC-102580,David Johnson,Individual,NG,NGN,Tier2_Verified,2026-01-15,53.49,FLR251215124592,2025-12-15 18:31:26,Monday,18,INTL WIRE - INTERNATIONAL WIRE REF152358,International Wire,Wire Transfer,Mobile App,1063433.06,5.19,204770.26,1.0,NG,0,DEV-2365102547,0,0,Reversed,INTL WIRE - INTERNATIONAL WIRE REF152358,International Wire Ref152358,2026,January,15,0.00056,595.5225136,774.1792676800001,1
FLR-ACC-102243,Urban Textiles Inc,Business,NG,NGN,Tier1_Basic,2026-03-22,1307.29,FLR251216114015,2025-12-16 07:14:49,Tuesday,7,NIP TRANSFER TO BEN IBRAHIM,no_merchant,P2P Transfer,Mobile App,1403892.53,236.26,5942.24,0.0,NG,0,DEV-2045660896,0,0,Completed,NIP TRANSFER - BEN IBRAHIM,Ben Ibrahim,2026,March,22,0.00056,786.1798167999999,1022.03376184,1
FLR-ACC-107098,Sunrise Logistics Inc,Business,NG,NGN,Tier3_Enhanced,2024-02-20,475.78,FLR250316143035,2025-03-16 12:52:22,Sunday,12,CNP PURCHASE - AXA MANSARD,AXA Mansard,Insurance,Card Not Present,1305186.07,31.96,40838.72,0.0,NG,0,missing_device,-1,390,Completed,CNP PURCHASE - AXA MANSARD,Axa Mansard,2024,February,20,0.00056,730.9041992,950.17545896,0
FLR-ACC-105452,Metro Logistics LLC,Business,GB,GBP,Tier1_Basic,2025-03-27,426.23,FLR260426108048,2026-04-26 11:35:16,Sunday,11,WEB PURCHASE - SLACK,Slack,Subscription/SaaS,Web Dashboard,17.92,0.01,1614.15,0.0,GB,0,DEV-3495174566,0,395,Completed,WEB PURCHASE - SLACK,Slack,2025,March,27,1.0,17.92,23.296000000000003,0
FLR-ACC-101658,Blessing Green,Individual,US,USD,Tier2_Verified,2026-05-03,19.56,FLR250616109582,2025-06-16 09:23:47,Monday,9,WEB PURCHASE - DOMINO'S PIZZA,Domino's Pizza,Restaurants,Web Dashboard,4.86,0.17,28.81,1.0,US,0,DEV-6604751210,0,0,Reversed,WEB PURCHASE - DOMINO'S PIZZA,Domino'S Pizza,2026,May,3,0.77,3.7422,4.86486,1
FLR-ACC-100134,Global Consulting LLC,Business,NG,NGN,Tier2_Verified,2025-11-10,242.32,FLR251202206981,2025-12-02 14:41:09,Tuesday,14,SALARY - SILVERLINE CONSULTING,no_merchant,Payroll Transfer,Card Not Present,1073280.96,0.79,1361008.37,1.0,NG,0,DEV-2644327725,0,22,Completed,SALARY - SILVERLINE CONSULTING,Silverline Consulting,2025,November,10,0.00056,601.0373375999999,781.3485388799999,0
FLR-ACC-104288,Urban Technologies LLC,Business,US,USD,Tier2_Verified,2025-09-18,1391.73,FLR260809107162,2026-08-09 11:27:43,Sunday,11,SALARY - GREENFIELD CONSULTING,no_merchant,Payroll Transfer,Web Dashboard,6249.0,124.98,50.0,0.0,US,0,DEV-2442878351,0,325,Completed,SALARY - GREENFIELD CONSULTING,Greenfield Consulting,2025,September,18,0.77,4811.7300000000005,6255.249000000001,0
FLR-ACC-105784,James Chukwu,Individual,NG,NGN,Tier2_Verified,2023-10-12,26.97,FLR260807161112,2026-08-07 11:09:03,Friday,11,SALARY - SILVERLINE LOGISTICS,no_merchant,Payroll Transfer,Card Not Present,605024.47,56.6,10690.0,0.0,NG,0,DEV-9688302041,0,1030,Completed,SALARY - SILVERLINE LOGISTICS,Silverline Logistics,2023,October,12,0.00056,338.8137032,440.45781416000005,0
FLR-ACC-103039,Tobi Obi,Individual,FR,EUR,Tier3_Enhanced,2025-01-08,52.37,FLR250301178271,2025-03-01 11:30:18,Saturday,11,SALARY - SUNRISE BUILDERS,no_merchant,Payroll Transfer,Web Dashboard,438.65,27.91,15.72,0.0,FR,0,missing_device,-1,52,Reversed,SALARY - SUNRISE BUILDERS,Sunrise Builders,2025,January,8,0.84,368.466,479.0058,0
FLR-ACC-104711,Urban Technologies Inc,Business,FR,EUR,Tier2_Verified,2026-07-07,1049.26,FLR260131119374,2026-01-31 19:15:01,Saturday,19,INTL WIRE - INTERNATIONAL WIRE REF821353,International Wire,Wire Transfer,Card Not Present,19994.0,143.84,139.0,0.0,FR,0,DEV-3162164122,1,0,Completed,INTL WIRE - INTERNATIONAL WIRE REF821353,International Wire Ref821353,2026,July,7,0.84,16794.96,21833.448,1
FLR-ACC-103821,North Trading LLC,Business,DE,EUR,Tier2_Verified,2024-01-16,91.52,FLR251227106486,2025-12-27 16:25:58,Saturday,16,SALARY - URBAN CONSULTING,no_merchant,Payroll Transfer,Web Dashboard,587.27,4.82,121.78,1.0,DE,0,DEV-8433833368,0,711,Completed,SALARY - URBAN CONSULTING,Urban Consulting,2024,January,16,0.84,493.3068,641.29884,0
FLR-ACC-105654,John Smith,Individual,NG,NGN,Tier2_Verified,2025-06-13,265.59,FLR250726141781,2025-07-26 07:23:59,Saturday,7,SALARY - SILVERLINE FOODS,no_merchant,Payroll Transfer,Web Dashboard,3399058.0,236.98,14343.0,0.0,NG,0,DEV-7177816466,0,43,Completed,SALARY - SILVERLINE FOODS,Silverline Foods,2025,June,13,0.00056,1903.47248,2474.514224,0
FLR-ACC-101299,Greenfield Consulting LLC,Business,NG,NGN,Tier2_Verified,2023-12-01,433.68,FLR250320185087,2025-03-20 08:44:48,Thursday,8,INTL WIRE - INTERNATIONAL WIRE REF774903,International Wire,Wire Transfer,Card Present,11852044.25,1994.54,5942.24,0.0,NG,0,DEV-7079860109,0,475,Completed,INTL WIRE - INTERNATIONAL WIRE REF774903,International Wire Ref774903,2023,December,1,0.00056,6637.14478,8628.288214,0
FLR-ACC-104994,Michael Bello,Individual,NG,NGN,Tier2_Verified,2026-04-01,97.81,FLR251128166651,2025-11-28 13:15:07,Friday,13,SALARY - APEX FOODS,no_merchant,Payroll Transfer,Mobile App,753695.0,278.15,2709.67,0.0,NG,0,DEV-6154038411,0,0,Reversed,SALARY - APEX FOODS,Apex Foods,2026,April,1,0.00056,422.0692,548.68996,1
FLR-ACC-102138,Chidi Taylor,Individual,NG,NGN,Tier3_Enhanced,2022-12-13,60.39,FLR250921219279,2025-09-21 16:06:40,Sunday,16,SALARY - PRIME LOGISTICS,no_merchant,Payroll Transfer,Web Dashboard,1563722.0,84.94,18409.44,0.0,NG,0,DEV-7879999483,0,1013,Completed,SALARY - PRIME LOGISTICS,Prime Logistics,2022,December,13,0.00056,875.68432,1138.389616,0
FLR-ACC-102258,Chioma Nwosu,Individual,US,USD,Tier1_Basic,2025-07-26,279.97,FLR250413190614,2025-04-13 15:09:09,Sunday,15,SALARY - GLOBAL RETAIL,no_merchant,Payroll Transfer,Web Dashboard,3469.82,44.41,78.14,0.0,US,0,missing_device,-1,0,Completed,SALARY - GLOBAL RETAIL,Global Retail,2025,July,26,0.77,2671.7614000000003,3473.2898200000004,1
FLR-ACC-102471,Sarah Okoro,Individual,NG,NGN,Tier1_Basic,2023-06-19,103.54,FLR251005220150,2025-10-05 06:26:05,Sunday,6,MOBILE PURCHASE - COINBASE,Coinbase,Crypto Exchange,Mobile App,259805.49,43.72,5942.24,0.0,NG,0,DEV-6708766526,0,839,Reversed,MOBILE PURCHASE - COINBASE,Coinbase,2023,June,19,0.00056,145.49107439999997,189.13839672,0
FLR-ACC-106172,Ben Bello,Individual,US,USD,Tier1_Basic,2025-03-11,38.39,FLR250218216493,2025-02-18 04:14:05,Tuesday,4,WEB PURCHASE - DOMINO'S PIZZA,Domino's Pizza,Restaurants,Web Dashboard,6.0,0.33,18.33,1.0,US,0,DEV-6399912857,0,0,Completed,WEB PURCHASE - DOMINO'S PIZZA,Domino'S Pizza,2025,March,11,0.77,4.62,6.006,1
FLR-ACC-100609,Ruth Okoro,Individual,NG,NGN,Tier3_Enhanced,2022-05-30,42.24,FLR250310191183,2025-03-10 15:02:04,Monday,15,CNP PURCHASE - CURRYS PC WORLD,Currys PC World,Electronics,Card Not Present,148963.28,54.24,2746.6,0.0,NG,0,DEV-1673022262,0,1015,Completed,CNP PURCHASE - CURRYS PC WORLD,Currys Pc World,2022,May,30,0.00056,83.41943679999999,108.44526784,0
FLR-ACC-106082,James Adeyemi,Individual,US,USD,Tier3_Enhanced,2024-04-10,108.05,FLR250414130400,2025-04-14 18:50:18,Monday,18,WEB PURCHASE - BOOKING.COM,Booking.com,Travel,Web Dashboard,189.27,0.94,201.68,1.0,US,0,DEV-7234731960,0,369,Completed,WEB PURCHASE - BOOKING.COM,Booking.Com,2024,April,10,0.77,145.73790000000002,189.45927000000003,0
FLR-ACC-103345,Ruth Eze,Individual,US,USD,Tier1_Basic,2025-05-14,118.22,FLR251111115220,2025-11-11 18:33:28,Tuesday,18,MOBILE PURCHASE - ABUJA DISCO,Abuja DisCo,Utilities,Mobile App,33.29,0.24,136.9,0.0,US,0,DEV-9081944844,0,181,Completed,MOBILE PURCHASE - ABUJA DISCO,Abuja Disco,2025,May,14,0.77,25.6333,33.32329,0
FLR-ACC-102740,Chuka Yusuf,Individual,GB,GBP,Tier1_Basic,2025-08-17,45.25,FLR251214109065,2025-12-14 19:53:38,Sunday,19,SALARY - METRO FOODS,no_merchant,Payroll Transfer,Web Dashboard,261.07,15.99,16.33,0.0,GB,0,DEV-6988259352,0,119,Completed,SALARY - METRO FOODS,Metro Foods,2025,August,17,1.0,261.07,339.391,0
FLR-ACC-102675,Ben Brown,Individual,US,USD,Tier2_Verified,2024-03-23,159.96,FLR250324111917,2025-03-24 13:09:12,Monday,13,NIP TRANSFER TO EMEKA HASSAN,no_merchant,P2P Transfer,Mobile App,267.88,0.88,305.43,1.0,US,0,DEV-8083870769,0,366,Completed,NIP TRANSFER - EMEKA HASSAN,Emeka Hassan,2024,March,23,0.77,206.2676,268.14788,0
FLR-ACC-105190,Silverline Technologies Co.,Business,FR,EUR,Tier2_Verified,2026-04-03,265.84,FLR250529203719,2025-05-29 07:50:48,Thursday,7,SALARY - URBAN TEXTILES,no_merchant,Payroll Transfer,Card Not Present,788.18,37.53,21.0,0.0,FR,0,missing_device,-1,0,Completed,SALARY - URBAN TEXTILES,Urban Textiles,2026,April,3,0.84,662.0712,860.69256,1
FLR-ACC-102376,Blessing Obi,Individual,US,USD,Tier3_Enhanced,2025-05-03,36.34,FLR251003212377,2025-10-03 11:34:24,Friday,11,WEB PURCHASE - RELIANCE HMO,Reliance HMO,Healthcare,Web Dashboard,32.52,0.62,52.65,1.0,US,0,DEV-4350078585,0,153,Reversed,WEB PURCHASE - RELIANCE HMO,Reliance Hmo,2025,May,3,0.77,25.0404,32.55252,0
FLR-ACC-101033,Kunle Okoro,Individual,NG,NGN,Tier1_Basic,2024-05-27,19.67,FLR251214170590,2025-12-14 10:03:46,Sunday,10,CNP PURCHASE - COLD STONE CREAMERY,Cold Stone Creamery,Restaurants,Card Not Present,4917.97,0.27,18369.82,1.0,NG,0,DEV-3694564114,0,566,Reversed,CNP PURCHASE - COLD STONE CREAMERY,Cold Stone Creamery,2024,May,27,0.00056,2.7540632,3.5802821600000003,0
FLR-ACC-100134,Global Consulting LLC,Business,NG,NGN,Tier2_Verified,2025-11-10,242.32,FLR260530147719,2026-05-30 15:28:22,Saturday,15,SALARY - APEX MEDIA,no_merchant,Payroll Transfer,Mobile App,1364097.54,0.74,1835406.87,1.0,NG,0,DEV-2644327725,0,201,Declined,SALARY - APEX MEDIA,Apex Media,2025,November,10,0.00056,763.8946224,993.06300912,0
FLR-ACC-100134,Global Consulting LLC,Business,NG,NGN,Tier2_Verified,2025-11-10,242.32,FLR251124197968,2025-11-24 09:14:08,Monday,9,POS PURCHASE - AVIVA,Aviva,Insurance,Card Present,314976.46,0.22,1408068.23,1.0,NG,0,DEV-2644327725,0,14,Completed,POS PURCHASE - AVIVA,Aviva,2025,November,10,0.00056,176.3868176,229.30286288,0
FLR-ACC-101283,Chuka Chukwu,Individual,NG,NGN,Tier3_Enhanced,2023-08-08,45.82,FLR260105211393,2026-01-05 10:09:40,Monday,10,NIP TRANSFER TO DANIEL JOHNSON,no_merchant,P2P Transfer,Mobile App,110005.82,0.45,241874.79,0.0,NG,0,DEV-4779754574,0,881,Completed,NIP TRANSFER - DANIEL JOHNSON,Daniel Johnson,2023,August,8,0.00056,61.6032592,80.08423696,0
FLR-ACC-103021,Ngozi Hassan,Individual,NG,NGN,Tier2_Verified,2023-12-01,90.97,FLR260226116039,2026-02-26 13:24:29,Thursday,13,WEB PURCHASE - DOMINO'S PIZZA,Domino's Pizza,Restaurants,Web Dashboard,33434.43,1.0,33434.43,0.0,NG,0,DEV-6578591646,0,818,Completed,WEB PURCHASE - DOMINO'S PIZZA,Domino'S Pizza,2023,December,1,0.00056,18.7232808,24.34026504,0
FLR-ACC-104180,Global Technologies Ltd,Business,NG,NGN,Tier2_Verified,2025-07-03,1446.0,FLR260611165945,2026-06-11 06:57:03,Thursday,6,POS PURCHASE - AIRBNB,Airbnb,Travel,Card Present,2809804.13,1.44,1945516.02,1.0,NG,0,DEV-3767055241,1,343,Completed,POS PURCHASE - AIRBNB,Airbnb,2025,July,3,0.00056,1573.4903128,2045.53740664,0
FLR-ACC-102800,Metro Technologies Ltd,Business,US,USD,Tier2_Verified,2023-06-04,1048.39,FLR260609182228,2026-06-09 18:21:26,Tuesday,18,INTL WIRE - INTERNATIONAL WIRE REF680359,International Wire,Wire Transfer,Mobile App,8402.68,2.19,3842.25,1.0,US,0,DEV-9454555667,0,1101,Completed,INTL WIRE - INTERNATIONAL WIRE REF680359,International Wire Ref680359,2023,June,4,0.77,6470.0636,8411.082680000001,0
FLR-ACC-101374,Silverline Logistics Ltd,Business,NG,NGN,Tier2_Verified,2024-09-15,449.48,FLR251109186732,2025-11-09 16:55:21,Sunday,16,NIP TRANSFER TO DAVID OKORO,no_merchant,P2P Transfer,Mobile App,420900.0,0.16,2642433.2,2.0,NG,0,DEV-6618186337,0,420,Reversed,NIP TRANSFER - DAVID OKORO,David Okoro,2024,September,15,0.00056,235.704,306.4152,0
FLR-ACC-105092,Daniel Yusuf,Individual,GB,GBP,Tier2_Verified,2024-09-14,43.4,FLR250917107634,2025-09-17 08:33:39,Wednesday,8,MOBILE PURCHASE - TESCO,Tesco,Groceries,Mobile App,55.0,1.66,33.14,0.0,GB,0,DEV-7254140889,0,368,Reversed,MOBILE PURCHASE - TESCO,Tesco,2024,September,14,1.0,55.0,71.5,0
FLR-ACC-105680,Sarah Williams,Individual,DE,EUR,Tier2_Verified,2025-06-10,45.28,FLR251129181993,2025-11-29 17:52:58,Saturday,17,MOBILE PURCHASE - SLACK,Slack,Subscription/SaaS,Mobile App,2.0,0.08,25.38,1.0,DE,0,DEV-4114244593,0,172,Completed,MOBILE PURCHASE - SLACK,Slack,2025,June,10,0.84,1.68,2.184,0
FLR-ACC-103636,Apex Ventures LLC,Business,US,USD,Tier3_Enhanced,2025-01-28,657.02,FLR250331172010,2025-03-31 19:46:11,Monday,19,INTL WIRE - INTERNATIONAL WIRE REF782839,International Wire,Wire Transfer,Card Present,7790.3,274.16,28.42,0.0,US,0,missing_device,-1,62,Completed,INTL WIRE - INTERNATIONAL WIRE REF782839,International Wire Ref782839,2025,January,28,0.77,5998.531,7798.0903,0
FLR-ACC-106494,Prime Media Co.,Business,NG,NGN,Tier3_Enhanced,2025-12-25,533.63,FLR250317104720,2025-03-17 18:58:38,Monday,18,SALARY - BLUEWAVE BUILDERS,no_merchant,Payroll Transfer,API/Integration,5815121.2,22.44,259107.0,0.0,NG,0,DEV-8910561827,0,0,Reversed,SALARY - BLUEWAVE BUILDERS,Bluewave Builders,2025,December,25,0.00056,3256.467872,4233.4082336,1
FLR-ACC-101059,Metro Textiles LLC,Business,NG,NGN,Tier2_Verified,2025-06-17,183.09,FLR250709109016,2025-07-09 13:22:49,Wednesday,13,INTL WIRE - INTERNATIONAL WIRE REF147339,International Wire,Wire Transfer,Mobile App,4839937.11,36.9,131176.74,0.0,NG,0,DEV-4861164085,0,22,Reversed,INTL WIRE - INTERNATIONAL WIRE REF147339,International Wire Ref147339,2025,June,17,0.00056,2710.3647816,3523.47421608,0
FLR-ACC-103647,Olu Eze,Individual,NG,NGN,Tier1_Basic,2025-12-31,31.16,FLR251224167192,2025-12-24 10:19:12,Wednesday,10,SALARY - NORTH TECHNOLOGIES,no_merchant,Payroll Transfer,USSD,546359.8,134.47,4062.97,0.0,NG,0,DEV-3731439335,0,0,Reversed,SALARY - NORTH TECHNOLOGIES,North Technologies,2025,December,31,0.00056,305.961488,397.7499344,1
FLR-ACC-106934,Chuka Brown,Individual,NG,NGN,Tier2_Verified,2023-11-07,105.25,FLR260411144211,2026-04-11 09:25:23,Saturday,9,SALARY - GLOBAL VENTURES,no_merchant,Payroll Transfer,Card Not Present,752499.3,116.29,6470.69,0.0,NG,0,DEV-6498582757,0,886,Completed,SALARY - GLOBAL VENTURES,Global Ventures,2023,November,7,0.00056,421.399608,547.8194904000001,0
FLR-ACC-105365,Ruth Bello,Individual,GB,GBP,Tier1_Basic,2026-02-19,61.58,FLR260212217570,2026-02-12 08:16:03,Thursday,8,SALARY - GREENFIELD TEXTILES,no_merchant,Payroll Transfer,USSD,323.04,26.46,12.21,0.0,GB,0,DEV-4286996300,0,0,Completed,SALARY - GREENFIELD TEXTILES,Greenfield Textiles,2026,February,19,1.0,323.04,419.95200000000006,1
FLR-ACC-104986,Prime Textiles Co.,Business,FR,EUR,Tier2_Verified,2025-06-01,264.31,FLR250318205257,2025-03-18 06:56:10,Tuesday,6,NIP TRANSFER TO BLESSING GREEN,no_merchant,P2P Transfer,Mobile App,281.0,0.17,1693.38,1.0,FR,0,missing_device,-1,0,Completed,NIP TRANSFER - BLESSING GREEN,Blessing Green,2025,June,1,0.84,236.04,306.852,1
FLR-ACC-100827,Ngozi Balogun,Individual,FR,EUR,Tier1_Basic,2024-11-02,41.56,FLR260226184026,2026-02-26 07:32:55,Thursday,7,MOBILE PURCHASE - AIRBNB,Airbnb,Travel,Mobile App,91.0,1.59,57.28,1.0,FR,0,DEV-9358605255,0,481,Completed,MOBILE PURCHASE - AIRBNB,Airbnb,2024,November,2,0.84,76.44,99.372,0
FLR-ACC-101374,Silverline Logistics Ltd,Business,NG,NGN,Tier2_Verified,2024-09-15,449.48,FLR250510105777,2025-05-10 17:30:35,Saturday,17,NIP TRANSFER TO BEN TAYLOR,no_merchant,P2P Transfer,Mobile App,755569.0,0.43,1760640.3,0.0,NG,0,missing_device,-1,237,Reversed,NIP TRANSFER - BEN TAYLOR,Ben Taylor,2024,September,15,0.00056,423.11864,550.0542320000001,0
FLR-ACC-101374,Silverline Logistics Ltd,Business,NG,NGN,Tier2_Verified,2024-09-15,449.48,FLR250907201030,2025-09-07 14:11:10,Sunday,14,CNP PURCHASE - CONED,Coned,Utilities,Card Not Present,1220298.91,0.42,2914256.18,1.0,NG,0,DEV-6618186337,0,357,Completed,CNP PURCHASE - CONED,Coned,2024,September,15,0.00056,683.3673895999999,888.3776064799999,0
FLR-ACC-104817,Bluewave Logistics Inc,Business,NG,NGN,Tier2_Verified,2026-03-04,301.4,FLR250807143183,2025-08-07 15:42:09,Thursday,15,WEB PURCHASE - APPLE STORE,Apple Store,Electronics,Web Dashboard,636732.89,107.15,5942.24,0.0,NG,0,DEV-4468984103,0,0,Reversed,WEB PURCHASE - APPLE STORE,Apple Store,2026,March,4,0.00056,356.5704184,463.54154392,1
FLR-ACC-101374,Silverline Logistics Ltd,Business,NG,NGN,Tier2_Verified,2024-09-15,449.48,FLR251027197823,2025-10-27 13:05:08,Monday,13,NIP TRANSFER TO TUNDE GREEN,no_merchant,P2P Transfer,Web Dashboard,829350.0,0.28,2976427.46,2.0,NG,0,DEV-6618186337,0,407,Completed,NIP TRANSFER - TUNDE GREEN,Tunde Green,2024,September,15,0.00056,464.436,603.7668,0
FLR-ACC-100177,Metro Technologies Inc,Business,NG,NGN,Tier2_Verified,2026-01-17,1626.38,FLR251117161250,2025-11-17 06:55:19,Monday,6,API PURCHASE - AVIVA,Aviva,Insurance,API/Integration,2190153.23,368.57,5942.24,0.0,NG,0,DEV-1338255127,0,0,Completed,API PURCHASE - AVIVA,Aviva,2026,January,17,0.00056,1226.4858088,1594.4315514400002,1
FLR-ACC-102440,Metro Textiles LLC,Business,US,USD,Tier1_Basic,2025-08-23,281.37,FLR250726123772,2025-07-26 05:10:50,Saturday,5,INTL WIRE - INTERNATIONAL WIRE REF691535,International Wire,Wire Transfer,API/Integration,8584.0,31.79,270.0,0.0,US,0,DEV-6287691266,0,0,Completed,INTL WIRE - INTERNATIONAL WIRE REF691535,International Wire Ref691535,2025,August,23,0.77,6609.68,8592.584,1
FLR-ACC-104092,Global Ventures LLC,Business,NG,NGN,Tier2_Verified,2026-06-30,317.8,FLR250221172988,2025-02-21 08:26:34,Friday,8,API PURCHASE - BOOKING.COM,Booking.com,Travel,API/Integration,636746.0,107.16,5942.24,0.0,NG,0,DEV-5902118242,0,0,Completed,API PURCHASE - BOOKING.COM,Booking.Com,2026,June,30,0.00056,356.57776,463.5510880000001,1
FLR-ACC-103856,Daniel Green,Individual,NG,NGN,Tier2_Verified,2024-09-19,59.42,FLR251126186823,2025-11-26 15:09:22,Wednesday,15,SALARY - APEX VENTURES,no_merchant,Payroll Transfer,Mobile App,419690.0,70.63,5942.24,0.0,NG,0,DEV-9709058592,0,433,Reversed,SALARY - APEX VENTURES,Apex Ventures,2024,September,19,0.00056,235.0264,305.53432,0
FLR-ACC-104094,Ben Williams,Individual,NG,NGN,Tier3_Enhanced,2025-02-26,226.33,FLR251223208738,2025-12-23 09:30:59,Tuesday,9,MOBILE PURCHASE - ST. NICHOLAS HOSPITAL,St. Nicholas Hospital,Healthcare,Mobile App,794514.1,2.16,367742.76,2.0,NG,0,DEV-3262924884,0,300,Reversed,MOBILE PURCHASE - ST. NICHOLAS HOSPITAL,St. Nicholas Hospital,2025,February,26,0.00056,444.927896,578.4062648,0
FLR-ACC-104173,Ifeoma Balogun,Individual,US,USD,Tier2_Verified,2024-01-18,73.15,FLR251209185877,2025-12-09 14:14:04,Tuesday,14,WEB PURCHASE - SHOPRITE,Shoprite,Groceries,Web Dashboard,44.17,29.84,1.48,0.0,US,0,DEV-3530716569,0,691,Completed,WEB PURCHASE - SHOPRITE,Shoprite,2024,January,18,0.77,34.0109,44.21417,0
FLR-ACC-105168,Urban Builders LLC,Business,NG,NGN,Tier2_Verified,2024-07-19,1081.17,FLR260727123481,2026-07-27 08:20:12,Monday,8,SALARY - SILVERLINE MEDIA,no_merchant,Payroll Transfer,Mobile App,6669515.0,0.75,8865718.41,1.0,NG,0,DEV-2240544904,0,738,Reversed,SALARY - SILVERLINE MEDIA,Silverline Media,2024,July,19,0.00056,3734.9284,4855.406919999999,0
FLR-ACC-105464,Amaka Adekunle,Individual,NG,NGN,Tier3_Enhanced,2024-10-04,43.19,FLR260618137505,2026-06-18 19:42:00,Thursday,19,NIP TRANSFER TO RUTH BALOGUN,no_merchant,P2P Transfer,Mobile App,266408.17,7.26,36695.91,1.0,NG,0,DEV-8031428025,0,622,Reversed,NIP TRANSFER - RUTH BALOGUN,Ruth Balogun,2024,October,4,0.00056,149.18857519999997,193.94514776,0
FLR-ACC-101478,Global Logistics Inc,Business,NG,NGN,Tier2_Verified,2026-02-11,3803.99,FLR250810183096,2025-08-10 06:54:37,Sunday,6,SALARY - PRIME VENTURES,no_merchant,Payroll Transfer,API/Integration,39235568.0,10.72,3660845.11,0.0,NG,0,DEV-7171777497,0,0,Completed,SALARY - PRIME VENTURES,Prime Ventures,2026,February,11,0.00056,21971.91808,28563.493504,1
FLR-ACC-104796,Greenfield Builders Co.,Business,NG,NGN,Tier2_Verified,2023-08-17,1180.68,FLR250706136964,2025-07-06 06:33:10,Sunday,6,MOBILE PURCHASE - AXA MANSARD,AXA Mansard,Insurance,Mobile App,1620473.11,272.7,5942.24,0.0,NG,0,DEV-7953967455,0,689,Completed,MOBILE PURCHASE - AXA MANSARD,Axa Mansard,2023,August,17,0.00056,907.4649416,1179.70442408,0
FLR-ACC-101374,Silverline Logistics Ltd,Business,NG,NGN,Tier2_Verified,2024-09-15,449.48,FLR250812202920,2025-08-12 16:51:36,Tuesday,16,INTL WIRE - INTERNATIONAL WIRE REF162925,International Wire,Wire Transfer,Web Dashboard,2426427.0,0.9,2707126.46,1.0,NG,0,DEV-6618186337,0,331,Reversed,INTL WIRE - INTERNATIONAL WIRE REF162925,International Wire Ref162925,2024,September,15,0.00056,1358.79912,1766.438856,0
FLR-ACC-103606,Amaka Hassan,Individual,NG,NGN,Tier2_Verified,2025-04-10,223.37,FLR260818191558,2026-08-18 08:40:42,Tuesday,8,NIP TRANSFER TO YETUNDE OKORO,no_merchant,P2P Transfer,Mobile App,812794.0,1.72,473411.27,1.0,NG,0,DEV-5827025131,0,495,Reversed,NIP TRANSFER - YETUNDE OKORO,Yetunde Okoro,2025,April,10,0.00056,455.16464,591.7140320000001,0
FLR-ACC-105168,Urban Builders LLC,Business,NG,NGN,Tier2_Verified,2024-07-19,1081.17,FLR260425102367,2026-04-25 15:55:35,Saturday,15,API PURCHASE - SAINSBURY'S,Sainsbury's,Groceries,API/Integration,1064688.44,0.13,8293719.58,1.0,NG,0,DEV-2240544904,0,645,Reversed,API PURCHASE - SAINSBURY'S,Sainsbury'S,2024,July,19,0.00056,596.2255263999999,775.09318432,0
FLR-ACC-105106,Bluewave Textiles Ltd,Business,NG,NGN,Tier3_Enhanced,2023-09-14,138.83,FLR251110191381,2025-11-10 15:04:30,Monday,15,INTL WIRE - INTERNATIONAL WIRE REF602904,International Wire,Wire Transfer,Web Dashboard,2307701.33,2.31,998832.01,0.0,NG,0,DEV-1529032346,0,788,Reversed,INTL WIRE - INTERNATIONAL WIRE REF602904,International Wire Ref602904,2023,September,14,0.00056,1292.3127448,1680.00656824,0
FLR-ACC-100919,Silverline Technologies Co.,Business,GB,GBP,Tier2_Verified,2024-11-11,274.75,FLR260404202786,2026-04-04 16:25:56,Saturday,16,POS PURCHASE - KONGA,Konga,Retail,Card Present,42.0,0.03,1616.11,1.0,GB,0,DEV-4628468714,0,509,Reversed,POS PURCHASE - KONGA,Konga,2024,November,11,1.0,42.0,54.6,0
FLR-ACC-102251,Metro Ventures Inc,Business,NG,NGN,Tier1_Basic,2025-11-27,564.02,FLR260106206431,2026-01-06 08:34:58,Tuesday,8,INTL WIRE - INTERNATIONAL WIRE REF369635,International Wire,Wire Transfer,Web Dashboard,5497516.07,925.16,5942.24,0.0,NG,0,DEV-4244772047,0,40,Reversed,INTL WIRE - INTERNATIONAL WIRE REF369635,International Wire Ref369635,2025,November,27,0.00056,3078.6089992,4002.19169896,0
FLR-ACC-103095,Metro Media Co.,Business,NG,NGN,Tier3_Enhanced,2024-07-28,86.59,FLR251201136339,2025-12-01 08:43:48,Monday,8,INTL WIRE - INTERNATIONAL WIRE REF925927,International Wire,Wire Transfer,Mobile App,648301.93,3.83,169333.97,0.0,NG,0,DEV-1244024455,0,491,Completed,INTL WIRE - INTERNATIONAL WIRE REF925927,International Wire Ref925927,2024,July,28,0.00056,363.0490808,471.96380504,0
FLR-ACC-101374,Silverline Logistics Ltd,Business,NG,NGN,Tier2_Verified,2024-09-15,449.48,FLR260427199992,2026-04-27 12:39:45,Monday,12,WEB PURCHASE - ASOS,ASOS,Retail,Web Dashboard,277455.23,0.09,3012985.88,2.0,NG,0,DEV-6618186337,0,589,Completed,WEB PURCHASE - ASOS,Asos,2024,September,15,0.00056,155.37492879999996,201.98740744,0
FLR-ACC-100773,Apex Consulting Inc,Business,FR,EUR,Tier1_Basic,2026-06-10,311.51,FLR250604223841,2025-06-04 12:53:22,Wednesday,12,SALARY - GREENFIELD LOGISTICS,no_merchant,Payroll Transfer,Card Not Present,6866.46,19.12,359.13,0.0,FR,0,DEV-1208698294,0,0,Completed,SALARY - GREENFIELD LOGISTICS,Greenfield Logistics,2026,June,10,0.84,5767.8264,7498.17432,1
FLR-ACC-103336,Tobi Bello,Individual,NG,NGN,Tier2_Verified,2025-07-01,23.64,FLR260114188457,2026-01-14 17:30:18,Wednesday,17,NIP TRANSFER TO BLESSING BROWN,no_merchant,P2P Transfer,Mobile App,70890.4,1.62,43854.99,1.0,NG,0,DEV-8877554963,0,197,Completed,NIP TRANSFER - BLESSING BROWN,Blessing Brown,2025,July,1,0.00056,39.698624,51.60821120000001,0
FLR-ACC-103934,Metro Logistics Ltd,Business,GB,GBP,Tier1_Basic,2026-01-11,530.05,FLR251226174744,2025-12-26 12:01:49,Friday,12,SALARY - BLUEWAVE CONSULTING,no_merchant,Payroll Transfer,Web Dashboard,3050.0,18.86,161.73,0.0,GB,0,DEV-9603282757,1,0,Completed,SALARY - BLUEWAVE CONSULTING,Bluewave Consulting,2026,January,11,1.0,3050.0,3965.0,1
FLR-ACC-102965,Amaka Adeyemi,Individual,US,USD,Tier3_Enhanced,2025-01-06,57.66,FLR260706194310,2026-07-06 14:27:01,Monday,14,SALARY - APEX FOODS,no_merchant,Payroll Transfer,Mobile App,365.99,15.91,23.01,0.0,US,0,DEV-3013228564,0,546,Completed,SALARY - APEX FOODS,Apex Foods,2025,January,6,0.77,281.8123,366.35599,0
FLR-ACC-100764,Chuka Adekunle,Individual,NG,NGN,Tier3_Enhanced,2025-08-21,88.34,FLR260630121699,2026-06-30 13:01:12,Tuesday,13,SALARY - URBAN CONSULTING,no_merchant,Payroll Transfer,Web Dashboard,959974.91,161.55,5942.24,0.0,NG,0,DEV-2173130065,0,313,Completed,SALARY - URBAN CONSULTING,Urban Consulting,2025,August,21,0.00056,537.5859495999999,698.86173448,0
FLR-ACC-101259,Silverline Logistics Ltd,Business,NG,NGN,Tier2_Verified,2026-07-11,946.63,FLR250504181467,2025-05-04 23:17:31,Sunday,23,SALARY - METRO CONSULTING,no_merchant,Payroll Transfer,API/Integration,13917455.59,74.96,185661.39,0.0,NG,0,missing_device,-1,0,Reversed,SALARY - METRO CONSULTING,Metro Consulting,2026,July,11,0.00056,7793.775130399999,10131.90766952,1
FLR-ACC-100827,Ngozi Balogun,Individual,FR,EUR,Tier1_Basic,2024-11-02,41.56,FLR260426178802,2026-04-26 12:14:23,Sunday,12,ATM WITHDRAWAL - CHASE ATM,Chase ATM,ATM Withdrawal,Mobile App,31.59,0.55,56.99,1.0,FR,0,DEV-9358605255,0,540,Completed,ATM WITHDRAWAL - CHASE ATM,Chase Atm,2024,November,2,0.84,26.5356,34.49628,0
FLR-ACC-106638,Ngozi Bello,Individual,NG,NGN,Tier3_Enhanced,2024-07-25,19.01,FLR250517118099,2025-05-17 21:45:32,Saturday,21,SALARY - BLUEWAVE LOGISTICS,no_merchant,Payroll Transfer,Card Not Present,556692.3,341.85,1628.49,0.0,NG,0,missing_device,-1,296,Reversed,SALARY - BLUEWAVE LOGISTICS,Bluewave Logistics,2024,July,25,0.00056,311.747688,405.2719944,0
FLR-ACC-102152,Olu Adekunle,Individual,NG,NGN,Tier2_Verified,2025-07-12,27.86,FLR251208103862,2025-12-08 13:00:56,Monday,13,WEB PURCHASE - ABUJA DISCO,Abuja DisCo,Utilities,Web Dashboard,18815.45,0.43,43945.99,1.0,NG,0,DEV-8020263637,0,149,Reversed,WEB PURCHASE - ABUJA DISCO,Abuja Disco,2025,July,12,0.00056,10.536652,13.6976476,0
FLR-ACC-101851,Apex Media Inc,Business,NG,NGN,Tier3_Enhanced,2023-03-18,652.28,FLR251118186662,2025-11-18 15:20:40,Tuesday,15,INTL WIRE - INTERNATIONAL WIRE REF401026,International Wire,Wire Transfer,Web Dashboard,9184357.0,1545.61,5942.24,0.0,NG,0,DEV-4965236088,0,976,Completed,INTL WIRE - INTERNATIONAL WIRE REF401026,International Wire Ref401026,2023,March,18,0.00056,5143.23992,6686.211896,0
FLR-ACC-106961,Kunle Ibrahim,Individual,NG,NGN,Tier2_Verified,2026-04-28,23.49,FLR250621174600,2025-06-21 04:31:09,Saturday,4,SALARY - METRO VENTURES,no_merchant,Payroll Transfer,Mobile App,654413.0,29.35,22298.73,0.0,NG,0,DEV-1073741642,0,0,Completed,SALARY - METRO VENTURES,Metro Ventures,2026,April,28,0.00056,366.47128,476.412664,1
FLR-ACC-101374,Silverline Logistics Ltd,Business,NG,NGN,Tier2_Verified,2024-09-15,449.48,FLR251226147818,2025-12-26 07:57:33,Friday,7,CNP PURCHASE - BOLT,Bolt,Travel,Card Not Present,1729483.0,0.56,3066677.13,1.0,NG,0,DEV-6618186337,0,467,Reversed,CNP PURCHASE - BOLT,Bolt,2024,September,15,0.00056,968.51048,1259.063624,0
FLR-ACC-101947,Sunrise Trading LLC,Business,NG,NGN,Tier3_Enhanced,2024-10-16,1412.48,FLR260112172913,2026-01-12 14:22:51,Monday,14,SALARY - GLOBAL TECHNOLOGIES,no_merchant,Payroll Transfer,Mobile App,15556364.58,2617.93,5942.24,0.0,NG,0,DEV-1905260634,0,453,Reversed,SALARY - GLOBAL TECHNOLOGIES,Global Technologies,2024,October,16,0.00056,8711.5641648,11325.03341424,0
FLR-ACC-106317,Metro Retail LLC,Business,NG,NGN,Tier2_Verified,2023-06-15,707.38,FLR260531203109,2026-05-31 09:51:51,Sunday,9,SALARY - METRO BUILDERS,no_merchant,Payroll Transfer,Mobile App,5478140.0,921.9,5942.24,0.0,NG,0,DEV-1316582053,1,1081,Completed,SALARY - METRO BUILDERS,Metro Builders,2023,June,15,0.00056,3067.7584,3988.08592,0
FLR-ACC-102519,Urban Logistics Ltd,Business,NG,NGN,Tier3_Enhanced,2024-01-11,1262.75,FLR251011173354,2025-10-11 17:34:48,Saturday,17,NIP TRANSFER TO MUSA FASHOLA,no_merchant,P2P Transfer,Web Dashboard,605347.0,101.87,5942.24,0.0,NG,0,DEV-9397519074,0,639,Reversed,NIP TRANSFER - MUSA FASHOLA,Musa Fashola,2024,January,11,0.00056,338.99432,440.692616,0
FLR-ACC-102933,Mary Nwosu,Individual,NG,NGN,Tier2_Verified,2025-03-21,116.19,FLR250831134209,2025-08-31 07:46:10,Sunday,7,CNP PURCHASE - ASOS,ASOS,Retail,Card Not Present,421560.47,72.89,5783.79,0.0,NG,0,DEV-6466639477,0,163,Completed,CNP PURCHASE - ASOS,Asos,2025,March,21,0.00056,236.0738632,306.89602216000003,0
FLR-ACC-105168,Urban Builders LLC,Business,NG,NGN,Tier2_Verified,2024-07-19,1081.17,FLR251215178778,2025-12-15 12:43:24,Monday,12,WEB PURCHASE - JUMIA MART,Jumia Mart,Groceries,Web Dashboard,480957.0,0.08,6146005.72,1.0,NG,0,DEV-2240544904,0,514,Completed,WEB PURCHASE - JUMIA MART,Jumia Mart,2024,July,19,0.00056,269.33592,350.136696,0
FLR-ACC-102830,Tobi Yusuf,Individual,NG,NGN,Tier1_Basic,2025-05-11,23.3,FLR260409150572,2026-04-09 12:46:24,Thursday,12,POS PURCHASE - CURRYS PC WORLD,Currys PC World,Electronics,Card Present,196021.54,117.03,1674.93,0.0,NG,0,DEV-2955402520,0,333,Reversed,POS PURCHASE - CURRYS PC WORLD,Currys Pc World,2025,May,11,0.00056,109.7720624,142.70368112,0
FLR-ACC-106593,Sunrise Builders Inc,Business,NG,NGN,Tier1_Basic,2026-07-26,299.96,FLR251025218016,2025-10-25 19:55:05,Saturday,19,INTL WIRE - INTERNATIONAL WIRE REF387233,International Wire,Wire Transfer,Web Dashboard,9815709.69,29.47,333079.27,0.0,NG,0,DEV-3756605482,0,0,Reversed,INTL WIRE - INTERNATIONAL WIRE REF387233,International Wire Ref387233,2026,July,26,0.00056,5496.7974264,7145.836654320001,1
FLR-ACC-104109,Daniel Fashola,Individual,NG,NGN,Tier1_Basic,2026-04-21,27.83,FLR260526205498,2026-05-26 07:08:51,Tuesday,7,INTL WIRE - INTERNATIONAL WIRE REF478391,International Wire,Wire Transfer,Card Present,780519.18,228.56,3414.94,0.0,NG,0,DEV-2259328409,0,35,Completed,INTL WIRE - INTERNATIONAL WIRE REF478391,International Wire Ref478391,2026,April,21,0.00056,437.0907408,568.21796304,0
FLR-ACC-100023,Ngozi Balogun,Individual,NG,NGN,Tier2_Verified,2025-07-17,193.33,FLR260524141038,2026-05-24 09:56:14,Sunday,9,SALARY - SUNRISE TRADING,no_merchant,Payroll Transfer,USSD,711749.0,0.98,724033.06,1.0,NG,0,DEV-4250562571,0,311,Declined,SALARY - SUNRISE TRADING,Sunrise Trading,2025,July,17,0.00056,398.57944,518.153272,0
FLR-ACC-101752,Bluewave Trading Co.,Business,NG,NGN,Tier2_Verified,2026-02-02,107.8,FLR250304119978,2025-03-04 14:00:04,Tuesday,14,SALARY - SILVERLINE BUILDERS,no_merchant,Payroll Transfer,Web Dashboard,2461946.44,26.05,94516.0,0.0,NG,0,missing_device,-1,0,Completed,SALARY - SILVERLINE BUILDERS,Silverline Builders,2026,February,2,0.00056,1378.6900064,1792.29700832,1
FLR-ACC-100134,Global Consulting LLC,Business,NG,NGN,Tier2_Verified,2025-11-10,242.32,FLR250505126288,2025-05-05 20:07:30,Monday,20,MOBILE PURCHASE - NETFLIX,Netflix,Subscription/SaaS,Mobile App,53160.28,0.03,1728143.46,1.0,NG,0,missing_device,-1,0,Reversed,MOBILE PURCHASE - NETFLIX,Netflix,2025,November,10,0.00056,29.7697568,38.70068384,1
FLR-ACC-101835,Mary Adekunle,Individual,GB,GBP,Tier1_Basic,2026-03-02,54.04,FLR260724150024,2026-07-24 17:47:14,Friday,17,WEB PURCHASE - KFC,KFC,Restaurants,Web Dashboard,12.74,0.26,48.52,1.0,GB,0,DEV-4771401191,0,144,Reversed,WEB PURCHASE - KFC,Kfc,2026,March,2,1.0,12.74,16.562,0
FLR-ACC-106501,Ben Okoro,Individual,NG,NGN,Tier1_Basic,2026-01-18,40.07,FLR260520183074,2026-05-20 07:59:54,Wednesday,7,SALARY - GREENFIELD MEDIA,no_merchant,Payroll Transfer,Mobile App,368882.75,62.08,5942.24,0.0,NG,0,DEV-1235166939,0,122,Completed,SALARY - GREENFIELD MEDIA,Greenfield Media,2026,January,18,0.00056,206.57434,268.546642,0
FLR-ACC-104828,Musa Green,Individual,NG,NGN,Tier1_Basic,2025-11-18,221.48,FLR250422159593,2025-04-22 07:29:33,Tuesday,7,MOBILE PURCHASE - CURRYS PC WORLD,Currys PC World,Electronics,Mobile App,939473.23,45.64,20584.52,0.0,NG,0,DEV-9073811497,0,0,Completed,MOBILE PURCHASE - CURRYS PC WORLD,Currys Pc World,2025,November,18,0.00056,526.1050088,683.93651144,1
FLR-ACC-101374,Silverline Logistics Ltd,Business,NG,NGN,Tier2_Verified,2024-09-15,449.48,FLR260318117349,2026-03-18 12:51:01,Wednesday,12,INTL WIRE - INTERNATIONAL WIRE REF278726,International Wire,Wire Transfer,Card Not Present,2631159.14,0.93,2828378.36,1.0,NG,0,DEV-6618186337,0,549,Reversed,INTL WIRE - INTERNATIONAL WIRE REF278726,International Wire Ref278726,2024,September,15,0.00056,1473.4491184,1915.48385392,0
FLR-ACC-103555,James Johnson,Individual,NG,NGN,Tier3_Enhanced,2026-03-29,240.33,FLR251126207859,2025-11-26 04:29:13,Wednesday,4,SALARY - APEX FOODS,no_merchant,Payroll Transfer,Web Dashboard,973868.97,78.13,12465.0,0.0,NG,0,DEV-7314536963,0,0,Reversed,SALARY - APEX FOODS,Apex Foods,2026,March,29,0.00056,545.3666231999999,708.97661016,1
FLR-ACC-105754,Apex Technologies Inc,Business,NG,NGN,Tier2_Verified,2025-11-01,354.56,FLR260616210655,2026-06-16 11:46:18,Tuesday,11,INTL WIRE - INTERNATIONAL WIRE REF102311,International Wire,Wire Transfer,Web Dashboard,4088946.11,688.12,5942.24,0.0,NG,0,DEV-8806219021,0,227,Reversed,INTL WIRE - INTERNATIONAL WIRE REF102311,International Wire Ref102311,2025,November,1,0.00056,2289.8098216,2976.75276808,0
FLR-ACC-106855,Grace Green,Individual,US,USD,Tier2_Verified,2026-03-15,60.16,FLR251121215182,2025-11-21 09:53:42,Friday,9,SALARY - PRIME RETAIL,no_merchant,Payroll Transfer,Web Dashboard,1195.0,22.13,54.01,1.0,US,0,DEV-5481688015,0,0,Reversed,SALARY - PRIME RETAIL,Prime Retail,2026,March,15,0.77,920.15,1196.195,1
FLR-ACC-102765,Chidi Balogun,Individual,GB,GBP,Tier3_Enhanced,2024-03-14,61.55,FLR251221110265,2025-12-21 14:51:59,Sunday,14,USSD PURCHASE - BRITISH AIRWAYS,British Airways,Travel,USSD,184.47,1.71,107.96,1.0,GB,0,DEV-2227490912,0,647,Completed,USSD PURCHASE - BRITISH AIRWAYS,British Airways,2024,March,14,1.0,184.47,239.811,0
FLR-ACC-103606,Amaka Hassan,Individual,NG,NGN,Tier2_Verified,2025-04-10,223.37,FLR251118202219,2025-11-18 08:25:04,Tuesday,8,WEB PURCHASE - ADOBE CREATIVE CLOUD,Adobe Creative Cloud,Subscription/SaaS,Web Dashboard,6440.18,0.01,484525.15,1.0,NG,0,DEV-5827025131,0,222,Completed,WEB PURCHASE - ADOBE CREATIVE CLOUD,Adobe Creative Cloud,2025,April,10,0.00056,3.6065008,4.68845104,0
FLR-ACC-101024,Urban Trading Ltd,Business,NG,NGN,Tier1_Basic,2026-04-26,1216.99,FLR251115143957,2025-11-15 07:57:44,Saturday,7,SALARY - SILVERLINE BUILDERS,no_merchant,Payroll Transfer,API/Integration,30563514.06,3.19,9587182.99,1.0,NG,0,DEV-2419480559,0,0,Reversed,SALARY - SILVERLINE BUILDERS,Silverline Builders,2026,April,26,0.00056,17115.567873599997,22250.23823568,1
FLR-ACC-100609,Ruth Okoro,Individual,NG,NGN,Tier3_Enhanced,2022-05-30,42.24,FLR260814143139,2026-08-14 09:29:43,Friday,9,WEB PURCHASE - BRITISH AIRWAYS,British Airways,Travel,Web Dashboard,438052.44,159.49,2746.6,0.0,NG,0,DEV-1673022262,0,1537,Reversed,WEB PURCHASE - BRITISH AIRWAYS,British Airways,2022,May,30,0.00056,245.3093664,318.90217632,0
FLR-ACC-102332,Global Foods Ltd,Business,NG,NGN,Tier2_Verified,2025-11-13,418.03,FLR260528221245,2026-05-28 12:51:29,Thursday,12,SALARY - NORTH TRADING,no_merchant,Payroll Transfer,Card Not Present,5958803.69,23.24,256366.34,0.0,NG,0,DEV-1188986434,0,196,Reversed,SALARY - NORTH TRADING,North Trading,2025,November,13,0.00056,3336.9300664,4338.00908632,0
FLR-ACC-105999,Femi Okafor,Individual,NG,NGN,Tier3_Enhanced,2024-03-25,83.73,FLR260821100961,2026-08-21 12:22:06,Friday,12,SALARY - SILVERLINE TECHNOLOGIES,no_merchant,Payroll Transfer,Card Present,978571.0,108.5,9019.0,0.0,NG,0,DEV-7330117045,0,879,Completed,SALARY - SILVERLINE TECHNOLOGIES,Silverline Technologies,2024,March,25,0.00056,547.9997599999999,712.399688,0
FLR-ACC-106924,Mary Brown,Individual,NG,NGN,Tier2_Verified,2025-11-25,121.0,FLR250916167152,2025-09-16 18:18:33,Tuesday,18,WEB PURCHASE - AVIVA,Aviva,Insurance,Web Dashboard,441011.31,74.22,5942.24,0.0,NG,0,DEV-3147832591,0,0,Completed,WEB PURCHASE - AVIVA,Aviva,2025,November,25,0.00056,246.9663336,321.05623368000005,1
FLR-ACC-100161,Sunrise Foods Co.,Business,NG,NGN,Tier1_Basic,2025-10-31,725.75,FLR260829222814,2026-08-29 12:55:49,Saturday,12,INTL WIRE - INTERNATIONAL WIRE REF639784,International Wire,Wire Transfer,Mobile App,10963860.15,4.38,2501815.83,0.0,NG,0,DEV-1876393192,0,302,Reversed,INTL WIRE - INTERNATIONAL WIRE REF639784,International Wire Ref639784,2025,October,31,0.00056,6139.761684,7981.6901892,0
FLR-ACC-101703,Sunrise Builders LLC,Business,NG,NGN,Tier2_Verified,2025-02-23,2734.09,FLR250209186722,2025-02-09 21:33:42,Sunday,21,WEB PURCHASE - ZARA,Zara,Retail,Web Dashboard,1931924.0,325.12,5942.24,0.0,US,1,missing_device,-1,0,Completed,WEB PURCHASE - ZARA,Zara,2025,February,23,0.00056,1081.87744,1406.440672,1
FLR-ACC-104104,Laura Smith,Individual,NG,NGN,Tier1_Basic,2025-11-10,151.43,FLR251121129015,2025-11-21 11:43:11,Friday,11,NIP TRANSFER TO IFEOMA HASSAN,no_merchant,P2P Transfer,Mobile App,682338.75,114.83,5942.24,0.0,NG,0,DEV-7502150077,0,11,Completed,NIP TRANSFER - IFEOMA HASSAN,Ifeoma Hassan,2025,November,10,0.00056,382.1097,496.74261,0
FLR-ACC-107002,Sarah Nwosu,Individual,DE,EUR,Tier3_Enhanced,2026-02-05,18.05,FLR250305200201,2025-03-05 00:19:14,Wednesday,0,USSD PURCHASE - LUNO,Luno,Crypto Exchange,USSD,26.96,26.96,1.0,0.0,DE,0,missing_device,-1,0,Reversed,USSD PURCHASE - LUNO,Luno,2026,February,5,0.84,22.6464,29.44032,1
FLR-ACC-101060,Urban Logistics LLC,Business,NG,NGN,Tier2_Verified,2025-08-16,216.99,FLR260122158480,2026-01-22 05:12:41,Thursday,5,MOBILE PURCHASE - AIRBNB,Airbnb,Travel,Mobile App,1081787.0,182.05,5942.24,0.0,NG,0,DEV-1435844254,0,159,Completed,MOBILE PURCHASE - AIRBNB,Airbnb,2025,August,16,0.00056,605.80072,787.540936,0
FLR-ACC-100591,Musa Chukwu,Individual,NG,NGN,Tier2_Verified,2025-05-05,31.05,FLR250523121051,2025-05-23 22:02:59,Friday,22,USSD PURCHASE - KONGA,Konga,Retail,USSD,26343.0,18.78,1402.64,0.0,NG,0,DEV-2687748463,1,18,Completed,USSD PURCHASE - KONGA,Konga,2025,May,5,0.00056,14.75208,19.177704,0
FLR-ACC-100134,Global Consulting LLC,Business,NG,NGN,Tier2_Verified,2025-11-10,242.32,FLR260625169066,2026-06-25 20:13:15,Thursday,20,SALARY - GREENFIELD BUILDERS,no_merchant,Payroll Transfer,Web Dashboard,1851858.47,1.2,1548710.99,1.0,NG,0,DEV-2644327725,0,227,Completed,SALARY - GREENFIELD BUILDERS,Greenfield Builders,2025,November,10,0.00056,1037.0407432,1348.15296616,0
FLR-ACC-107190,Chuka Green,Individual,NG,NGN,Tier1_Basic,2024-10-08,88.47,FLR260520201997,2026-05-20 02:52:26,Wednesday,2,MOBILE PURCHASE - BINANCE,Binance,Crypto Exchange,Mobile App,551980.0,31.43,17562.53,0.0,NG,0,DEV-8999027772,0,589,Reversed,MOBILE PURCHASE - BINANCE,Binance,2024,October,8,0.00056,309.1088,401.84144,0
FLR-ACC-106249,Bluewave Technologies Co.,Business,US,USD,Tier3_Enhanced,2026-07-13,706.85,FLR251117221015,2025-11-17 11:31:24,Monday,11,SALARY - PRIME TECHNOLOGIES,no_merchant,Payroll Transfer,API/Integration,10623.75,53.11,200.02,0.0,US,0,DEV-3321229848,0,0,Completed,SALARY - PRIME TECHNOLOGIES,Prime Technologies,2026,July,13,0.77,8180.2875,10634.37375,1
FLR-ACC-106186,Mary Okafor,Individual,NG,NGN,Tier2_Verified,2024-10-16,98.21,FLR250718127854,2025-07-18 18:47:17,Friday,18,API PURCHASE - APPLE STORE ONLINE,Apple Store Online,Retail,API/Integration,392861.0,22.72,-17289.58,1.0,NG,0,DEV-9087569407,0,275,Completed,API PURCHASE - APPLE STORE ONLINE,Apple Store Online,2024,October,16,0.00056,220.00216,286.002808,0
FLR-ACC-100134,Global Consulting LLC,Business,NG,NGN,Tier2_Verified,2025-11-10,242.32,FLR260226171025,2026-02-26 15:26:44,Thursday,15,WEB PURCHASE - EEDC,EEDC,Utilities,Web Dashboard,688412.5,0.39,1750491.96,1.0,NG,0,DEV-2644327725,0,108,Completed,WEB PURCHASE - EEDC,Eedc,2025,November,10,0.00056,385.511,501.1643,0
FLR-ACC-103146,Chioma Ibrahim,Individual,NG,NGN,Tier3_Enhanced,2025-05-31,30.18,FLR251229114450,2025-12-29 21:02:13,Monday,21,ATM WITHDRAWAL - BARCLAYS ATM,Barclays ATM,ATM Withdrawal,Mobile App,25027.75,0.31,79804.88,1.0,NG,0,DEV-6917573078,0,212,Reversed,ATM WITHDRAWAL - BARCLAYS ATM,Barclays Atm,2025,May,31,0.00056,14.015539999999998,18.220202,0
FLR-ACC-100034,Silverline Builders LLC,Business,US,USD,Tier2_Verified,2025-08-02,393.81,FLR251210131039,2025-12-10 18:46:28,Wednesday,18,INTL WIRE - INTERNATIONAL WIRE REF824733,International Wire,Wire Transfer,Web Dashboard,3490.96,15.67,222.77,0.0,US,0,DEV-4264128398,0,130,Completed,INTL WIRE - INTERNATIONAL WIRE REF824733,International Wire Ref824733,2025,August,2,0.77,2688.0392,3494.45096,0
FLR-ACC-103881,Laura Chukwu,Individual,US,USD,Tier2_Verified,2023-04-06,48.51,FLR260625114137,2026-06-25 10:07:19,Thursday,10,POS PURCHASE - BOOKING.COM,Booking.com,Travel,Card Present,98.24,0.54,183.35,0.0,US,0,DEV-3220382401,0,1176,Declined,POS PURCHASE - BOOKING.COM,Booking.Com,2023,April,6,0.77,75.6448,98.33824,0
FLR-ACC-103757,Metro Builders Inc,Business,GB,GBP,Tier3_Enhanced,2023-07-26,818.74,FLR250824150716,2025-08-24 14:09:13,Sunday,14,SALARY - NORTH FOODS,no_merchant,Payroll Transfer,Mobile App,20620.88,7.58,2721.0,0.0,GB,0,DEV-2967363907,0,760,Completed,SALARY - NORTH FOODS,North Foods,2023,July,26,1.0,20620.88,26807.144000000004,0
FLR-ACC-107007,Sunrise Logistics LLC,Business,DE,EUR,Tier3_Enhanced,2024-10-25,379.2,FLR251203120755,2025-12-03 22:31:08,Wednesday,22,INTL WIRE - INTERNATIONAL WIRE REF518478,International Wire,Wire Transfer,Mobile App,5332.44,247.56,21.54,0.0,DE,0,DEV-8438083730,0,404,Completed,INTL WIRE - INTERNATIONAL WIRE REF518478,International Wire Ref518478,2024,October,25,0.84,4479.249599999999,5823.024479999999,0
FLR-ACC-101374,Silverline Logistics Ltd,Business,NG,NGN,Tier2_Verified,2024-09-15,449.48,FLR251126186648,2025-11-26 19:55:44,Wednesday,19,SALARY - URBAN LOGISTICS,no_merchant,Payroll Transfer,Mobile App,4639360.0,1.68,2762552.83,1.0,NG,0,DEV-6618186337,0,437,Completed,SALARY - URBAN LOGISTICS,Urban Logistics,2024,September,15,0.00056,2598.0416,3377.45408,0
FLR-ACC-106241,Apex Textiles Inc,Business,NG,NGN,Tier2_Verified,2023-05-06,586.78,FLR260729105688,2026-07-29 17:56:02,Wednesday,17,SALARY - GREENFIELD LOGISTICS,no_merchant,Payroll Transfer,API/Integration,7060499.0,11.4,619337.0,0.0,NG,0,DEV-5890214035,0,1180,Reversed,SALARY - GREENFIELD LOGISTICS,Greenfield Logistics,2023,May,6,0.00056,3953.87944,5140.043272000001,0
FLR-ACC-107049,Mary Balogun,Individual,NG,NGN,Tier1_Basic,2024-05-21,23.4,FLR260730126970,2026-07-30 22:43:06,Thursday,22,SALARY - GREENFIELD TEXTILES,no_merchant,Payroll Transfer,Mobile App,551604.93,19.59,28155.2,0.0,NG,0,DEV-3501346785,0,800,Completed,SALARY - GREENFIELD TEXTILES,Greenfield Textiles,2024,May,21,0.00056,308.8987608,401.56838904,0
FLR-ACC-102224,Apex Builders LLC,Business,NG,NGN,Tier3_Enhanced,2025-03-27,177.11,FLR251006221961,2025-10-06 08:30:35,Monday,8,CNP PURCHASE - AIRBNB,Airbnb,Travel,Card Not Present,480717.0,1.68,285804.67,1.0,NG,0,DEV-4980186188,1,193,Completed,CNP PURCHASE - AIRBNB,Airbnb,2025,March,27,0.00056,269.20152,349.96197600000005,0
FLR-ACC-102666,Olu Yusuf,Individual,NG,NGN,Tier2_Verified,2025-01-04,76.85,FLR250722171576,2025-07-22 11:52:36,Tuesday,11,NIP TRANSFER TO JAMES BROWN,no_merchant,P2P Transfer,Mobile App,112633.28,31.03,3629.6,0.0,NG,0,DEV-5034755674,0,199,Completed,NIP TRANSFER - JAMES BROWN,James Brown,2025,January,4,0.00056,63.07463679999999,81.99702783999999,0
FLR-ACC-100401,North Technologies Inc,Business,NG,NGN,Tier1_Basic,2025-10-07,978.93,FLR260224185050,2026-02-24 11:45:43,Tuesday,11,INTL WIRE - INTERNATIONAL WIRE REF398550,International Wire,Wire Transfer,Mobile App,9961326.71,2.42,4111582.92,0.0,NG,0,DEV-5843963668,0,140,Reversed,INTL WIRE - INTERNATIONAL WIRE REF398550,International Wire Ref398550,2025,October,7,0.00056,5578.3429576,7251.84584488,0
FLR-ACC-106462,Amaka Obi,Individual,NG,NGN,Tier1_Basic,2026-05-10,45.11,FLR250829130218,2025-08-29 18:35:50,Friday,18,SALARY - SUNRISE CONSULTING,no_merchant,Payroll Transfer,Mobile App,684855.3,13.14,52103.12,0.0,NG,0,DEV-7766660077,0,0,Completed,SALARY - SUNRISE CONSULTING,Sunrise Consulting,2026,May,10,0.00056,383.518968,498.5746584,1
FLR-ACC-101145,Daniel Obi,Individual,NG,NGN,Tier2_Verified,2023-09-10,118.54,FLR250924169757,2025-09-24 20:43:24,Wednesday,20,POS PURCHASE - BEST BUY,Best Buy,Electronics,Card Present,277287.02,3.36,82575.81,0.0,NG,0,DEV-8579740974,0,745,Completed,POS PURCHASE - BEST BUY,Best Buy,2023,September,10,0.00056,155.2807312,201.86495056,0
FLR-ACC-105289,Kemi Okoro,Individual,DE,EUR,Tier3_Enhanced,2024-08-18,66.6,FLR250302154756,2025-03-02 17:55:53,Sunday,17,NIP TRANSFER TO TUNDE BALOGUN,no_merchant,P2P Transfer,Card Present,20.0,0.64,31.12,0.0,DE,0,missing_device,-1,196,Reversed,NIP TRANSFER - TUNDE BALOGUN,Tunde Balogun,2024,August,18,0.84,16.8,21.840000000000003,0
FLR-ACC-103482,Peter Taylor,Individual,US,USD,Tier2_Verified,2025-03-20,73.55,FLR260804158758,2026-08-04 16:17:38,Tuesday,16,MOBILE PURCHASE - ZARA,Zara,Retail,Mobile App,31.6,0.25,127.83,1.0,US,0,DEV-1698058985,0,502,Completed,MOBILE PURCHASE - ZARA,Zara,2025,March,20,0.77,24.332,31.6316,0
FLR-ACC-103606,Amaka Hassan,Individual,NG,NGN,Tier2_Verified,2025-04-10,223.37,FLR260829134975,2026-08-29 17:07:34,Saturday,17,NIP TRANSFER TO MICHAEL SMITH,no_merchant,P2P Transfer,Card Not Present,150994.87,0.5,302957.41,1.0,NG,0,DEV-5827025131,0,506,Reversed,NIP TRANSFER - MICHAEL SMITH,Michael Smith,2025,April,10,0.00056,84.5571272,109.92426536,0
FLR-ACC-106416,John Williams,Individual,GB,GBP,Tier1_Basic,2024-06-22,46.17,FLR250224166973,2025-02-24 19:43:49,Monday,19,MOBILE PURCHASE - QUIDAX,Quidax,Crypto Exchange,Mobile App,240.77,148.62,1.62,0.0,GB,0,missing_device,-1,247,Reversed,MOBILE PURCHASE - QUIDAX,Quidax,2024,June,22,1.0,240.77,313.00100000000003,0
FLR-ACC-104079,Ruth Fashola,Individual,GB,GBP,Tier2_Verified,2022-11-11,29.97,FLR250602177854,2025-06-02 21:04:54,Monday,21,CNP PURCHASE - CURRYS PC WORLD,Currys PC World,Electronics,Card Not Present,24.0,0.63,37.99,1.0,GB,0,DEV-9232901800,0,934,Reversed,CNP PURCHASE - CURRYS PC WORLD,Currys Pc World,2022,November,11,1.0,24.0,31.200000000000003,0
FLR-ACC-101883,Urban Media Inc,Business,DE,EUR,Tier2_Verified,2026-05-05,996.7,FLR251127221849,2025-11-27 22:00:56,Thursday,22,SALARY - APEX RETAIL,no_merchant,Payroll Transfer,API/Integration,1726.0,0.8,2146.7,1.0,FR,1,DEV-8347825416,0,0,Reversed,SALARY - APEX RETAIL,Apex Retail,2026,May,5,0.84,1449.84,1884.792,1
FLR-ACC-100380,Aisha Yusuf,Individual,GB,GBP,Tier3_Enhanced,2025-04-14,19.79,FLR260124209108,2026-01-24 08:32:03,Saturday,8,SALARY - URBAN TEXTILES,no_merchant,Payroll Transfer,Web Dashboard,151.0,151.0,0.61,0.0,GB,0,DEV-1884691552,0,285,Completed,SALARY - URBAN TEXTILES,Urban Textiles,2025,April,14,1.0,151.0,196.3,0
FLR-ACC-100311,Grace Obi,Individual,US,USD,Tier2_Verified,2025-05-20,72.59,FLR251224142882,2025-12-24 20:42:28,Wednesday,20,SALARY - BLUEWAVE MEDIA,no_merchant,Payroll Transfer,Card Present,378.8,18.04,21.0,0.0,US,0,DEV-8111876574,0,218,Completed,SALARY - BLUEWAVE MEDIA,Bluewave Media,2025,May,20,0.77,291.676,379.1788,0
FLR-ACC-104561,Chioma Green,Individual,DE,EUR,Tier1_Basic,2024-02-25,29.78,FLR250603128032,2025-06-03 11:18:42,Tuesday,11,MOBILE PURCHASE - SPAR,Spar,Groceries,Mobile App,12.05,0.4,30.37,1.0,DE,0,DEV-5254515683,0,464,Completed,MOBILE PURCHASE - SPAR,Spar,2024,February,25,0.84,10.122,13.1586,0
FLR-ACC-101995,Funke Hassan,Individual,NG,NGN,Tier2_Verified,2024-07-29,51.77,FLR250727190623,2025-07-27 10:32:50,Sunday,10,ATM WITHDRAWAL - GTBANK ATM,GTBank ATM,ATM Withdrawal,Mobile App,28906.08,0.67,43395.55,1.0,NG,0,DEV-6812409510,0,363,Completed,ATM WITHDRAWAL - GTBANK ATM,Gtbank Atm,2024,July,29,0.00056,16.1874048,21.04362624,0
FLR-ACC-102589,Apex Media LLC,Business,US,USD,Tier2_Verified,2025-06-27,589.95,FLR250828204746,2025-08-28 13:57:54,Thursday,13,SALARY - GREENFIELD TEXTILES,no_merchant,Payroll Transfer,API/Integration,9077.25,232.57,39.03,0.0,US,0,DEV-2421954530,0,62,Completed,SALARY - GREENFIELD TEXTILES,Greenfield Textiles,2025,June,27,0.77,6989.4825,9086.32725,0
FLR-ACC-106869,Michael Johnson,Individual,GB,GBP,Tier2_Verified,2025-04-06,40.08,FLR260829114565,2026-08-29 11:13:20,Saturday,11,SALARY - SILVERLINE CONSULTING,no_merchant,Payroll Transfer,Mobile App,372.57,217.88,1.71,0.0,GB,0,DEV-2987226119,0,510,Completed,SALARY - SILVERLINE CONSULTING,Silverline Consulting,2025,April,6,1.0,372.57,484.341,0
FLR-ACC-101374,Silverline Logistics Ltd,Business,NG,NGN,Tier2_Verified,2024-09-15,449.48,FLR250724164581,2025-07-24 10:24:13,Thursday,10,SALARY - APEX TRADING,no_merchant,Payroll Transfer,Card Not Present,3887711.0,1.61,2417769.64,1.0,NG,0,DEV-1069391330,1,312,Completed,SALARY - APEX TRADING,Apex Trading,2024,September,15,0.00056,2177.11816,2830.253608,0
FLR-ACC-105322,Apex Logistics LLC,Business,US,USD,Tier2_Verified,2022-10-28,232.74,FLR251228180917,2025-12-28 06:13:19,Sunday,6,INTL WIRE - INTERNATIONAL WIRE REF692338,International Wire,Wire Transfer,API/Integration,2681.88,8.54,314.09,0.0,US,0,DEV-6203763552,0,1157,Completed,INTL WIRE - INTERNATIONAL WIRE REF692338,International Wire Ref692338,2022,October,28,0.77,2065.0476000000003,2684.5618800000007,0
FLR-ACC-105855,Kemi Okafor,Individual,GB,GBP,Tier2_Verified,2026-03-26,36.86,FLR251218205574,2025-12-18 17:47:20,Thursday,17,WEB PURCHASE - SPOTIFY,Spotify,Subscription/SaaS,Web Dashboard,1.61,0.13,12.38,1.0,GB,0,DEV-5809515290,0,0,Declined,WEB PURCHASE - SPOTIFY,Spotify,2026,March,26,1.0,1.61,2.0930000000000004,1
FLR-ACC-101374,Silverline Logistics Ltd,Business,NG,NGN,Tier2_Verified,2024-09-15,449.48,FLR251121145103,2025-11-21 20:08:19,Friday,20,WEB PURCHASE - AIR PEACE,Air Peace,Travel,Web Dashboard,1058831.66,0.41,2584328.21,1.0,NG,0,DEV-6618186337,0,432,Completed,WEB PURCHASE - AIR PEACE,Air Peace,2024,September,15,0.00056,592.9457295999999,770.82944848,0
FLR-ACC-102250,Chidi Bello,Individual,GB,GBP,Tier2_Verified,2023-07-10,28.76,FLR260830222689,2026-08-30 15:24:22,Sunday,15,INTL WIRE - INTERNATIONAL WIRE REF245217,International Wire,Wire Transfer,Mobile App,172.0,9.34,18.41,1.0,GB,0,DEV-4730333501,0,1147,Completed,INTL WIRE - INTERNATIONAL WIRE REF245217,International Wire Ref245217,2023,July,10,1.0,172.0,223.6,0
FLR-ACC-103375,Silverline Media LLC,Business,NG,NGN,Tier2_Verified,2025-09-06,912.93,FLR250626195391,2025-06-26 20:20:40,Thursday,20,INTL WIRE - INTERNATIONAL WIRE REF473258,International Wire,Wire Transfer,Card Not Present,6819403.02,11.8,577914.0,0.0,NG,0,DEV-8698246479,0,0,Reversed,INTL WIRE - INTERNATIONAL WIRE REF473258,International Wire Ref473258,2025,September,6,0.00056,3818.865691199999,4964.525398559999,1
FLR-ACC-100157,Chidi Adeyemi,Individual,NG,NGN,Tier1_Basic,2026-04-13,37.62,FLR250728220243,2025-07-28 16:39:23,Monday,16,POS PURCHASE - IKEJA ELECTRIC,Ikeja Electric,Utilities,Card Present,72198.17,12.15,5942.24,0.0,NG,0,DEV-2055667421,0,0,Declined,POS PURCHASE - IKEJA ELECTRIC,Ikeja Electric,2026,April,13,0.00056,40.4309752,52.56026776,1
FLR-ACC-105760,David Hassan,Individual,DE,EUR,Tier1_Basic,2023-10-10,10.85,FLR251207137082,2025-12-07 10:13:07,Sunday,10,CNP PURCHASE - UBER,Uber,Travel,Card Not Present,32.08,1.72,18.67,1.0,DE,0,DEV-1183762594,0,789,Completed,CNP PURCHASE - UBER,Uber,2023,October,10,0.84,26.9472,35.03136,0
FLR-ACC-100827,Ngozi Balogun,Individual,FR,EUR,Tier1_Basic,2024-11-02,41.56,FLR260220133127,2026-02-20 19:11:37,Friday,19,NIP TRANSFER TO LAURA ADEYEMI,no_merchant,P2P Transfer,Card Not Present,36.91,0.57,65.11,1.0,FR,0,DEV-9358605255,0,475,Reversed,NIP TRANSFER - LAURA ADEYEMI,Laura Adeyemi,2024,November,2,0.84,31.0044,40.30572,0
FLR-ACC-105687,Chidi Adekunle,Individual,NG,NGN,Tier2_Verified,2024-03-20,77.29,FLR251014183343,2025-10-14 07:05:03,Tuesday,7,SALARY - GREENFIELD LOGISTICS,no_merchant,Payroll Transfer,Mobile App,1355377.22,10.31,131428.01,0.0,NG,0,DEV-3620726089,0,573,Completed,SALARY - GREENFIELD LOGISTICS,Greenfield Logistics,2024,March,20,0.00056,759.0112432,986.71461616,0
FLR-ACC-106549,Silverline Consulting LLC,Business,NG,NGN,Tier1_Basic,2025-12-31,669.1,FLR250305197113,2025-03-05 13:29:49,Wednesday,13,INTL WIRE - INTERNATIONAL WIRE REF358942,International Wire,Wire Transfer,Card Not Present,13829003.92,26.83,515438.6,0.0,NG,0,DEV-4035327721,0,0,Completed,INTL WIRE - INTERNATIONAL WIRE REF358942,International Wire Ref358942,2025,December,31,0.00056,7744.242195199999,10067.514853759998,1
FLR-ACC-102492,Musa Bello,Individual,NG,NGN,Tier2_Verified,2024-12-26,131.13,FLR260525169598,2026-05-25 15:52:46,Monday,15,WEB PURCHASE - NETFLIX,Netflix,Subscription/SaaS,Web Dashboard,4925.53,0.01,502204.4,1.0,NG,0,DEV-7038638206,0,515,Reversed,WEB PURCHASE - NETFLIX,Netflix,2024,December,26,0.00056,2.7582968,3.58578584,0
FLR-ACC-103795,Kunle Bello,Individual,NG,NGN,Tier2_Verified,2025-02-17,73.43,FLR250427209374,2025-04-27 04:37:43,Sunday,4,POS PURCHASE - APPLE STORE ONLINE,Apple Store Online,Retail,Card Present,75260.63,1.05,71927.54,0.0,NG,0,DEV-1831783255,1,69,Completed,POS PURCHASE - APPLE STORE ONLINE,Apple Store Online,2025,February,17,0.00056,42.1459528,54.78973864,0
FLR-ACC-101796,Musa Bello,Individual,NG,NGN,Tier2_Verified,2025-09-29,140.32,FLR260414152713,2026-04-14 08:39:45,Tuesday,8,USSD PURCHASE - ASOS,ASOS,Retail,USSD,53921.16,9.07,5942.24,0.0,NG,0,DEV-2855243232,0,197,Reversed,USSD PURCHASE - ASOS,Asos,2025,September,29,0.00056,30.1958496,39.25460448,0
FLR-ACC-102846,Bluewave Ventures Inc,Business,US,USD,Tier2_Verified,2026-03-22,58.51,FLR251106184221,2025-11-06 18:24:11,Thursday,18,INTL WIRE - INTERNATIONAL WIRE REF397229,International Wire,Wire Transfer,Mobile App,335.47,7.79,43.04,0.0,US,0,DEV-8278598262,0,0,Completed,INTL WIRE - INTERNATIONAL WIRE REF397229,International Wire Ref397229,2026,March,22,0.77,258.31190000000004,335.80547000000007,1
FLR-ACC-105714,Sunrise Foods Co.,Business,FR,EUR,Tier3_Enhanced,2024-09-09,189.77,FLR260325210941,2026-03-25 12:42:54,Wednesday,12,INTL WIRE - INTERNATIONAL WIRE REF139300,International Wire,Wire Transfer,Web Dashboard,2890.0,56.12,51.5,0.0,FR,0,DEV-7436744704,0,562,Completed,INTL WIRE - INTERNATIONAL WIRE REF139300,International Wire Ref139300,2024,September,9,0.84,2427.6,3155.88,0
FLR-ACC-100552,Chioma Nwosu,Individual,NG,NGN,Tier2_Verified,2025-10-31,47.77,FLR250214151379,2025-02-14 20:35:12,Friday,20,WEB PURCHASE - LEADWAY ASSURANCE,Leadway Assurance,Insurance,Web Dashboard,157457.96,21.02,7491.98,0.0,NG,0,DEV-4359792468,0,0,Completed,WEB PURCHASE - LEADWAY ASSURANCE,Leadway Assurance,2025,October,31,0.00056,88.17645759999999,114.62939488,1
FLR-ACC-102597,Chioma Green,Individual,DE,EUR,Tier2_Verified,2025-04-29,41.5,FLR250808207589,2025-08-08 18:03:46,Friday,18,INTL WIRE - INTERNATIONAL WIRE REF790903,International Wire,Wire Transfer,Mobile App,221.0,10.06,21.97,0.0,DE,0,DEV-8522488138,0,101,Reversed,INTL WIRE - INTERNATIONAL WIRE REF790903,International Wire Ref790903,2025,April,29,0.84,185.64,241.332,0
FLR-ACC-106305,Greenfield Media LLC,Business,NG,NGN,Tier3_Enhanced,2024-09-16,428.61,FLR260709180423,2026-07-09 11:45:14,Thursday,11,INTL WIRE - INTERNATIONAL WIRE REF946929,International Wire,Wire Transfer,API/Integration,6314560.02,1062.66,5942.24,0.0,NG,0,DEV-7042277465,0,661,Reversed,INTL WIRE - INTERNATIONAL WIRE REF946929,International Wire Ref946929,2024,September,16,0.00056,3536.1536111999994,4596.99969456,0
FLR-ACC-105738,Laura Adeyemi,Individual,NG,NGN,Tier1_Basic,2024-03-27,17.07,FLR251121220273,2025-11-21 08:00:27,Friday,8,MOBILE PURCHASE - EEDC,EEDC,Utilities,Mobile App,50642.39,36.83,1374.91,0.0,NG,0,DEV-9233891580,0,604,Completed,MOBILE PURCHASE - EEDC,Eedc,2024,March,27,0.00056,28.3597384,36.86765992,0
FLR-ACC-106292,Metro Media Co.,Business,NG,NGN,Tier3_Enhanced,2025-01-03,257.99,FLR251228225752,2025-12-28 17:01:15,Sunday,17,INTL WIRE - INTERNATIONAL WIRE REF955448,International Wire,Wire Transfer,Web Dashboard,3049054.38,1.97,1551540.81,1.0,NG,0,DEV-6487056735,0,359,Completed,INTL WIRE - INTERNATIONAL WIRE REF955448,International Wire Ref955448,2025,January,3,0.00056,1707.4704527999995,2219.71158864,0
FLR-ACC-101374,Silverline Logistics Ltd,Business,NG,NGN,Tier2_Verified,2024-09-15,449.48,FLR250420117421,2025-04-20 12:11:09,Sunday,12,NIP TRANSFER TO CHIOMA BROWN,no_merchant,P2P Transfer,Web Dashboard,540230.0,0.22,2503058.77,1.0,NG,0,missing_device,-1,217,Completed,NIP TRANSFER - CHIOMA BROWN,Chioma Brown,2024,September,15,0.00056,302.5288,393.28744,0
FLR-ACC-106179,Funke Nwosu,Individual,NG,NGN,Tier2_Verified,2026-04-10,220.66,FLR251120165359,2025-11-20 13:50:17,Thursday,13,SALARY - NORTH TEXTILES,no_merchant,Payroll Transfer,Card Not Present,2822152.16,8.26,341615.25,1.0,NG,0,DEV-8654245144,0,0,Completed,SALARY - NORTH TEXTILES,North Textiles,2026,April,10,0.00056,1580.4052096,2054.52677248,1
FLR-ACC-100134,Global Consulting LLC,Business,NG,NGN,Tier2_Verified,2025-11-10,242.32,FLR250228143010,2025-02-28 09:34:39,Friday,9,SALARY - BLUEWAVE BUILDERS,no_merchant,Payroll Transfer,Mobile App,4521460.0,3.72,1215232.81,1.0,NG,0,missing_device,-1,0,Reversed,SALARY - BLUEWAVE BUILDERS,Bluewave Builders,2025,November,10,0.00056,2532.0176,3291.6228800000004,1
FLR-ACC-103785,Metro Textiles LLC,Business,NG,NGN,Tier3_Enhanced,2023-04-30,1312.82,FLR250321102737,2025-03-21 08:11:39,Friday,8,WEB PURCHASE - UBER,Uber,Travel,Web Dashboard,5776349.08,43.01,134292.0,0.0,NG,0,missing_device,-1,691,Completed,WEB PURCHASE - UBER,Uber,2023,April,30,0.00056,3234.7554848,4205.18213024,0
FLR-ACC-106271,Bluewave Logistics Ltd,Business,NG,NGN,Tier3_Enhanced,2023-03-17,312.85,FLR250410218949,2025-04-10 09:17:26,Thursday,9,INTL WIRE - INTERNATIONAL WIRE REF635667,International Wire,Wire Transfer,USSD,4387754.87,31.05,141331.52,0.0,NG,0,missing_device,-1,755,Completed,INTL WIRE - INTERNATIONAL WIRE REF635667,International Wire Ref635667,2023,March,17,0.00056,2457.1427272,3194.28554536,0
FLR-ACC-104331,Sarah Williams,Individual,NG,NGN,Tier1_Basic,2025-12-16,58.52,FLR251207176998,2025-12-07 14:26:09,Sunday,14,POS PURCHASE - AMAZON,Amazon,Retail,Card Present,68762.57,39.89,1724.0,0.0,NG,0,DEV-9674469786,0,0,Reversed,POS PURCHASE - AMAZON,Amazon,2025,December,16,0.00056,38.5070392,50.05915096,1
FLR-ACC-105507,Prime Builders Inc,Business,US,USD,Tier2_Verified,2025-01-10,516.29,FLR251209131626,2025-12-09 18:35:55,Tuesday,18,INTL WIRE - INTERNATIONAL WIRE REF542113,International Wire,Wire Transfer,API/Integration,2605.53,0.94,2758.69,1.0,US,0,DEV-5508142470,0,333,Reversed,INTL WIRE - INTERNATIONAL WIRE REF542113,International Wire Ref542113,2025,January,10,0.77,2006.2581,2608.13553,0
FLR-ACC-104170,Global Technologies Inc,Business,NG,NGN,Tier2_Verified,2025-03-06,741.31,FLR260127166270,2026-01-27 18:17:26,Tuesday,18,CNP PURCHASE - AVIVA,Aviva,Insurance,Card Not Present,2408713.25,405.35,5942.24,0.0,NG,0,DEV-8345810788,0,327,Completed,CNP PURCHASE - AVIVA,Aviva,2025,March,6,0.00056,1348.87942,1753.543246,0
FLR-ACC-102776,Mary Eze,Individual,NG,NGN,Tier1_Basic,2023-12-20,66.3,FLR251118105537,2025-11-18 14:14:20,Tuesday,14,SALARY - URBAN TECHNOLOGIES,no_merchant,Payroll Transfer,Mobile App,512791.87,1.58,325278.03,1.0,NG,0,DEV-9077958268,0,699,Completed,SALARY - URBAN TECHNOLOGIES,Urban Technologies,2023,December,20,0.00056,287.16344719999995,373.31248136,0
FLR-ACC-103836,David Hassan,Individual,NG,NGN,Tier3_Enhanced,2023-09-16,69.2,FLR251214187090,2025-12-14 10:50:16,Sunday,10,WEB PURCHASE - BOLT,Bolt,Travel,Web Dashboard,429305.96,0.5,856033.66,0.0,NG,0,DEV-6695565121,0,820,Completed,WEB PURCHASE - BOLT,Bolt,2023,September,16,0.00056,240.4113376,312.53473888,0
FLR-ACC-102554,Apex Consulting LLC,Business,GB,GBP,Tier3_Enhanced,2024-03-31,1276.27,FLR250407201605,2025-04-07 09:20:16,Monday,9,WEB PURCHASE - BRITISH GAS,British Gas,Utilities,Web Dashboard,351.88,0.05,7251.36,1.0,GB,0,DEV-1666829267,0,372,Completed,WEB PURCHASE - BRITISH GAS,British Gas,2024,March,31,1.0,351.88,457.444,0
FLR-ACC-106788,Global Ventures Ltd,Business,US,USD,Tier2_Verified,2025-09-09,312.84,FLR260524225858,2026-05-24 01:08:19,Sunday,1,SALARY - URBAN VENTURES,no_merchant,Payroll Transfer,Mobile App,2220.77,44.36,50.06,0.0,US,0,DEV-8942176166,0,257,Completed,SALARY - URBAN VENTURES,Urban Ventures,2025,September,9,0.77,1709.9929,2222.99077,0
FLR-ACC-105507,Prime Builders Inc,Business,US,USD,Tier2_Verified,2025-01-10,516.29,FLR250727129608,2025-07-27 07:45:51,Sunday,7,WEB PURCHASE - THAMES WATER,Thames Water,Utilities,Web Dashboard,151.16,0.06,2370.31,1.0,US,0,DEV-5508142470,0,198,Completed,WEB PURCHASE - THAMES WATER,Thames Water,2025,January,10,0.77,116.3932,151.31116,0
FLR-ACC-105775,Laura Taylor,Individual,GB,GBP,Tier1_Basic,2022-08-28,99.16,FLR251211157255,2025-12-11 12:25:52,Thursday,12,WEB PURCHASE - CONED,ConEd,Utilities,Web Dashboard,95.14,0.3,318.72,1.0,GB,0,DEV-8440573318,1,1201,Completed,WEB PURCHASE - CONED,Coned,2022,August,28,1.0,95.14,123.682,0
FLR-ACC-103591,Daniel Adeyemi,Individual,DE,EUR,Tier2_Verified,2025-05-23,31.37,FLR251120151551,2025-11-20 12:30:48,Thursday,12,SALARY - PRIME TECHNOLOGIES,no_merchant,Payroll Transfer,Mobile App,218.07,149.36,1.46,0.0,DE,0,DEV-8802476017,0,181,Completed,SALARY - PRIME TECHNOLOGIES,Prime Technologies,2025,May,23,0.84,183.1788,238.13244,0
FLR-ACC-103349,Emeka Chukwu,Individual,US,USD,Tier1_Basic,2026-05-06,201.09,FLR251128165048,2025-11-28 14:19:06,Friday,14,WEB PURCHASE - SPOTIFY,Spotify,Subscription/SaaS,Web Dashboard,11.76,0.07,171.31,1.0,US,0,DEV-4490301819,0,0,Completed,WEB PURCHASE - SPOTIFY,Spotify,2026,May,6,0.77,9.0552,11.77176,1
FLR-ACC-104641,Ifeoma Fashola,Individual,US,USD,Tier2_Verified,2023-07-09,61.5,FLR250527155507,2025-05-27 13:58:34,Tuesday,13,NIP TRANSFER TO DAVID SMITH,no_merchant,P2P Transfer,Card Present,65.0,52.85,1.23,0.0,US,0,DEV-2619947326,0,688,Reversed,NIP TRANSFER - DAVID SMITH,David Smith,2023,July,9,0.77,50.05,65.065,0
FLR-ACC-102017,North Trading LLC,Business,NG,NGN,Tier2_Verified,2026-07-14,54.2,FLR260327179773,2026-03-27 05:46:56,Friday,5,NIP TRANSFER TO JOHN EZE,no_merchant,P2P Transfer,API/Integration,71999.32,0.24,305269.54,1.0,NG,0,DEV-2628099280,0,0,Completed,NIP TRANSFER - JOHN EZE,John Eze,2026,July,14,0.00056,40.3196192,52.41550496,1
FLR-ACC-103606,Amaka Hassan,Individual,NG,NGN,Tier2_Verified,2025-04-10,223.37,FLR250620126257,2025-06-20 17:32:45,Friday,17,MOBILE PURCHASE - ZARA,Zara,Retail,Mobile App,161872.0,0.35,469037.3,1.0,NG,0,DEV-5827025131,0,71,Completed,MOBILE PURCHASE - ZARA,Zara,2025,April,10,0.00056,90.64832,117.842816,0
FLR-ACC-101000,Prime Logistics LLC,Business,NG,NGN,Tier3_Enhanced,2024-01-24,1048.2,FLR250721183371,2025-07-21 07:53:15,Monday,7,INTL WIRE - INTERNATIONAL WIRE REF187157,International Wire,Wire Transfer,Card Not Present,10871401.9,1829.51,5942.24,0.0,NG,0,DEV-6357940925,0,544,Reversed,INTL WIRE - INTERNATIONAL WIRE REF187157,International Wire Ref187157,2024,January,24,0.00056,6087.985064,7914.380583200001,0
FLR-ACC-102951,Musa Eze,Individual,GB,GBP,Tier2_Verified,2026-01-20,81.29,FLR250710170188,2025-07-10 17:43:41,Thursday,17,SALARY - METRO TRADING,no_merchant,Payroll Transfer,Card Not Present,560.68,9.86,56.88,0.0,GB,0,DEV-7605470449,0,0,Completed,SALARY - METRO TRADING,Metro Trading,2026,January,20,1.0,560.68,728.884,1
FLR-ACC-102376,Blessing Obi,Individual,US,USD,Tier3_Enhanced,2025-05-03,36.34,FLR260204134704,2026-02-04 20:26:12,Wednesday,20,NIP TRANSFER TO TOBI CHUKWU,no_merchant,P2P Transfer,Mobile App,17.26,0.25,69.1,1.0,US,0,DEV-4350078585,0,277,Completed,NIP TRANSFER - TOBI CHUKWU,Tobi Chukwu,2025,May,3,0.77,13.290200000000002,17.277260000000002,0
FLR-ACC-103143,John Bello,Individual,NG,NGN,Tier2_Verified,2024-12-28,46.11,FLR260616147273,2026-06-16 23:02:54,Tuesday,23,MOBILE PURCHASE - QUIDAX,Quidax,Crypto Exchange,Mobile App,192073.64,51.32,3742.53,0.0,NG,0,DEV-6641532728,1,535,Completed,MOBILE PURCHASE - QUIDAX,Quidax,2024,December,28,0.00056,107.5612384,139.82960992,0
FLR-ACC-101374,Silverline Logistics Ltd,Business,NG,NGN,Tier2_Verified,2024-09-15,449.48,FLR250630164575,2025-06-30 18:57:07,Monday,18,WEB PURCHASE - CONED,ConEd,Utilities,Web Dashboard,486901.35,0.22,2213541.77,1.0,NG,0,DEV-6618186337,0,288,Completed,WEB PURCHASE - CONED,Coned,2024,September,15,0.00056,272.66475599999995,354.46418279999995,0
FLR-ACC-100300,Peter Adekunle,Individual,US,USD,Tier3_Enhanced,2026-03-24,206.04,FLR260519147272,2026-05-19 20:35:10,Tuesday,20,CNP PURCHASE - EEDC,EEDC,Utilities,Card Not Present,150.4,0.59,255.94,1.0,US,0,DEV-6701960427,1,56,Completed,CNP PURCHASE - EEDC,Eedc,2026,March,24,0.77,115.808,150.55040000000002,0
FLR-ACC-100815,Bluewave Technologies LLC,Business,US,USD,Tier2_Verified,2025-06-30,1481.04,FLR250215212670,2025-02-15 11:09:26,Saturday,11,SALARY - GLOBAL TEXTILES,no_merchant,Payroll Transfer,Web Dashboard,13502.66,200.87,67.22,0.0,US,0,DEV-5732208970,0,0,Completed,SALARY - GLOBAL TEXTILES,Global Textiles,2025,June,30,0.77,10397.0482,13516.16266,1
FLR-ACC-106864,Tunde Okoro,Individual,NG,NGN,Tier2_Verified,2024-09-15,51.44,FLR250928215244,2025-09-28 13:31:44,Sunday,13,MOBILE PURCHASE - RELIANCE HMO,Reliance HMO,Healthcare,Mobile App,123831.91,0.61,204127.54,1.0,NG,0,DEV-7403039043,0,378,Reversed,MOBILE PURCHASE - RELIANCE HMO,Reliance Hmo,2024,September,15,0.00056,69.3458696,90.14963048,0
FLR-ACC-105686,Greenfield Builders Ltd,Business,NG,NGN,Tier3_Enhanced,2025-11-25,453.47,FLR250624210979,2025-06-24 11:21:05,Tuesday,11,INTL WIRE - INTERNATIONAL WIRE REF672784,International Wire,Wire Transfer,Web Dashboard,5203826.0,875.73,5942.24,0.0,NG,0,DEV-8095850269,0,0,Completed,INTL WIRE - INTERNATIONAL WIRE REF672784,International Wire Ref672784,2025,November,25,0.00056,2914.14256,3788.385328,1
FLR-ACC-106006,Apex Consulting Co.,Business,DE,EUR,Tier2_Verified,2023-12-21,211.75,FLR260717117852,2026-07-17 08:51:38,Friday,8,INTL WIRE - INTERNATIONAL WIRE REF251890,International Wire,Wire Transfer,Web Dashboard,5297.74,91.47,57.92,0.0,DE,0,DEV-8823900632,0,939,Completed,INTL WIRE - INTERNATIONAL WIRE REF251890,International Wire Ref251890,2023,December,21,0.84,4450.1016,5785.13208,0
FLR-ACC-103367,Silverline Media LLC,Business,NG,NGN,Tier2_Verified,2026-05-27,890.08,FLR260204217405,2026-02-04 17:30:45,Wednesday,17,SALARY - URBAN RETAIL,no_merchant,Payroll Transfer,Mobile App,8680985.25,56.88,152615.39,0.0,NG,0,DEV-6325342801,1,0,Reversed,SALARY - URBAN RETAIL,Urban Retail,2026,May,27,0.00056,4861.351739999999,6319.757261999999,1
FLR-ACC-102951,Musa Eze,Individual,GB,GBP,Tier2_Verified,2026-01-20,81.29,FLR251127182079,2025-11-27 21:40:36,Thursday,21,USSD PURCHASE - KFC,Kfc,Restaurants,USSD,9.32,0.12,77.35,1.0,GB,0,DEV-7615049480,0,0,Completed,USSD PURCHASE - KFC,Kfc,2026,January,20,1.0,9.32,12.116,1
FLR-ACC-104930,Metro Media LLC,Business,US,USD,Tier3_Enhanced,2024-08-25,1384.1,FLR251224102228,2025-12-24 10:46:09,Wednesday,10,MOBILE PURCHASE - EEDC,EEDC,Utilities,Mobile App,981.44,0.23,4217.28,1.0,US,0,DEV-4703860441,0,486,Completed,MOBILE PURCHASE - EEDC,Eedc,2024,August,25,0.77,755.7088000000001,982.4214400000002,0
FLR-ACC-102100,Urban Technologies LLC,Business,NG,NGN,Tier1_Basic,2025-06-16,1037.76,FLR250810200867,2025-08-10 16:29:59,Sunday,16,MOBILE PURCHASE - BRITISH GAS,British Gas,Utilities,Mobile App,1349403.87,227.09,5942.24,0.0,NG,0,DEV-6499301575,0,55,Reversed,MOBILE PURCHASE - BRITISH GAS,British Gas,2025,June,16,0.00056,755.6661672,982.36601736,0
FLR-ACC-105657,Prime Technologies Inc,Business,NG,NGN,Tier2_Verified,2026-07-27,129.36,FLR251217183450,2025-12-17 08:09:53,Wednesday,8,INTL WIRE - INTERNATIONAL WIRE REF662093,International Wire,Wire Transfer,API/Integration,1884335.15,45.19,41698.5,0.0,NG,0,DEV-4652668228,0,0,Completed,INTL WIRE - INTERNATIONAL WIRE REF662093,International Wire Ref662093,2026,July,27,0.00056,1055.227684,1371.7959892,1
FLR-ACC-100134,Global Consulting LLC,Business,NG,NGN,Tier2_Verified,2025-11-10,242.32,FLR251208216577,2025-12-08 11:35:46,Monday,11,ATM WITHDRAWAL - BARCLAYS ATM,Barclays ATM,ATM Withdrawal,Mobile App,135661.17,0.09,1468197.55,1.0,NG,0,DEV-2644327725,0,28,Reversed,ATM WITHDRAWAL - BARCLAYS ATM,Barclays Atm,2025,November,10,0.00056,75.9702552,98.76133176,0
FLR-ACC-101374,Silverline Logistics Ltd,Business,NG,NGN,Tier2_Verified,2024-09-15,449.48,FLR251123111221,2025-11-23 14:28:38,Sunday,14,SALARY - GLOBAL LOGISTICS,no_merchant,Payroll Transfer,Web Dashboard,5217299.0,2.02,2582176.78,1.0,NG,0,DEV-6618186337,0,434,Reversed,SALARY - GLOBAL LOGISTICS,Global Logistics,2024,September,15,0.00056,2921.68744,3798.193672,0
FLR-ACC-101524,Global Retail Inc,Business,GB,GBP,Tier1_Basic,2026-08-08,667.57,FLR250410131698,2025-04-10 11:02:17,Thursday,11,API PURCHASE - SLOT SYSTEMS,Slot Systems,Electronics,API/Integration,407.13,0.16,2532.93,1.0,GB,0,missing_device,-1,0,Reversed,API PURCHASE - SLOT SYSTEMS,Slot Systems,2026,August,8,1.0,407.13,529.269,1
FLR-ACC-105168,Urban Builders LLC,Business,NG,NGN,Tier2_Verified,2024-07-19,1081.17,FLR251214197451,2025-12-14 12:25:50,Sunday,12,SALARY - PRIME TEXTILES,no_merchant,Payroll Transfer,Web Dashboard,23517863.0,3.88,6067622.96,1.0,NG,0,DEV-2240544904,0,513,Reversed,SALARY - PRIME TEXTILES,Prime Textiles,2024,July,19,0.00056,13170.00328,17121.004264000003,0
FLR-ACC-101374,Silverline Logistics Ltd,Business,NG,NGN,Tier2_Verified,2024-09-15,449.48,FLR251215161135,2025-12-15 13:50:30,Monday,13,MOBILE PURCHASE - KONGA,Konga,Retail,Mobile App,466958.06,0.16,2865556.04,1.0,NG,0,DEV-6618186337,0,456,Completed,MOBILE PURCHASE - KONGA,Konga,2024,September,15,0.00056,261.4965136,339.94546768000004,0
FLR-ACC-106460,Grace Bello,Individual,DE,EUR,Tier3_Enhanced,2025-02-01,41.46,FLR260509143358,2026-05-09 19:38:17,Saturday,19,MOBILE PURCHASE - BINANCE,Binance,Crypto Exchange,Mobile App,160.0,160.0,1.0,0.0,DE,0,DEV-7053166558,0,462,Completed,MOBILE PURCHASE - BINANCE,Binance,2025,February,1,0.84,134.4,174.72000000000003,0
FLR-ACC-102114,Apex Ventures Co.,Business,NG,NGN,Tier3_Enhanced,2023-10-27,924.54,FLR260127134793,2026-01-27 19:19:50,Tuesday,19,SALARY - SILVERLINE CONSULTING,no_merchant,Payroll Transfer,Web Dashboard,15516393.76,2611.2,5942.24,0.0,NG,0,DEV-8933143267,0,823,Reversed,SALARY - SILVERLINE CONSULTING,Silverline Consulting,2023,October,27,0.00056,8689.1805056,11295.93465728,0
FLR-ACC-100773,Apex Consulting Inc,Business,FR,EUR,Tier1_Basic,2026-06-10,311.51,FLR260705210452,2026-07-05 18:56:28,Sunday,18,POS PURCHASE - CONED,ConEd,Utilities,Card Present,262.22,1.93,136.04,1.0,FR,0,DEV-1208698294,0,25,Reversed,POS PURCHASE - CONED,Coned,2026,June,10,0.84,220.2648,286.34424,0
FLR-ACC-106382,Apex Media Inc,Business,DE,EUR,Tier3_Enhanced,2024-09-25,330.56,FLR250626109894,2025-06-26 15:13:47,Thursday,15,MOBILE PURCHASE - ASOS,ASOS,Retail,Mobile App,133.73,0.05,2888.54,0.0,DE,0,DEV-2641298112,0,274,Reversed,MOBILE PURCHASE - ASOS,Asos,2024,September,25,0.84,112.3332,146.03316,0
FLR-ACC-106609,Prime Logistics LLC,Business,NG,NGN,Tier3_Enhanced,2022-12-21,1596.05,FLR260519142323,2026-05-19 14:54:16,Tuesday,14,INTL WIRE - INTERNATIONAL WIRE REF616546,International Wire,Wire Transfer,API/Integration,28583336.62,4810.2,5942.24,0.0,NG,0,DEV-8016760508,0,1245,Reversed,INTL WIRE - INTERNATIONAL WIRE REF616546,International Wire Ref616546,2022,December,21,0.00056,16006.6685072,20808.66905936,0
FLR-ACC-101233,Sunrise Trading Inc,Business,GB,GBP,Tier1_Basic,2026-04-18,999.27,FLR260127169920,2026-01-27 13:33:57,Tuesday,13,INTL WIRE - INTERNATIONAL WIRE REF348610,International Wire,Wire Transfer,Mobile App,8641.67,576.11,15.0,0.0,GB,0,DEV-8725630362,0,0,Reversed,INTL WIRE - INTERNATIONAL WIRE REF348610,International Wire Ref348610,2026,April,18,1.0,8641.67,11234.171,1
FLR-ACC-100320,Urban Foods LLC,Business,NG,NGN,Tier3_Enhanced,2024-12-17,878.46,FLR260801191832,2026-08-01 17:08:05,Saturday,17,INTL WIRE - INTERNATIONAL WIRE REF258296,International Wire,Wire Transfer,API/Integration,8711218.67,22.27,391159.92,0.0,NG,0,DEV-7250413449,0,592,Reversed,INTL WIRE - INTERNATIONAL WIRE REF258296,International Wire Ref258296,2024,December,17,0.00056,4878.282455199999,6341.767191759999,0
FLR-ACC-101374,Silverline Logistics Ltd,Business,NG,NGN,Tier2_Verified,2024-09-15,449.48,FLR260220225959,2026-02-20 22:19:05,Friday,22,INTL WIRE - INTERNATIONAL WIRE REF119591,International Wire,Wire Transfer,Mobile App,2892174.47,1.28,2252541.3,1.0,US,1,DEV-6618186337,0,523,Completed,INTL WIRE - INTERNATIONAL WIRE REF119591,International Wire Ref119591,2024,September,15,0.00056,1619.6177032,2105.50301416,0
FLR-ACC-102269,Metro Consulting Co.,Business,NG,NGN,Tier3_Enhanced,2025-06-17,2486.5,FLR251226197899,2025-12-26 18:45:04,Friday,18,INTL WIRE - INTERNATIONAL WIRE REF743583,International Wire,Wire Transfer,Web Dashboard,108426211.0,1101.27,98456.0,0.0,NG,0,DEV-1794390459,0,192,Reversed,INTL WIRE - INTERNATIONAL WIRE REF743583,International Wire Ref743583,2025,June,17,0.00056,60718.67816,78934.281608,0
FLR-ACC-102569,Musa Balogun,Individual,NG,NGN,Tier1_Basic,2026-06-08,26.18,FLR251211132743,2025-12-11 18:02:10,Thursday,18,MOBILE PURCHASE - BOLT,Bolt,Travel,Mobile App,32268.96,0.64,50117.79,1.0,NG,0,DEV-9073419128,0,0,Reversed,MOBILE PURCHASE - BOLT,Bolt,2026,June,8,0.00056,18.0706176,23.49180288,1
FLR-ACC-102671,Sarah Chukwu,Individual,DE,EUR,Tier2_Verified,2026-03-21,38.08,FLR251028176094,2025-10-28 00:06:28,Tuesday,0,API PURCHASE - ASOS,ASOS,Retail,API/Integration,39.82,39.82,1.0,0.0,DE,0,DEV-1958018190,0,0,Completed,API PURCHASE - ASOS,Asos,2026,March,21,0.84,33.4488,43.48344,1
FLR-ACC-101374,Silverline Logistics Ltd,Business,NG,NGN,Tier2_Verified,2024-09-15,449.48,FLR251213197585,2025-12-13 11:32:36,Saturday,11,API PURCHASE - DSTV,DSTV,Subscription/SaaS,API/Integration,40995.4,0.01,2783229.66,1.0,NG,0,DEV-6618186337,0,454,Reversed,API PURCHASE - DSTV,Dstv,2024,September,15,0.00056,22.957424,29.8446512,0
FLR-ACC-101201,Urban Textiles LLC,Business,GB,GBP,Tier3_Enhanced,2023-10-21,809.67,FLR250413127695,2025-04-13 12:52:33,Sunday,12,SALARY - BLUEWAVE CONSULTING,no_merchant,Payroll Transfer,Web Dashboard,4624.0,0.92,5040.12,1.0,GB,0,DEV-1403089912,0,540,Completed,SALARY - BLUEWAVE CONSULTING,Bluewave Consulting,2023,October,21,1.0,4624.0,6011.2,0
FLR-ACC-100134,Global Consulting LLC,Business,NG,NGN,Tier2_Verified,2025-11-10,242.32,FLR250526135745,2025-05-26 08:52:23,Monday,8,INTL WIRE - INTERNATIONAL WIRE REF574069,International Wire,Wire Transfer,Mobile App,1424367.0,1.03,1387236.75,1.0,NG,0,DEV-2644327725,0,0,Reversed,INTL WIRE - INTERNATIONAL WIRE REF574069,International Wire Ref574069,2025,November,10,0.00056,797.6455199999999,1036.939176,1
FLR-ACC-104975,Daniel Green,Individual,DE,EUR,Tier1_Basic,2025-07-14,103.94,FLR251226214927,2025-12-26 12:28:32,Friday,12,SALARY - NORTH TRADING,no_merchant,Payroll Transfer,Card Not Present,938.0,8.01,117.1,1.0,DE,0,DEV-5983008202,0,165,Completed,SALARY - NORTH TRADING,North Trading,2025,July,14,0.84,787.92,1024.296,0
FLR-ACC-100827,Ngozi Balogun,Individual,FR,EUR,Tier1_Basic,2024-11-02,41.56,FLR251219187217,2025-12-19 22:56:45,Friday,22,USSD PURCHASE - NOTION,Notion,Subscription/SaaS,USSD,1.0,0.02,57.55,1.0,FR,0,DEV-9358605255,0,412,Reversed,USSD PURCHASE - NOTION,Notion,2024,November,2,0.84,0.84,1.092,0
FLR-ACC-101279,Ruth Adeyemi,Individual,US,USD,Tier2_Verified,2023-09-18,52.92,FLR251121199348,2025-11-21 16:07:05,Friday,16,WEB PURCHASE - AMAZON,Amazon,Retail,Web Dashboard,23.0,0.17,136.35,1.0,US,0,DEV-7576806292,0,795,Reversed,WEB PURCHASE - AMAZON,Amazon,2023,September,18,0.77,17.71,23.023000000000003,0
FLR-ACC-100245,Ruth Eze,Individual,NG,NGN,Tier1_Basic,2024-05-26,121.08,FLR250526170450,2025-05-26 13:04:42,Monday,13,SALARY - APEX LOGISTICS,no_merchant,Payroll Transfer,Mobile App,2342718.99,394.25,5942.24,0.0,NG,0,DEV-2362684272,0,365,Completed,SALARY - APEX LOGISTICS,Apex Logistics,2024,May,26,0.00056,1311.9226344,1705.4994247200002,0
FLR-ACC-101995,Funke Hassan,Individual,NG,NGN,Tier2_Verified,2024-07-29,51.77,FLR260731188519,2026-07-31 11:19:13,Friday,11,CNP PURCHASE - DSTV,DSTV,Subscription/SaaS,Card Not Present,11468.63,0.11,106833.44,1.0,NG,0,DEV-6812409510,0,732,Reversed,CNP PURCHASE - DSTV,Dstv,2024,July,29,0.00056,6.422432799999999,8.34916264,0
FLR-ACC-100681,Grace Eze,Individual,NG,NGN,Tier3_Enhanced,2024-11-06,90.52,FLR250707126436,2025-07-07 15:26:47,Monday,15,SALARY - SILVERLINE FOODS,no_merchant,Payroll Transfer,Card Not Present,821870.0,50.26,16353.29,0.0,NG,0,DEV-3172792512,0,243,Reversed,SALARY - SILVERLINE FOODS,Silverline Foods,2024,November,6,0.00056,460.2472,598.32136,0
FLR-ACC-105593,Michael Smith,Individual,NG,NGN,Tier1_Basic,2026-07-16,127.48,FLR250207200813,2025-02-07 07:48:43,Friday,7,NIP TRANSFER TO MUSA SMITH,no_merchant,P2P Transfer,Mobile App,161988.27,5.35,30272.84,0.0,FR,1,DEV-9626012522,0,0,Completed,NIP TRANSFER - MUSA SMITH,Musa Smith,2026,July,16,0.00056,90.7134312,117.92746056,1
FLR-ACC-101994,Metro Textiles LLC,Business,NG,NGN,Tier3_Enhanced,2025-10-05,451.77,FLR251128151877,2025-11-28 07:25:24,Friday,7,SALARY - BLUEWAVE MEDIA,no_merchant,Payroll Transfer,Web Dashboard,2954057.31,497.13,5942.24,0.0,NG,0,DEV-9844821517,0,54,Completed,SALARY - BLUEWAVE MEDIA,Bluewave Media,2025,October,5,0.00056,1654.2720935999998,2150.55372168,0
FLR-ACC-105455,Silverline Media Ltd,Business,GB,GBP,Tier2_Verified,2025-02-04,1049.09,FLR251126132992,2025-11-26 21:32:47,Wednesday,21,INTL WIRE - INTERNATIONAL WIRE REF719299,International Wire,Wire Transfer,Web Dashboard,8785.0,15.96,550.59,1.0,GB,0,DEV-7184583578,0,295,Completed,INTL WIRE - INTERNATIONAL WIRE REF719299,International Wire Ref719299,2025,February,4,1.0,8785.0,11420.5,0
FLR-ACC-105280,Global Technologies Co.,Business,NG,NGN,Tier2_Verified,2023-10-02,661.66,FLR250327151639,2025-03-27 23:28:40,Thursday,23,INTL WIRE - INTERNATIONAL WIRE REF840318,International Wire,Wire Transfer,Web Dashboard,11571988.0,19.84,583346.83,0.0,NG,0,missing_device,-1,542,Reversed,INTL WIRE - INTERNATIONAL WIRE REF840318,International Wire Ref840318,2023,October,2,0.00056,6480.313279999999,8424.407264,0
FLR-ACC-101024,Urban Trading Ltd,Business,NG,NGN,Tier1_Basic,2026-04-26,1216.99,FLR260724106259,2026-07-24 18:05:24,Friday,18,SALARY - URBAN RETAIL,no_merchant,Payroll Transfer,Web Dashboard,7925871.0,1.02,7801938.84,1.0,NG,0,DEV-2419480559,0,89,Completed,SALARY - URBAN RETAIL,Urban Retail,2026,April,26,0.00056,4438.48776,5770.034088,0
FLR-ACC-100581,Sunrise Technologies Inc,Business,US,USD,Tier2_Verified,2025-05-24,285.63,FLR250412138779,2025-04-12 14:10:36,Saturday,14,SALARY - METRO FOODS,no_merchant,Payroll Transfer,Mobile App,778.0,17.3,44.98,0.0,US,0,DEV-1373999055,0,0,Completed,SALARY - METRO FOODS,Metro Foods,2025,May,24,0.77,599.0600000000001,778.7780000000001,1
FLR-ACC-102385,Silverline Trading Co.,Business,US,USD,Tier3_Enhanced,2023-04-09,808.98,FLR251026138944,2025-10-26 19:01:06,Sunday,19,API PURCHASE - EEDC,EEDC,Utilities,API/Integration,669.27,0.57,1167.57,1.0,US,0,DEV-7061388621,0,931,Completed,API PURCHASE - EEDC,Eedc,2023,April,9,0.77,515.3379,669.93927,0
FLR-ACC-106800,John Williams,Individual,GB,GBP,Tier3_Enhanced,2025-09-14,20.24,FLR260314178664,2026-03-14 13:45:16,Saturday,13,MOBILE PURCHASE - LEADWAY ASSURANCE,Leadway Assurance,Insurance,Mobile App,50.8,6.24,8.14,0.0,GB,0,DEV-9671109249,0,181,Reversed,MOBILE PURCHASE - LEADWAY ASSURANCE,Leadway Assurance,2025,September,14,1.0,50.8,66.03999999999999,0
FLR-ACC-105168,Urban Builders LLC,Business,NG,NGN,Tier2_Verified,2024-07-19,1081.17,FLR250420211080,2025-04-20 06:39:02,Sunday,6,MOBILE PURCHASE - CURRYS PC WORLD,Currys PC World,Electronics,Mobile App,2488581.36,0.43,5755752.9,1.0,NG,0,DEV-2240544904,0,275,Completed,MOBILE PURCHASE - CURRYS PC WORLD,Currys Pc World,2024,July,19,0.00056,1393.6055616,1811.6872300800003,0
FLR-ACC-101218,Chidi Balogun,Individual,NG,NGN,Tier2_Verified,2026-01-13,77.86,FLR260824146761,2026-08-24 10:00:53,Monday,10,MOBILE PURCHASE - SLOT SYSTEMS,Slot Systems,Electronics,Mobile App,165167.45,1.11,148305.95,1.0,NG,0,DEV-7735488235,0,223,Completed,MOBILE PURCHASE - SLOT SYSTEMS,Slot Systems,2026,January,13,0.00056,92.493772,120.2419036,0
FLR-ACC-106792,Femi Hassan,Individual,GB,GBP,Tier2_Verified,2026-06-09,94.64,FLR260225177812,2026-02-25 14:05:39,Wednesday,14,WEB PURCHASE - LUNO,Luno,Crypto Exchange,Web Dashboard,390.28,13.57,28.76,0.0,GB,0,DEV-9231795780,0,0,Completed,WEB PURCHASE - LUNO,Luno,2026,June,9,1.0,390.28,507.364,1
FLR-ACC-102887,North Technologies LLC,Business,NG,NGN,Tier2_Verified,2024-10-22,765.83,FLR260223105469,2026-02-23 23:07:22,Monday,23,INTL WIRE - INTERNATIONAL WIRE REF796774,International Wire,Wire Transfer,Mobile App,18273887.47,18.74,974966.57,0.0,NG,0,DEV-3647524833,0,489,Completed,INTL WIRE - INTERNATIONAL WIRE REF796774,International Wire Ref796774,2024,October,22,0.00056,10233.376983199998,13303.39007816,0
FLR-ACC-103944,Laura Adekunle,Individual,NG,NGN,Tier2_Verified,2023-04-30,315.12,FLR250806130977,2025-08-06 09:22:02,Wednesday,9,POS PURCHASE - JUMIA MART,Jumia Mart,Groceries,Card Present,88031.0,0.65,135338.13,0.0,NG,0,DEV-2590442554,0,829,Completed,POS PURCHASE - JUMIA MART,Jumia Mart,2023,April,30,0.00056,49.29736,64.086568,0
FLR-ACC-104863,James Eze,Individual,GB,GBP,Tier2_Verified,2025-06-18,31.86,FLR250414182265,2025-04-14 22:13:27,Monday,22,WEB PURCHASE - MICROSOFT 365,Microsoft 365,Subscription/SaaS,Web Dashboard,2.42,0.06,43.81,0.0,GB,0,missing_device,-1,0,Completed,WEB PURCHASE - MICROSOFT 365,Microsoft 365,2025,June,18,1.0,2.42,3.146,1
FLR-ACC-101463,Chuka Yusuf,Individual,NG,NGN,Tier2_Verified,2025-09-11,28.35,FLR250728116396,2025-07-28 07:45:01,Monday,7,SALARY - URBAN FOODS,no_merchant,Payroll Transfer,API/Integration,186016.0,140.92,1320.0,0.0,NG,0,DEV-4232170293,0,0,Completed,SALARY - URBAN FOODS,Urban Foods,2025,September,11,0.00056,104.16895999999998,135.419648,1
FLR-ACC-101374,Silverline Logistics Ltd,Business,NG,NGN,Tier2_Verified,2024-09-15,449.48,FLR251209181331,2025-12-09 13:01:26,Tuesday,13,WEB PURCHASE - MICROSOFT 365,Microsoft 365,Subscription/SaaS,Web Dashboard,30163.19,0.01,2952165.9,1.0,NG,0,DEV-6618186337,0,450,Completed,WEB PURCHASE - MICROSOFT 365,Microsoft 365,2024,September,15,0.00056,16.8913864,21.95880232,0
FLR-ACC-101995,Funke Hassan,Individual,NG,NGN,Tier2_Verified,2024-07-29,51.77,FLR251216220282,2025-12-16 20:55:14,Tuesday,20,SALARY - APEX CONSULTING,no_merchant,Payroll Transfer,Card Not Present,542037.66,2.85,190391.14,1.0,NG,0,DEV-6812409510,0,505,Reversed,SALARY - APEX CONSULTING,Apex Consulting,2024,July,29,0.00056,303.5410896,394.60341648,0
FLR-ACC-103173,Global Consulting Ltd,Business,NG,NGN,Tier2_Verified,2023-10-14,163.33,FLR250628217217,2025-06-28 16:31:30,Saturday,16,INTL WIRE - INTERNATIONAL WIRE REF227812,International Wire,Wire Transfer,Mobile App,2109346.52,156.64,13466.0,0.0,NG,0,DEV-1916302230,0,623,Reversed,INTL WIRE - INTERNATIONAL WIRE REF227812,International Wire Ref227812,2023,October,14,0.00056,1181.2340511999998,1535.6042665599998,0
FLR-ACC-101282,Mary Brown,Individual,FR,EUR,Tier1_Basic,2025-10-27,157.27,FLR251027211564,2025-10-27 15:33:29,Monday,15,USSD PURCHASE - CURRYS PC WORLD,Currys PC World,Electronics,USSD,495.0,123.75,4.0,0.0,FR,0,DEV-8104238855,0,0,Reversed,USSD PURCHASE - CURRYS PC WORLD,Currys Pc World,2025,October,27,0.84,415.8,540.5400000000001,1
FLR-ACC-100856,Kunle Yusuf,Individual,US,USD,Tier3_Enhanced,2023-10-16,348.83,FLR251211132403,2025-12-11 15:44:50,Thursday,15,USSD PURCHASE - UBER,Uber,Travel,USSD,1212.38,12.59,96.26,0.0,US,0,DEV-2316260118,0,787,Completed,USSD PURCHASE - UBER,Uber,2023,October,16,0.77,933.5326,1213.59238,0
FLR-ACC-101024,Urban Trading Ltd,Business,NG,NGN,Tier1_Basic,2026-04-26,1216.99,FLR260725186570,2026-07-25 13:36:20,Saturday,13,INTL WIRE - INTERNATIONAL WIRE REF473626,International Wire,Wire Transfer,Web Dashboard,36906892.84,4.63,7975766.45,1.0,NG,0,DEV-2419480559,0,90,Completed,INTL WIRE - INTERNATIONAL WIRE REF473626,International Wire Ref473626,2026,April,26,0.00056,20667.8599904,26868.21798752,0
FLR-ACC-101024,Urban Trading Ltd,Business,NG,NGN,Tier1_Basic,2026-04-26,1216.99,FLR260817188608,2026-08-17 17:16:03,Monday,17,API PURCHASE - IKEJA ELECTRIC,Ikeja Electric,Utilities,API/Integration,646117.66,0.09,7557472.07,1.0,NG,0,DEV-5287049027,0,113,Completed,API PURCHASE - IKEJA ELECTRIC,Ikeja Electric,2026,April,26,0.00056,361.8258896,470.37365648,0
FLR-ACC-104094,Ben Williams,Individual,NG,NGN,Tier3_Enhanced,2025-02-26,226.33,FLR250227136492,2025-02-27 20:22:09,Thursday,20,CNP PURCHASE - BOOKING.COM,Booking.com,Travel,Card Not Present,367738.0,0.82,450455.97,1.0,NG,0,DEV-3262924884,0,1,Reversed,CNP PURCHASE - BOOKING.COM,Booking.Com,2025,February,26,0.00056,205.93328,267.713264,0
FLR-ACC-101374,Silverline Logistics Ltd,Business,NG,NGN,Tier2_Verified,2024-09-15,449.48,FLR251120115242,2025-11-20 12:57:53,Thursday,12,API PURCHASE - LEADWAY ASSURANCE,Leadway Assurance,Insurance,API/Integration,667027.0,0.24,2780507.43,2.0,NG,0,DEV-6618186337,0,431,Completed,API PURCHASE - LEADWAY ASSURANCE,Leadway Assurance,2024,September,15,0.00056,373.53512,485.595656,0
FLR-ACC-102140,Sarah Williams,Individual,NG,NGN,Tier3_Enhanced,2023-11-26,149.43,FLR251222195371,2025-12-22 20:13:46,Monday,20,NIP TRANSFER TO YETUNDE ADEYEMI,no_merchant,P2P Transfer,Web Dashboard,267898.0,2.46,108821.96,0.0,NG,0,DEV-9139647314,0,757,Completed,NIP TRANSFER - YETUNDE ADEYEMI,Yetunde Adeyemi,2023,November,26,0.00056,150.02288,195.029744,0
FLR-ACC-102684,Apex Textiles Ltd,Business,GB,GBP,Tier3_Enhanced,2024-05-04,222.41,FLR260802140709,2026-08-02 18:27:44,Sunday,18,POS PURCHASE - DSTV,DSTV,Subscription/SaaS,Card Present,7.51,0.03,239.67,1.0,GB,0,DEV-2439369470,0,820,Reversed,POS PURCHASE - DSTV,Dstv,2024,May,4,1.0,7.51,9.763,0
FLR-ACC-104825,Apex Technologies Ltd,Business,NG,NGN,Tier2_Verified,2025-09-27,169.14,FLR260111216010,2026-01-11 22:11:27,Sunday,22,INTL WIRE - INTERNATIONAL WIRE REF786054,International Wire,Wire Transfer,Web Dashboard,1721525.0,289.71,5942.24,0.0,NG,0,DEV-3380432005,0,106,Reversed,INTL WIRE - INTERNATIONAL WIRE REF786054,International Wire Ref786054,2025,September,27,0.00056,964.054,1253.2702,0
FLR-ACC-103288,Tunde Chukwu,Individual,NG,NGN,Tier3_Enhanced,2022-12-06,6.88,FLR251126114788,2025-11-26 07:11:46,Wednesday,7,CNP PURCHASE - APPLE STORE,Apple Store,Electronics,Card Not Present,14676.0,1.19,12339.5,1.0,NG,0,DEV-6199725807,0,1086,Completed,CNP PURCHASE - APPLE STORE,Apple Store,2022,December,6,0.00056,8.21856,10.684128,0
FLR-ACC-101406,Tunde Smith,Individual,FR,EUR,Tier2_Verified,2025-08-03,32.98,FLR250813179498,2025-08-13 12:21:22,Wednesday,12,POS PURCHASE - EEDC,EEDC,Utilities,Card Present,7.56,0.53,14.28,0.0,FR,0,DEV-2160913247,0,10,Completed,POS PURCHASE - EEDC,Eedc,2025,August,3,0.84,6.3504,8.25552,0
FLR-ACC-100134,Global Consulting LLC,Business,NG,NGN,Tier2_Verified,2025-11-10,242.32,FLR250924219336,2025-09-24 23:33:58,Wednesday,23,WEB PURCHASE - CURRYS PC WORLD,Currys PC World,Electronics,Web Dashboard,945826.05,0.73,1302389.35,1.0,NG,0,DEV-2644327725,0,0,Completed,WEB PURCHASE - CURRYS PC WORLD,Currys Pc World,2025,November,10,0.00056,529.662588,688.5613644000001,1
FLR-ACC-103606,Amaka Hassan,Individual,NG,NGN,Tier2_Verified,2025-04-10,223.37,FLR251119117370,2025-11-19 20:29:59,Wednesday,20,MOBILE PURCHASE - SPOTIFY,Spotify,Subscription/SaaS,Mobile App,13619.93,0.03,488037.12,1.0,NG,0,DEV-1715747413,1,223,Reversed,MOBILE PURCHASE - SPOTIFY,Spotify,2025,April,10,0.00056,7.627160799999999,9.91530904,0
FLR-ACC-102090,Emeka Taylor,Individual,NG,NGN,Tier3_Enhanced,2024-10-22,42.99,FLR260727201500,2026-07-27 10:36:51,Monday,10,MOBILE PURCHASE - UBER,Uber,Travel,Mobile App,186503.0,24.94,7479.18,0.0,NG,0,DEV-2550600990,0,643,Completed,MOBILE PURCHASE - UBER,Uber,2024,October,22,0.00056,104.44168,135.77418400000002,0
FLR-ACC-101218,Chidi Balogun,Individual,NG,NGN,Tier2_Verified,2026-01-13,77.86,FLR250222177408,2025-02-22 12:06:21,Saturday,12,CNP PURCHASE - BRITISH AIRWAYS,British Airways,Travel,Card Not Present,420019.65,8.66,48522.07,0.0,NG,0,DEV-7735488235,0,0,Completed,CNP PURCHASE - BRITISH AIRWAYS,British Airways,2026,January,13,0.00056,235.211004,305.7743052,1
FLR-ACC-106410,John Adeyemi,Individual,NG,NGN,Tier2_Verified,2024-02-10,132.69,FLR251127181260,2025-11-27 14:28:10,Thursday,14,MOBILE PURCHASE - COINBASE,Coinbase,Crypto Exchange,Mobile App,814072.0,38.47,21162.8,0.0,NG,0,DEV-9891631388,0,656,Completed,MOBILE PURCHASE - COINBASE,Coinbase,2024,February,10,0.00056,455.88032,592.644416,0
FLR-ACC-100917,Urban Logistics LLC,Business,NG,NGN,Tier2_Verified,2024-03-23,792.75,FLR251025111472,2025-10-25 12:23:20,Saturday,12,WEB PURCHASE - THAMES WATER,Thames Water,Utilities,Web Dashboard,1329760.08,223.78,5942.24,0.0,NG,0,DEV-6455358340,0,581,Completed,WEB PURCHASE - THAMES WATER,Thames Water,2024,March,23,0.00056,744.6656448,968.06533824,0
FLR-ACC-101024,Urban Trading Ltd,Business,NG,NGN,Tier1_Basic,2026-04-26,1216.99,FLR250428177304,2025-04-28 14:10:41,Monday,14,API PURCHASE - SAINSBURY'S,Sainsbury's,Groceries,API/Integration,600445.21,0.08,7301722.52,1.0,NG,0,missing_device,-1,0,Reversed,API PURCHASE - SAINSBURY'S,Sainsbury'S,2026,April,26,0.00056,336.2493175999999,437.1241128799999,1
FLR-ACC-101374,Silverline Logistics Ltd,Business,NG,NGN,Tier2_Verified,2024-09-15,449.48,FLR251214198539,2025-12-14 23:20:53,Sunday,23,POS PURCHASE - THAMES WATER,Thames Water,Utilities,Card Present,290771.0,0.1,2834931.5,1.0,NG,0,DEV-6618186337,0,455,Completed,POS PURCHASE - THAMES WATER,Thames Water,2024,September,15,0.00056,162.83175999999995,211.681288,0
FLR-ACC-102543,Ben Johnson,Individual,US,USD,Tier1_Basic,2024-07-28,78.44,FLR251030213243,2025-10-30 19:37:57,Thursday,19,SALARY - NORTH VENTURES,no_merchant,Payroll Transfer,Card Not Present,1145.87,2.67,429.22,0.0,US,0,DEV-6023970744,1,459,Reversed,SALARY - NORTH VENTURES,North Ventures,2024,July,28,0.77,882.3199,1147.01587,0
FLR-ACC-102522,Bluewave Builders Ltd,Business,NG,NGN,Tier3_Enhanced,2024-05-16,310.26,FLR260420133596,2026-04-20 17:44:37,Monday,17,WEB PURCHASE - ADOBE CREATIVE CLOUD,Adobe Creative Cloud,Subscription/SaaS,Web Dashboard,51061.75,0.23,222767.0,1.0,NG,0,DEV-4121309683,0,704,Completed,WEB PURCHASE - ADOBE CREATIVE CLOUD,Adobe Creative Cloud,2024,May,16,0.00056,28.59458,37.172954,0
FLR-ACC-101374,Silverline Logistics Ltd,Business,NG,NGN,Tier2_Verified,2024-09-15,449.48,FLR251206153590,2025-12-06 09:34:58,Saturday,9,CNP PURCHASE - ST. NICHOLAS HOSPITAL,St. Nicholas Hospital,Healthcare,Card Not Present,477131.98,0.17,2783198.45,2.0,NG,0,DEV-6618186337,0,447,Completed,CNP PURCHASE - ST. NICHOLAS HOSPITAL,St. Nicholas Hospital,2024,September,15,0.00056,267.1939088,347.35208144,0
FLR-ACC-105360,Greenfield Ventures Inc,Business,NG,NGN,Tier1_Basic,2025-04-05,125.34,FLR250824158072,2025-08-24 04:36:20,Sunday,4,SALARY - SILVERLINE LOGISTICS,no_merchant,Payroll Transfer,Mobile App,1055145.06,13.25,79627.76,0.0,NG,0,DEV-2941611851,0,141,Completed,SALARY - SILVERLINE LOGISTICS,Silverline Logistics,2025,April,5,0.00056,590.8812336,768.14560368,0
FLR-ACC-104558,Blessing Okoro,Individual,GB,GBP,Tier2_Verified,2024-07-24,115.39,FLR250707160174,2025-07-07 00:05:43,Monday,0,SALARY - SILVERLINE TECHNOLOGIES,no_merchant,Payroll Transfer,Card Present,380.06,67.39,5.64,0.0,GB,0,DEV-8021993453,0,348,Completed,SALARY - SILVERLINE TECHNOLOGIES,Silverline Technologies,2024,July,24,1.0,380.06,494.078,0
FLR-ACC-100514,Apex Textiles Co.,Business,US,USD,Tier3_Enhanced,2023-09-21,360.98,FLR250826151063,2025-08-26 11:19:36,Tuesday,11,INTL WIRE - INTERNATIONAL WIRE REF250530,International Wire,Wire Transfer,API/Integration,4219.32,202.17,20.87,0.0,US,0,DEV-3501436162,0,705,Reversed,INTL WIRE - INTERNATIONAL WIRE REF250530,International Wire Ref250530,2023,September,21,0.77,3248.8764,4223.53932,0
FLR-ACC-102187,Sunrise Technologies Inc,Business,GB,GBP,Tier2_Verified,2022-12-13,560.77,FLR260825175411,2026-08-25 10:14:54,Tuesday,10,SALARY - APEX TRADING,no_merchant,Payroll Transfer,API/Integration,2768.0,57.11,48.46,0.0,GB,0,DEV-9990351066,0,1351,Reversed,SALARY - APEX TRADING,Apex Trading,2022,December,13,1.0,2768.0,3598.4,0
FLR-ACC-100763,Chioma Balogun,Individual,FR,EUR,Tier2_Verified,2024-10-07,383.28,FLR260504224923,2026-05-04 08:37:08,Monday,8,WEB PURCHASE - AMAZON,Amazon,Retail,Web Dashboard,273.0,1.03,264.9,1.0,FR,0,DEV-8915883381,0,574,Completed,WEB PURCHASE - AMAZON,Amazon,2024,October,7,0.84,229.32,298.116,0
FLR-ACC-104858,Grace Williams,Individual,NG,NGN,Tier2_Verified,2024-08-22,73.66,FLR250530187197,2025-05-30 08:34:57,Friday,8,NIP TRANSFER TO LAURA BROWN,no_merchant,P2P Transfer,Web Dashboard,116157.77,19.55,5942.24,0.0,NG,0,DEV-6715154723,0,281,Reversed,NIP TRANSFER - LAURA BROWN,Laura Brown,2024,August,22,0.00056,65.0483512,84.56285656,0
FLR-ACC-105464,Amaka Adekunle,Individual,NG,NGN,Tier3_Enhanced,2024-10-04,43.19,FLR260118147197,2026-01-18 13:43:14,Sunday,13,SALARY - URBAN CONSULTING,no_merchant,Payroll Transfer,Mobile App,179773.0,3.24,55530.88,0.0,NG,0,DEV-8031428025,0,471,Completed,SALARY - URBAN CONSULTING,Urban Consulting,2024,October,4,0.00056,100.67288,130.87474400000002,0
FLR-ACC-102308,Ben Okafor,Individual,US,USD,Tier2_Verified,2023-06-16,134.89,FLR260813211274,2026-08-13 18:02:59,Thursday,18,MOBILE PURCHASE - ZARA,Zara,Retail,Mobile App,212.98,30.43,7.0,0.0,NG,1,DEV-5213844943,1,1154,Declined,MOBILE PURCHASE - ZARA,Zara,2023,June,16,0.77,163.9946,213.19298,0
FLR-ACC-103645,Femi Johnson,Individual,NG,NGN,Tier2_Verified,2025-03-30,34.39,FLR251027124152,2025-10-27 19:22:54,Monday,19,WEB PURCHASE - BOLT,Bolt,Travel,Web Dashboard,196818.0,40.47,4863.02,0.0,NG,0,DEV-6677671236,0,211,Completed,WEB PURCHASE - BOLT,Bolt,2025,March,30,0.00056,110.21808,143.283504,0
FLR-ACC-105710,Greenfield Foods Ltd,Business,NG,NGN,Tier3_Enhanced,2024-05-26,666.1,FLR260228139969,2026-02-28 19:39:14,Saturday,19,INTL WIRE - INTERNATIONAL WIRE REF848415,International Wire,Wire Transfer,Card Not Present,8667779.45,0.87,9925301.83,1.0,NG,0,DEV-9586678941,0,643,Reversed,INTL WIRE - INTERNATIONAL WIRE REF848415,International Wire Ref848415,2024,May,26,0.00056,4853.956491999999,6310.1434396,0
FLR-ACC-100134,Global Consulting LLC,Business,NG,NGN,Tier2_Verified,2025-11-10,242.32,FLR250913139445,2025-09-13 17:48:22,Saturday,17,INTL WIRE - INTERNATIONAL WIRE REF422490,International Wire,Wire Transfer,Mobile App,3472497.85,2.36,1470253.01,1.0,NG,0,DEV-2644327725,0,0,Reversed,INTL WIRE - INTERNATIONAL WIRE REF422490,International Wire Ref422490,2025,November,10,0.00056,1944.598796,2527.9784348000003,1
FLR-ACC-100664,Grace Bello,Individual,GB,GBP,Tier2_Verified,2025-11-18,48.91,FLR251221121138,2025-12-21 16:37:06,Sunday,16,MOBILE PURCHASE - KFC,Kfc,Restaurants,Mobile App,5.28,0.17,31.12,1.0,GB,0,DEV-4208400446,0,33,Completed,MOBILE PURCHASE - KFC,Kfc,2025,November,18,1.0,5.28,6.864000000000001,0
FLR-ACC-103337,James Chukwu,Individual,NG,NGN,Tier2_Verified,2025-04-04,96.43,FLR251122164277,2025-11-22 18:52:54,Saturday,18,MOBILE PURCHASE - MICROSOFT 365,Microsoft 365,Subscription/SaaS,Mobile App,8962.87,0.04,230274.55,1.0,NG,0,DEV-1907227440,0,232,Completed,MOBILE PURCHASE - MICROSOFT 365,Microsoft 365,2025,April,4,0.00056,5.0192072,6.524969360000001,0
FLR-ACC-100349,David Nwosu,Individual,NG,NGN,Tier1_Basic,2026-01-03,93.54,FLR251125119694,2025-11-25 14:10:35,Tuesday,14,MOBILE PURCHASE - DOMINO'S PIZZA,Domino's Pizza,Restaurants,Mobile App,51204.51,4.5,11385.0,0.0,NG,0,DEV-5048337018,0,0,Reversed,MOBILE PURCHASE - DOMINO'S PIZZA,Domino'S Pizza,2026,January,3,0.00056,28.6745256,37.27688328,1
FLR-ACC-102017,North Trading LLC,Business,NG,NGN,Tier2_Verified,2026-07-14,54.2,FLR251220113327,2025-12-20 12:37:27,Saturday,12,API PURCHASE - BEST BUY,Best Buy,Electronics,API/Integration,99030.0,0.28,351327.05,0.0,NG,0,DEV-2628099280,0,0,Declined,API PURCHASE - BEST BUY,Best Buy,2026,July,14,0.00056,55.4568,72.09384,1
FLR-ACC-107157,Kemi Nwosu,Individual,DE,EUR,Tier2_Verified,2024-09-10,32.75,FLR250903223411,2025-09-03 09:28:28,Wednesday,9,SALARY - BLUEWAVE FOODS,no_merchant,Payroll Transfer,Card Not Present,178.49,13.73,13.0,0.0,DE,0,DEV-5739004385,0,358,Reversed,SALARY - BLUEWAVE FOODS,Bluewave Foods,2024,September,10,0.84,149.9316,194.91108,0
FLR-ACC-105736,Michael Obi,Individual,US,USD,Tier1_Basic,2026-05-08,64.1,FLR260215111743,2026-02-15 16:28:56,Sunday,16,CNP PURCHASE - MICROSOFT 365,Microsoft 365,Subscription/SaaS,Card Not Present,1.95,1.0,1.95,0.0,US,0,DEV-7205109394,0,0,Reversed,CNP PURCHASE - MICROSOFT 365,Microsoft 365,2026,May,8,0.77,1.5015,1.95195,1
FLR-ACC-101578,Sunrise Textiles Co.,Business,NG,NGN,Tier3_Enhanced,2024-04-19,501.16,FLR260317131722,2026-03-17 12:13:15,Tuesday,12,INTL WIRE - INTERNATIONAL WIRE REF681008,International Wire,Wire Transfer,Card Present,6537801.06,1100.23,5942.24,0.0,NG,0,DEV-3153474921,0,697,Completed,INTL WIRE - INTERNATIONAL WIRE REF681008,International Wire Ref681008,2024,April,19,0.00056,3661.1685936,4759.51917168,0
FLR-ACC-103408,North Builders LLC,Business,NG,NGN,Tier2_Verified,2025-01-04,1382.95,FLR260305163017,2026-03-05 06:21:59,Thursday,6,NIP TRANSFER TO IFEOMA NWOSU,no_merchant,P2P Transfer,Card Not Present,1376244.66,231.6,5942.24,0.0,NG,0,DEV-9660162436,0,425,Completed,NIP TRANSFER - IFEOMA NWOSU,Ifeoma Nwosu,2025,January,4,0.00056,770.6970095999999,1001.90611248,0
FLR-ACC-103059,Tunde Smith,Individual,GB,GBP,Tier1_Basic,2026-08-25,25.8,FLR260505205505,2026-05-05 10:58:09,Tuesday,10,WEB PURCHASE - COINBASE,Coinbase,Crypto Exchange,Web Dashboard,81.0,12.94,6.26,0.0,GB,0,DEV-2376077728,0,0,Reversed,WEB PURCHASE - COINBASE,Coinbase,2026,August,25,1.0,81.0,105.3,1
FLR-ACC-100683,North Builders Ltd,Business,NG,NGN,Tier2_Verified,2024-09-21,737.09,FLR260225143726,2026-02-25 11:52:25,Wednesday,11,SALARY - SILVERLINE CONSULTING,no_merchant,Payroll Transfer,Card Not Present,4445556.03,748.13,5942.24,0.0,NG,0,DEV-5605214884,1,522,Reversed,SALARY - SILVERLINE CONSULTING,Silverline Consulting,2024,September,21,0.00056,2489.5113768,3236.3647898400004,0
FLR-ACC-100468,Michael Hassan,Individual,FR,EUR,Tier3_Enhanced,2024-08-17,22.26,FLR250726101104,2025-07-26 15:40:52,Saturday,15,SALARY - GLOBAL TRADING,no_merchant,Payroll Transfer,Mobile App,266.88,154.27,1.73,0.0,FR,0,DEV-1739655900,0,343,Reversed,SALARY - GLOBAL TRADING,Global Trading,2024,August,17,0.84,224.1792,291.43296000000004,0
FLR-ACC-105285,Chuka Johnson,Individual,NG,NGN,Tier1_Basic,2025-12-27,89.02,FLR250528119866,2025-05-28 21:29:44,Wednesday,21,POS PURCHASE - KFC,KFC,Restaurants,Card Present,25670.53,0.02,1279054.83,1.0,NG,0,missing_device,-1,0,Completed,POS PURCHASE - KFC,Kfc,2025,December,27,0.00056,14.3754968,18.68814584,1
FLR-ACC-105724,Sunrise Ventures Co.,Business,NG,NGN,Tier3_Enhanced,2023-11-03,1003.37,FLR251107176356,2025-11-07 12:37:57,Friday,12,SALARY - NORTH FOODS,no_merchant,Payroll Transfer,Mobile App,3563809.81,599.74,5942.24,0.0,NG,0,DEV-4900787333,0,735,Completed,SALARY - NORTH FOODS,North Foods,2023,November,3,0.00056,1995.7334936,2594.45354168,0
FLR-ACC-101024,Urban Trading Ltd,Business,NG,NGN,Tier1_Basic,2026-04-26,1216.99,FLR251221108321,2025-12-21 09:39:47,Sunday,9,INTL WIRE - INTERNATIONAL WIRE REF681042,International Wire,Wire Transfer,Web Dashboard,37093187.12,5.4,6874129.36,1.0,NG,0,DEV-2419480559,0,0,Reversed,INTL WIRE - INTERNATIONAL WIRE REF681042,International Wire Ref681042,2026,April,26,0.00056,20772.1847872,27003.84022336,1
FLR-ACC-101626,Apex Builders Ltd,Business,NG,NGN,Tier3_Enhanced,2025-02-28,3198.83,FLR250824176729,2025-08-24 20:42:38,Sunday,20,WEB PURCHASE - KONGA,Konga,Retail,Web Dashboard,2602886.58,438.03,5942.24,0.0,NG,0,DEV-5797995613,0,177,Completed,WEB PURCHASE - KONGA,Konga,2025,February,28,0.00056,1457.6164848,1894.90143024,0
FLR-ACC-102993,Blessing Fashola,Individual,NG,NGN,Tier2_Verified,2025-02-24,73.17,FLR250504143110,2025-05-04 22:54:12,Sunday,22,ATM WITHDRAWAL - ZENITH ATM,Zenith ATM,ATM Withdrawal,Card Present,46698.1,0.82,57089.52,0.0,NG,0,missing_device,-1,69,Completed,ATM WITHDRAWAL - ZENITH ATM,Zenith Atm,2025,February,24,0.00056,26.150936,33.996216800000006,0
FLR-ACC-103337,James Chukwu,Individual,NG,NGN,Tier2_Verified,2025-04-04,96.43,FLR250914181012,2025-09-14 11:13:46,Sunday,11,NIP TRANSFER TO EMEKA SMITH,no_merchant,P2P Transfer,USSD,203122.0,0.68,298428.21,1.0,NG,0,DEV-1907227440,0,163,Reversed,NIP TRANSFER - EMEKA SMITH,Emeka Smith,2025,April,4,0.00056,113.74832,147.872816,0
FLR-ACC-100827,Ngozi Balogun,Individual,FR,EUR,Tier1_Basic,2024-11-02,41.56,FLR260202206142,2026-02-02 13:52:32,Monday,13,MOBILE PURCHASE - THAMES WATER,Thames Water,Utilities,Mobile App,35.71,0.56,64.25,1.0,FR,0,DEV-9358605255,0,457,Completed,MOBILE PURCHASE - THAMES WATER,Thames Water,2024,November,2,0.84,29.9964,38.99532,0
FLR-ACC-102376,Blessing Obi,Individual,US,USD,Tier3_Enhanced,2025-05-03,36.34,FLR250227204887,2025-02-27 13:02:06,Thursday,13,WEB PURCHASE - SPOTIFY,Spotify,Subscription/SaaS,Web Dashboard,2.55,0.06,41.62,1.0,US,0,missing_device,-1,0,Completed,WEB PURCHASE - SPOTIFY,Spotify,2025,May,3,0.77,1.9635,2.55255,1
FLR-ACC-101374,Silverline Logistics Ltd,Business,NG,NGN,Tier2_Verified,2024-09-15,449.48,FLR250509179375,2025-05-09 22:48:09,Friday,22,API PURCHASE - BINANCE,Binance,Crypto Exchange,API/Integration,2644373.51,1.53,1726715.72,1.0,NG,0,missing_device,-1,236,Completed,API PURCHASE - BINANCE,Binance,2024,September,15,0.00056,1480.8491655999997,1925.10391528,0
FLR-ACC-102058,Grace Bello,Individual,NG,NGN,Tier2_Verified,2022-11-01,111.39,FLR260421224727,2026-04-21 09:13:54,Tuesday,9,SALARY - URBAN TECHNOLOGIES,no_merchant,Payroll Transfer,Mobile App,1068724.0,39.21,27256.12,0.0,NG,0,DEV-5375305215,1,1267,Completed,SALARY - URBAN TECHNOLOGIES,Urban Technologies,2022,November,1,0.00056,598.4854399999999,778.0310719999999,0
FLR-ACC-104785,Michael Smith,Individual,US,USD,Tier2_Verified,2025-11-17,84.86,FLR250622168974,2025-06-22 16:47:28,Sunday,16,SALARY - APEX VENTURES,no_merchant,Payroll Transfer,Mobile App,542.94,80.2,6.77,0.0,US,0,DEV-1887927794,0,0,Completed,SALARY - APEX VENTURES,Apex Ventures,2025,November,17,0.77,418.06380000000007,543.4829400000001,1
FLR-ACC-102017,North Trading LLC,Business,NG,NGN,Tier2_Verified,2026-07-14,54.2,FLR251124206885,2025-11-24 20:31:18,Monday,20,WEB PURCHASE - GOTV,GOtv,Subscription/SaaS,Web Dashboard,7223.0,0.03,278963.84,1.0,NG,0,DEV-5366168569,0,0,Reversed,WEB PURCHASE - GOTV,Gotv,2026,July,14,0.00056,4.04488,5.258344,1
FLR-ACC-101374,Silverline Logistics Ltd,Business,NG,NGN,Tier2_Verified,2024-09-15,449.48,FLR250725134898,2025-07-25 19:34:01,Friday,19,WEB PURCHASE - APPLE STORE,Apple Store,Electronics,Web Dashboard,844222.33,0.34,2457975.03,1.0,NG,0,DEV-6618186337,0,313,Completed,WEB PURCHASE - APPLE STORE,Apple Store,2024,September,15,0.00056,472.7645048,614.59385624,0
FLR-ACC-101034,Ruth Fashola,Individual,NG,NGN,Tier2_Verified,2026-01-28,51.52,FLR251126221216,2025-11-26 11:50:40,Wednesday,11,USSD PURCHASE - CONED,ConEd,Utilities,USSD,66590.24,1.18,56453.0,0.0,NG,0,DEV-6372135808,0,0,Completed,USSD PURCHASE - CONED,Coned,2026,January,28,0.00056,37.2905344,48.47769472,1
FLR-ACC-104103,John Hassan,Individual,US,USD,Tier3_Enhanced,2024-09-15,12.79,FLR260616217993,2026-06-16 04:45:07,Tuesday,4,NIP TRANSFER TO MUSA BROWN,no_merchant,P2P Transfer,Card Not Present,31.59,31.59,0.53,0.0,US,0,DEV-6378722145,0,639,Completed,NIP TRANSFER - MUSA BROWN,Musa Brown,2024,September,15,0.77,24.3243,31.62159,0
FLR-ACC-104836,Global Foods Ltd,Business,NG,NGN,Tier2_Verified,2025-09-06,98.81,FLR251129193295,2025-11-29 04:48:16,Saturday,4,INTL WIRE - INTERNATIONAL WIRE REF139031,International Wire,Wire Transfer,API/Integration,1368674.0,230.33,5942.24,0.0,NG,0,DEV-4940227231,0,84,Reversed,INTL WIRE - INTERNATIONAL WIRE REF139031,International Wire Ref139031,2025,September,6,0.00056,766.4574399999999,996.394672,0
FLR-ACC-101374,Silverline Logistics Ltd,Business,NG,NGN,Tier2_Verified,2024-09-15,449.48,FLR251219206736,2025-12-19 18:45:23,Friday,18,SALARY - PRIME RETAIL,no_merchant,Payroll Transfer,Web Dashboard,11007633.18,3.73,2950144.37,1.0,NG,0,DEV-6618186337,0,460,Reversed,SALARY - PRIME RETAIL,Prime Retail,2024,September,15,0.00056,6164.274580799999,8013.556955039999,0
FLR-ACC-102099,Olu Chukwu,Individual,NG,NGN,Tier2_Verified,2023-11-08,44.93,FLR250729173503,2025-07-29 13:41:37,Tuesday,13,NIP TRANSFER TO JOHN OKAFOR,no_merchant,P2P Transfer,Card Not Present,99290.91,1.45,68687.25,0.0,NG,0,DEV-1239712195,0,629,Reversed,NIP TRANSFER - JOHN OKAFOR,John Okafor,2023,November,8,0.00056,55.6029096,72.28378248,0
FLR-ACC-104491,Metro Retail Ltd,Business,NG,NGN,Tier1_Basic,2025-10-28,792.58,FLR250423113983,2025-04-23 04:51:51,Wednesday,4,NIP TRANSFER TO TOBI ADEYEMI,no_merchant,P2P Transfer,Web Dashboard,1117155.0,17.72,63061.41,0.0,NG,0,DEV-4035704327,0,0,Reversed,NIP TRANSFER - TOBI ADEYEMI,Tobi Adeyemi,2025,October,28,0.00056,625.6067999999999,813.2888399999999,1
FLR-ACC-102895,North Consulting Ltd,Business,NG,NGN,Tier3_Enhanced,2024-04-17,595.12,FLR251230106496,2025-12-30 09:30:39,Tuesday,9,API PURCHASE - LUNO,Luno,Crypto Exchange,API/Integration,1616472.25,7.2,224551.14,0.0,NG,0,DEV-5863153086,0,622,Completed,API PURCHASE - LUNO,Luno,2024,April,17,0.00056,905.22446,1176.791798,0
FLR-ACC-101000,Prime Logistics LLC,Business,NG,NGN,Tier3_Enhanced,2024-01-24,1048.2,FLR260731189896,2026-07-31 19:49:57,Friday,19,WEB PURCHASE - BRITISH GAS,British Gas,Utilities,Web Dashboard,1100640.11,185.22,5942.24,0.0,NG,0,DEV-6357940925,0,919,Completed,WEB PURCHASE - BRITISH GAS,British Gas,2024,January,24,0.00056,616.3584616,801.2660000800001,0
FLR-ACC-101194,Musa Eze,Individual,DE,EUR,Tier3_Enhanced,2024-03-19,64.93,FLR260727219609,2026-07-27 09:29:30,Monday,9,SALARY - PRIME MEDIA,no_merchant,Payroll Transfer,Card Present,852.14,17.91,47.58,0.0,DE,0,DEV-8540932491,0,860,Reversed,SALARY - PRIME MEDIA,Prime Media,2024,March,19,0.84,715.7976,930.53688,0
FLR-ACC-100344,Chuka Yusuf,Individual,US,USD,Tier1_Basic,2025-05-01,84.34,FLR250707155911,2025-07-07 08:16:43,Monday,8,SALARY - PRIME VENTURES,no_merchant,Payroll Transfer,Mobile App,303.58,50.6,6.0,0.0,US,0,DEV-6274792193,0,67,Completed,SALARY - PRIME VENTURES,Prime Ventures,2025,May,1,0.77,233.7566,303.88358,0
FLR-ACC-105432,Ruth Smith,Individual,US,USD,Tier1_Basic,2024-11-14,48.53,FLR250728101458,2025-07-28 19:19:01,Monday,19,POS PURCHASE - BEST BUY,Best Buy,Electronics,Card Present,115.6,33.03,3.5,0.0,DE,1,DEV-8767871916,0,256,Completed,POS PURCHASE - BEST BUY,Best Buy,2024,November,14,0.77,89.012,115.7156,0
FLR-ACC-100192,Mary Johnson,Individual,FR,EUR,Tier3_Enhanced,2024-01-02,27.02,FLR251125152295,2025-11-25 18:16:15,Tuesday,18,USSD PURCHASE - CONED,ConEd,Utilities,USSD,29.66,2.56,11.58,1.0,FR,0,DEV-7374759780,0,693,Completed,USSD PURCHASE - CONED,Coned,2024,January,2,0.84,24.9144,32.38872,0
FLR-ACC-106116,Greenfield Builders Ltd,Business,NG,NGN,Tier1_Basic,2025-11-30,62.43,FLR251008185507,2025-10-08 12:26:12,Wednesday,12,NIP TRANSFER TO MARY BELLO,no_merchant,P2P Transfer,Mobile App,159749.74,22.05,7243.82,0.0,NG,0,DEV-2526786995,0,0,Reversed,NIP TRANSFER - MARY BELLO,Mary Bello,2025,November,30,0.00056,89.45985439999998,116.29781072,1
FLR-ACC-102209,Kunle Taylor,Individual,NG,NGN,Tier2_Verified,2026-07-01,51.88,FLR251121182516,2025-11-21 20:03:50,Friday,20,SALARY - APEX BUILDERS,no_merchant,Payroll Transfer,Card Present,460809.37,57.43,8024.33,0.0,NG,0,DEV-2042762707,0,0,Reversed,SALARY - APEX BUILDERS,Apex Builders,2026,July,1,0.00056,258.0532472,335.46922136,1
FLR-ACC-105885,Global Retail LLC,Business,NG,NGN,Tier2_Verified,2026-01-16,645.86,FLR251013140280,2025-10-13 16:55:20,Monday,16,CNP PURCHASE - UBER,Uber,Travel,Card Not Present,1590037.29,0.09,18161627.2,1.0,NG,0,DEV-6406971529,0,0,Completed,CNP PURCHASE - UBER,Uber,2026,January,16,0.00056,890.4208824,1157.54714712,1
FLR-ACC-104310,Metro Media Ltd,Business,GB,GBP,Tier2_Verified,2025-08-09,301.19,FLR250301205103,2025-03-01 14:02:04,Saturday,14,NIP TRANSFER TO KEMI SMITH,no_merchant,P2P Transfer,API/Integration,288.0,1.0,288.0,0.0,GB,0,DEV-2588988868,0,0,Reversed,NIP TRANSFER - KEMI SMITH,Kemi Smith,2025,August,9,1.0,288.0,374.4,1
FLR-ACC-105414,Ruth Yusuf,Individual,NG,NGN,Tier2_Verified,2024-06-01,65.56,FLR251204202918,2025-12-04 01:41:31,Thursday,1,MOBILE PURCHASE - GOTV,GOtv,Subscription/SaaS,Mobile App,6026.32,0.27,22178.81,0.0,NG,0,DEV-4996065531,0,551,Completed,MOBILE PURCHASE - GOTV,Gotv,2024,June,1,0.00056,3.3747392,4.38716096,0
FLR-ACC-106347,Funke Balogun,Individual,DE,EUR,Tier1_Basic,2026-04-27,61.78,FLR251007102394,2025-10-07 07:07:23,Tuesday,7,SALARY - METRO TEXTILES,no_merchant,Payroll Transfer,Mobile App,155.0,22.53,6.88,0.0,DE,0,DEV-7500727399,0,0,Reversed,SALARY - METRO TEXTILES,Metro Textiles,2026,April,27,0.84,130.2,169.26,1
FLR-ACC-106614,Ben Okafor,Individual,DE,EUR,Tier3_Enhanced,2024-09-16,14.66,FLR260524143627,2026-05-24 09:31:25,Sunday,9,WEB PURCHASE - KFC,KFC,Restaurants,Web Dashboard,1.98,0.06,33.12,1.0,DE,0,DEV-5581202142,0,615,Reversed,WEB PURCHASE - KFC,Kfc,2024,September,16,0.84,1.6632,2.16216,0
FLR-ACC-106335,Urban Consulting Inc,Business,NG,NGN,Tier1_Basic,2024-09-05,476.79,FLR260420137961,2026-04-20 09:18:46,Monday,9,WEB PURCHASE - WHOLE FOODS,Whole Foods,Groceries,Web Dashboard,447874.34,9.82,45618.0,0.0,NG,0,DEV-5225467822,0,592,Reversed,WEB PURCHASE - WHOLE FOODS,Whole Foods,2024,September,5,0.00056,250.8096304,326.05251952000003,0
FLR-ACC-104368,Sunrise Foods Co.,Business,NG,NGN,Tier2_Verified,2023-05-18,98.0,FLR250204213212,2025-02-04 11:28:37,Tuesday,11,SALARY - SILVERLINE CONSULTING,no_merchant,Payroll Transfer,Card Present,1395637.46,206.26,6766.29,0.0,NG,0,DEV-1897728921,0,628,Completed,SALARY - SILVERLINE CONSULTING,Silverline Consulting,2023,May,18,0.00056,781.5569775999999,1016.0240708799998,0
FLR-ACC-100134,Global Consulting LLC,Business,NG,NGN,Tier2_Verified,2025-11-10,242.32,FLR250309108996,2025-03-09 10:40:29,Sunday,10,WEB PURCHASE - NOTION,Notion,Subscription/SaaS,Web Dashboard,25388.0,0.02,1371351.09,1.0,NG,0,missing_device,-1,0,Reversed,WEB PURCHASE - NOTION,Notion,2025,November,10,0.00056,14.21728,18.482464,1
FLR-ACC-105823,Emeka Okafor,Individual,US,USD,Tier3_Enhanced,2025-04-05,53.03,FLR251010179084,2025-10-10 09:01:05,Friday,9,MOBILE PURCHASE - WHOLE FOODS,Whole Foods,Groceries,Mobile App,25.0,0.27,93.95,0.0,US,0,DEV-1178256981,0,188,Completed,MOBILE PURCHASE - WHOLE FOODS,Whole Foods,2025,April,5,0.77,19.25,25.025,0
FLR-ACC-100876,Global Ventures Inc,Business,NG,NGN,Tier1_Basic,2025-07-15,789.72,FLR260510198443,2026-05-10 20:12:37,Sunday,20,INTL WIRE - INTERNATIONAL WIRE REF318174,International Wire,Wire Transfer,USSD,7233365.75,1217.28,5942.24,0.0,NG,0,DEV-1854133345,0,299,Reversed,INTL WIRE - INTERNATIONAL WIRE REF318174,International Wire Ref318174,2025,July,15,0.00056,4050.68482,5265.890266,0
FLR-ACC-101374,Silverline Logistics Ltd,Business,NG,NGN,Tier2_Verified,2024-09-15,449.48,FLR251128140129,2025-11-28 20:19:44,Friday,20,SALARY - NORTH TECHNOLOGIES,no_merchant,Payroll Transfer,Mobile App,3564054.57,1.29,2760149.92,1.0,NG,0,DEV-6618186337,0,439,Completed,SALARY - NORTH TECHNOLOGIES,North Technologies,2024,September,15,0.00056,1995.8705592,2594.63172696,0
FLR-ACC-101159,Chuka Brown,Individual,NG,NGN,Tier1_Basic,2025-10-29,45.47,FLR260720196606,2026-07-20 12:06:32,Monday,12,SALARY - GLOBAL MEDIA,no_merchant,Payroll Transfer,Web Dashboard,125087.88,1.12,111702.86,0.0,NG,0,DEV-5777349323,0,264,Reversed,SALARY - GLOBAL MEDIA,Global Media,2025,October,29,0.00056,70.04921279999999,91.06397664,0
FLR-ACC-101953,Urban Foods Co.,Business,NG,NGN,Tier3_Enhanced,2025-02-08,754.79,FLR251216102142,2025-12-16 11:04:25,Tuesday,11,SALARY - GREENFIELD FOODS,no_merchant,Payroll Transfer,Web Dashboard,3799821.68,639.46,5942.24,0.0,NG,0,DEV-5763807778,0,311,Reversed,SALARY - GREENFIELD FOODS,Greenfield Foods,2025,February,8,0.00056,2127.9001408,2766.27018304,0
FLR-ACC-104894,Apex Consulting Inc,Business,FR,EUR,Tier2_Verified,2022-04-23,1365.16,FLR250526151153,2025-05-26 22:10:32,Monday,22,MOBILE PURCHASE - AXA MANSARD,AXA Mansard,Insurance,Mobile App,832.0,0.18,4522.9,1.0,FR,0,DEV-4556161671,0,1129,Reversed,MOBILE PURCHASE - AXA MANSARD,Axa Mansard,2022,April,23,0.84,698.88,908.544,0
FLR-ACC-101168,Grace Johnson,Individual,FR,EUR,Tier3_Enhanced,2024-02-15,64.36,FLR250624103397,2025-06-24 08:15:28,Tuesday,8,SALARY - APEX MEDIA,no_merchant,Payroll Transfer,Web Dashboard,545.0,55.11,9.89,0.0,FR,0,DEV-5613713995,0,495,Completed,SALARY - APEX MEDIA,Apex Media,2024,February,15,0.84,457.8,595.14,0
FLR-ACC-103708,Bluewave Textiles Ltd,Business,US,USD,Tier3_Enhanced,2023-11-19,165.95,FLR250217222105,2025-02-17 16:21:59,Monday,16,WEB PURCHASE - BRITISH AIRWAYS,British Airways,Travel,Web Dashboard,752.0,8.18,91.89,1.0,US,0,DEV-9012081640,0,456,Completed,WEB PURCHASE - BRITISH AIRWAYS,British Airways,2023,November,19,0.77,579.04,752.752,0
FLR-ACC-101024,Urban Trading Ltd,Business,NG,NGN,Tier1_Basic,2026-04-26,1216.99,FLR260426140966,2026-04-26 19:42:20,Sunday,19,SALARY - BLUEWAVE TECHNOLOGIES,no_merchant,Payroll Transfer,Web Dashboard,5715230.0,1.03,5525214.35,0.0,NG,0,DEV-5287049027,0,0,Completed,SALARY - BLUEWAVE TECHNOLOGIES,Bluewave Technologies,2026,April,26,0.00056,3200.5288,4160.687440000001,1
FLR-ACC-101024,Urban Trading Ltd,Business,NG,NGN,Tier1_Basic,2026-04-26,1216.99,FLR250325125691,2025-03-25 19:07:17,Tuesday,19,SALARY - URBAN VENTURES,no_merchant,Payroll Transfer,Card Not Present,4341831.47,0.53,8187115.04,1.0,NG,0,DEV-5287049027,0,0,Reversed,SALARY - URBAN VENTURES,Urban Ventures,2026,April,26,0.00056,2431.4256232,3160.85331016,1
FLR-ACC-104847,Prime Ventures Inc,Business,NG,NGN,Tier1_Basic,2025-07-04,3614.42,FLR250917205409,2025-09-17 12:28:25,Wednesday,12,MOBILE PURCHASE - AVIVA,Aviva,Insurance,Mobile App,6861284.52,1154.66,5942.24,0.0,NG,0,DEV-2119900938,0,75,Completed,MOBILE PURCHASE - AVIVA,Aviva,2025,July,4,0.00056,3842.3193312,4995.01513056,0
FLR-ACC-105325,Emeka Okoro,Individual,US,USD,Tier2_Verified,2024-08-24,125.01,FLR251223185077,2025-12-23 10:06:17,Tuesday,10,SALARY - SUNRISE TRADING,no_merchant,Payroll Transfer,Card Present,1206.13,110.96,10.87,0.0,US,0,DEV-4392861624,0,486,Reversed,SALARY - SUNRISE TRADING,Sunrise Trading,2024,August,24,0.77,928.7201,1207.33613,0
FLR-ACC-101374,Silverline Logistics Ltd,Business,NG,NGN,Tier2_Verified,2024-09-15,449.48,FLR251109107043,2025-11-09 19:46:59,Sunday,19,INTL WIRE - INTERNATIONAL WIRE REF581299,International Wire,Wire Transfer,API/Integration,4424216.0,1.68,2633740.09,2.0,NG,0,DEV-6618186337,0,420,Reversed,INTL WIRE - INTERNATIONAL WIRE REF581299,International Wire Ref581299,2024,September,15,0.00056,2477.56096,3220.829248,0
FLR-ACC-103498,Bluewave Builders LLC,Business,NG,NGN,Tier3_Enhanced,2024-09-13,248.23,FLR250615154215,2025-06-15 19:12:59,Sunday,19,SALARY - URBAN FOODS,no_merchant,Payroll Transfer,API/Integration,3196970.4,2.26,1411827.22,1.0,NG,0,DEV-8622600273,0,275,Completed,SALARY - URBAN FOODS,Urban Foods,2024,September,13,0.00056,1790.3034239999995,2327.3944512,0
FLR-ACC-100535,James Okoro,Individual,NG,NGN,Tier2_Verified,2024-04-13,61.89,FLR251201203100,2025-12-01 22:06:23,Monday,22,MOBILE PURCHASE - JUMIA,Jumia,Retail,Mobile App,215495.66,36.27,5942.24,0.0,NG,0,DEV-1760372150,0,597,Completed,MOBILE PURCHASE - JUMIA,Jumia,2024,April,13,0.00056,120.6775696,156.88084048,0
FLR-ACC-103895,Kemi Smith,Individual,NG,NGN,Tier3_Enhanced,2025-10-29,101.61,FLR250418178870,2025-04-18 07:46:42,Friday,7,SALARY - APEX LOGISTICS,no_merchant,Payroll Transfer,Mobile App,973212.42,163.78,5942.24,0.0,NG,0,missing_device,-1,0,Reversed,SALARY - APEX LOGISTICS,Apex Logistics,2025,October,29,0.00056,544.9989552,708.4986417599999,1
FLR-ACC-106936,Metro Builders Ltd,Business,DE,EUR,Tier1_Basic,2026-04-21,48.52,FLR251116115089,2025-11-16 07:38:41,Sunday,7,API PURCHASE - NOTION,Notion,Subscription/SaaS,API/Integration,7.16,0.03,281.06,1.0,DE,0,DEV-1180466194,0,0,Reversed,API PURCHASE - NOTION,Notion,2026,April,21,0.84,6.0144,7.818720000000001,1
FLR-ACC-101470,Grace Fashola,Individual,NG,NGN,Tier3_Enhanced,2025-01-19,115.58,FLR251104130571,2025-11-04 19:05:54,Tuesday,19,INTL WIRE - INTERNATIONAL WIRE REF723667,International Wire,Wire Transfer,Mobile App,2346654.5,52.15,45000.12,0.0,NG,0,DEV-9092413140,0,289,Completed,INTL WIRE - INTERNATIONAL WIRE REF723667,International Wire Ref723667,2025,January,19,0.00056,1314.1265199999998,1708.3644759999995,0
FLR-ACC-101604,Daniel Obi,Individual,GB,GBP,Tier1_Basic,2025-08-13,66.77,FLR250426137651,2025-04-26 12:37:33,Saturday,12,CNP PURCHASE - CURRYS PC WORLD,Currys PC World,Electronics,Card Not Present,65.16,3.13,20.78,0.0,GB,0,missing_device,-1,0,Completed,CNP PURCHASE - CURRYS PC WORLD,Currys Pc World,2025,August,13,1.0,65.16,84.708,1
FLR-ACC-104223,Tobi Taylor,Individual,NG,NGN,Tier2_Verified,2025-11-25,12.03,FLR260725101979,2026-07-25 11:34:27,Saturday,11,SALARY - BLUEWAVE MEDIA,no_merchant,Payroll Transfer,Card Not Present,396241.6,42.95,9225.44,0.0,NG,0,DEV-7334830570,0,242,Reversed,SALARY - BLUEWAVE MEDIA,Bluewave Media,2025,November,25,0.00056,221.895296,288.4638848,0
FLR-ACC-107081,Peter Yusuf,Individual,GB,GBP,Tier1_Basic,2026-06-27,12.6,FLR250625132410,2025-06-25 21:37:12,Wednesday,21,MOBILE PURCHASE - CONED,ConEd,Utilities,Mobile App,3.08,0.84,3.65,0.0,GB,0,DEV-2488596297,0,0,Completed,MOBILE PURCHASE - CONED,Coned,2026,June,27,1.0,3.08,4.004,1
FLR-ACC-100134,Global Consulting LLC,Business,NG,NGN,Tier2_Verified,2025-11-10,242.32,FLR250226182908,2025-02-26 14:25:27,Wednesday,14,INTL WIRE - INTERNATIONAL WIRE REF504231,International Wire,Wire Transfer,Mobile App,1440258.46,1.19,1212410.32,1.0,NG,0,DEV-2644327725,0,0,Reversed,INTL WIRE - INTERNATIONAL WIRE REF504231,International Wire Ref504231,2025,November,10,0.00056,806.5447376,1048.50815888,1
FLR-ACC-104391,Prime Trading Co.,Business,NG,NGN,Tier3_Enhanced,2024-02-18,646.52,FLR260827206106,2026-08-27 11:50:01,Thursday,11,INTL WIRE - INTERNATIONAL WIRE REF293020,International Wire,Wire Transfer,USSD,8605704.03,2.48,3467774.48,1.0,NG,0,DEV-2449649753,1,921,Reversed,INTL WIRE - INTERNATIONAL WIRE REF293020,International Wire Ref293020,2024,February,18,0.00056,4819.1942568,6264.952533840001,0
FLR-ACC-101024,Urban Trading Ltd,Business,NG,NGN,Tier1_Basic,2026-04-26,1216.99,FLR250319134119,2025-03-19 18:53:16,Wednesday,18,API PURCHASE - SLACK,Slack,Subscription/SaaS,API/Integration,40776.9,0.01,6953197.07,1.0,NG,0,DEV-2419480559,0,0,Completed,API PURCHASE - SLACK,Slack,2026,April,26,0.00056,22.835064,29.6855832,1
FLR-ACC-103707,Peter Smith,Individual,NG,NGN,Tier1_Basic,2025-11-09,53.98,FLR260101224018,2026-01-01 11:45:25,Thursday,11,SALARY - GLOBAL TECHNOLOGIES,no_merchant,Payroll Transfer,Web Dashboard,272547.71,12.13,22467.94,0.0,NG,0,DEV-2612295668,0,53,Completed,SALARY - GLOBAL TECHNOLOGIES,Global Technologies,2025,November,9,0.00056,152.6267176,198.41473288,0
FLR-ACC-104577,Chuka Obi,Individual,NG,NGN,Tier2_Verified,2026-03-05,48.11,FLR250626191782,2025-06-26 08:53:40,Thursday,8,SALARY - APEX TECHNOLOGIES,no_merchant,Payroll Transfer,Card Not Present,1097103.37,377.45,2906.62,0.0,NG,0,DEV-4285166563,0,0,Reversed,SALARY - APEX TECHNOLOGIES,Apex Technologies,2026,March,5,0.00056,614.3778872,798.69125336,1
FLR-ACC-101374,Silverline Logistics Ltd,Business,NG,NGN,Tier2_Verified,2024-09-15,449.48,FLR251216133933,2025-12-16 15:05:06,Tuesday,15,CNP PURCHASE - JUMIA MART,Jumia Mart,Groceries,Card Not Present,487310.14,0.17,2928506.11,1.0,NG,0,DEV-6618186337,0,457,Completed,CNP PURCHASE - JUMIA MART,Jumia Mart,2024,September,15,0.00056,272.8936784,354.76178192000003,0
FLR-ACC-103601,Michael Green,Individual,NG,NGN,Tier2_Verified,2025-03-09,21.07,FLR260214169368,2026-02-14 23:16:28,Saturday,23,SALARY - PRIME VENTURES,no_merchant,Payroll Transfer,Web Dashboard,318039.0,143.05,2223.32,0.0,NG,0,DEV-2123278853,0,342,Reversed,SALARY - PRIME VENTURES,Prime Ventures,2025,March,9,0.00056,178.10183999999998,231.532392,0
FLR-ACC-101047,North Trading LLC,Business,NG,NGN,Tier3_Enhanced,2024-02-04,1388.37,FLR251027129976,2025-10-27 19:38:55,Monday,19,POS PURCHASE - APPLE STORE ONLINE,Apple Store Online,Retail,Card Present,775843.83,130.56,5942.24,0.0,NG,0,DEV-1949173772,0,631,Reversed,POS PURCHASE - APPLE STORE ONLINE,Apple Store Online,2024,February,4,0.00056,434.4725447999999,564.81430824,0
FLR-ACC-105507,Prime Builders Inc,Business,US,USD,Tier2_Verified,2025-01-10,516.29,FLR260426156373,2026-04-26 10:42:02,Sunday,10,SALARY - METRO FOODS,no_merchant,Payroll Transfer,Web Dashboard,4320.33,1.6,2693.73,1.0,US,0,DEV-5508142470,0,471,Completed,SALARY - METRO FOODS,Metro Foods,2025,January,10,0.77,3326.6541,4324.65033,0
FLR-ACC-106037,James Bello,Individual,DE,EUR,Tier3_Enhanced,2025-01-07,88.99,FLR260424125666,2026-04-24 17:00:17,Friday,17,WEB PURCHASE - NETFLIX,Netflix,Subscription/SaaS,Web Dashboard,4.0,0.07,53.95,1.0,DE,0,DEV-5738412130,0,472,Completed,WEB PURCHASE - NETFLIX,Netflix,2025,January,7,0.84,3.36,4.368,0
FLR-ACC-106409,James Adekunle,Individual,GB,GBP,Tier2_Verified,2024-05-01,116.01,FLR250725156182,2025-07-25 10:49:40,Friday,10,USSD PURCHASE - MICROSOFT 365,Microsoft 365,Subscription/SaaS,USSD,8.12,0.17,48.06,1.0,GB,0,DEV-9433150171,0,450,Completed,USSD PURCHASE - MICROSOFT 365,Microsoft 365,2024,May,1,1.0,8.12,10.556,0
FLR-ACC-103031,Bluewave Logistics Co.,Business,NG,NGN,Tier2_Verified,2025-12-19,238.29,FLR260324206396,2026-03-24 06:16:18,Tuesday,6,WEB PURCHASE - AXA MANSARD,AXA Mansard,Insurance,Web Dashboard,467600.82,20.12,23238.27,0.0,NG,0,DEV-7121278285,0,95,Reversed,WEB PURCHASE - AXA MANSARD,Axa Mansard,2025,December,19,0.00056,261.8564592,340.41339696000006,0
FLR-ACC-106212,Greenfield Media LLC,Business,NG,NGN,Tier2_Verified,2026-05-02,1166.21,FLR250410122433,2025-04-10 21:25:02,Thursday,21,INTL WIRE - INTERNATIONAL WIRE REF711810,International Wire,Wire Transfer,Web Dashboard,4346405.45,731.44,5942.24,0.0,NG,0,missing_device,-1,0,Completed,INTL WIRE - INTERNATIONAL WIRE REF711810,International Wire Ref711810,2026,May,2,0.00056,2433.987052,3164.1831676,1
FLR-ACC-103504,Daniel Okoro,Individual,US,USD,Tier3_Enhanced,2025-10-22,40.5,FLR250409186632,2025-04-09 22:11:05,Wednesday,22,CNP PURCHASE - SLOT SYSTEMS,Slot Systems,Electronics,Card Not Present,98.0,98.0,1.0,0.0,US,0,missing_device,-1,0,Reversed,CNP PURCHASE - SLOT SYSTEMS,Slot Systems,2025,October,22,0.77,75.46000000000001,98.098,1
FLR-ACC-101778,Chidi Adekunle,Individual,NG,NGN,Tier1_Basic,2025-10-09,38.16,FLR251110195607,2025-11-10 13:11:13,Monday,13,WEB PURCHASE - BRITISH AIRWAYS,British Airways,Travel,Web Dashboard,124266.25,3.63,34219.0,0.0,NG,0,DEV-8339539880,0,32,Completed,WEB PURCHASE - BRITISH AIRWAYS,British Airways,2025,October,9,0.00056,69.58909999999999,90.46582999999998,0
FLR-ACC-103504,Daniel Okoro,Individual,US,USD,Tier3_Enhanced,2025-10-22,40.5,FLR260301200485,2026-03-01 23:08:41,Sunday,23,SALARY - URBAN TEXTILES,no_merchant,Payroll Transfer,USSD,253.72,253.72,0.76,0.0,US,0,DEV-2464377898,0,130,Reversed,SALARY - URBAN TEXTILES,Urban Textiles,2025,October,22,0.77,195.3644,253.97372,0
FLR-ACC-104308,Aisha Hassan,Individual,US,USD,Tier2_Verified,2026-06-09,19.47,FLR251010198796,2025-10-10 08:27:06,Friday,8,WEB PURCHASE - CHICKEN REPUBLIC,Chicken Republic,Restaurants,Web Dashboard,6.06,0.54,11.16,1.0,US,0,DEV-9040092829,0,0,Reversed,WEB PURCHASE - CHICKEN REPUBLIC,Chicken Republic,2026,June,9,0.77,4.6662,6.06606,1
FLR-ACC-100401,North Technologies Inc,Business,NG,NGN,Tier1_Basic,2025-10-07,978.93,FLR260424152168,2026-04-24 08:53:56,Friday,8,WEB PURCHASE - CONED,ConEd,Utilities,Web Dashboard,655323.01,0.2,3233356.67,1.0,NG,0,DEV-6862558798,0,199,Completed,WEB PURCHASE - CONED,Coned,2025,October,7,0.00056,366.9808856,477.07515128000006,0
FLR-ACC-101214,Greenfield Builders Ltd,Business,FR,EUR,Tier2_Verified,2024-06-26,584.37,FLR251207136904,2025-12-07 21:38:56,Sunday,21,INTL WIRE - INTERNATIONAL WIRE REF691459,International Wire,Wire Transfer,Card Present,2896.5,0.69,4176.68,1.0,FR,0,DEV-7129314939,0,529,Declined,INTL WIRE - INTERNATIONAL WIRE REF691459,International Wire Ref691459,2024,June,26,0.84,2433.06,3162.978,0
FLR-ACC-102618,North Trading Co.,Business,NG,NGN,Tier2_Verified,2025-06-04,936.96,FLR260517220461,2026-05-17 19:15:07,Sunday,19,INTL WIRE - INTERNATIONAL WIRE REF666893,International Wire,Wire Transfer,Web Dashboard,12312612.81,15.49,794806.64,0.0,NG,0,DEV-5555711550,0,347,Reversed,INTL WIRE - INTERNATIONAL WIRE REF666893,International Wire Ref666893,2025,June,4,0.00056,6895.0631736,8963.582125679999,0
FLR-ACC-101374,Silverline Logistics Ltd,Business,NG,NGN,Tier2_Verified,2024-09-15,449.48,FLR251213141376,2025-12-13 18:13:50,Saturday,18,SALARY - SUNRISE LOGISTICS,no_merchant,Payroll Transfer,Mobile App,1840474.89,0.67,2760359.12,2.0,NG,0,DEV-6618186337,0,454,Reversed,SALARY - SUNRISE LOGISTICS,Sunrise Logistics,2024,September,15,0.00056,1030.6659384,1339.86571992,0
FLR-ACC-101374,Silverline Logistics Ltd,Business,NG,NGN,Tier2_Verified,2024-09-15,449.48,FLR260606110406,2026-06-06 08:16:08,Saturday,8,SALARY - NORTH TECHNOLOGIES,no_merchant,Payroll Transfer,USSD,4679841.65,1.95,2396421.29,1.0,NG,0,DEV-6618186337,0,629,Completed,SALARY - NORTH TECHNOLOGIES,North Technologies,2024,September,15,0.00056,2620.711324,3406.9247212,0
FLR-ACC-100134,Global Consulting LLC,Business,NG,NGN,Tier2_Verified,2025-11-10,242.32,FLR251111125075,2025-11-11 15:29:29,Tuesday,15,WEB PURCHASE - BOOKING.COM,Booking.com,Travel,Web Dashboard,725144.0,0.43,1683613.74,1.0,NG,0,DEV-2644327725,0,1,Reversed,WEB PURCHASE - BOOKING.COM,Booking.Com,2025,November,10,0.00056,406.08064,527.904832,0
FLR-ACC-106548,Amaka Johnson,Individual,NG,NGN,Tier2_Verified,2026-07-18,63.39,FLR251125125750,2025-11-25 10:40:16,Tuesday,10,SALARY - BLUEWAVE VENTURES,no_merchant,Payroll Transfer,Mobile App,553340.6,55.12,10039.0,0.0,NG,0,DEV-3550667081,0,0,Completed,SALARY - BLUEWAVE VENTURES,Bluewave Ventures,2026,July,18,0.00056,309.870736,402.83195680000006,1
FLR-ACC-105168,Urban Builders LLC,Business,NG,NGN,Tier2_Verified,2024-07-19,1081.17,FLR250526225103,2025-05-26 13:58:35,Monday,13,INTL WIRE - INTERNATIONAL WIRE REF351107,International Wire,Wire Transfer,Card Present,14548281.0,5.31,2741795.47,0.0,NG,0,DEV-2240544904,0,311,Completed,INTL WIRE - INTERNATIONAL WIRE REF351107,International Wire Ref351107,2024,July,19,0.00056,8147.037359999999,10591.148568,0
FLR-ACC-100773,Apex Consulting Inc,Business,FR,EUR,Tier1_Basic,2026-06-10,311.51,FLR251106201321,2025-11-06 18:57:12,Thursday,18,SALARY - APEX VENTURES,no_merchant,Payroll Transfer,Web Dashboard,1037.95,0.7,1491.43,1.0,FR,0,DEV-1208698294,0,0,Completed,SALARY - APEX VENTURES,Apex Ventures,2026,June,10,0.84,871.878,1133.4414000000002,1
FLR-ACC-101205,Metro Technologies Ltd,Business,NG,NGN,Tier3_Enhanced,2025-04-27,44.05,FLR260224219484,2026-02-24 13:58:12,Tuesday,13,SALARY - BLUEWAVE TEXTILES,no_merchant,Payroll Transfer,Card Not Present,676307.1,113.81,5942.24,0.0,NG,0,DEV-8296192319,0,303,Reversed,SALARY - BLUEWAVE TEXTILES,Bluewave Textiles,2025,April,27,0.00056,378.731976,492.3515688,0
FLR-ACC-107177,Michael Fashola,Individual,GB,GBP,Tier2_Verified,2026-07-11,119.09,FLR260427219112,2026-04-27 10:21:06,Monday,10,MOBILE PURCHASE - BEST BUY,Best Buy,Electronics,Mobile App,99.0,38.08,2.6,0.0,GB,0,DEV-6302991438,0,0,Completed,MOBILE PURCHASE - BEST BUY,Best Buy,2026,July,11,1.0,99.0,128.70000000000002,1
FLR-ACC-105269,Mary Eze,Individual,GB,GBP,Tier2_Verified,2024-12-04,38.22,FLR251119157505,2025-11-19 19:02:23,Wednesday,19,WEB PURCHASE - JUMIA MART,Jumia Mart,Groceries,Web Dashboard,17.71,0.37,47.69,1.0,GB,0,DEV-1419735925,0,350,Completed,WEB PURCHASE - JUMIA MART,Jumia Mart,2024,December,4,1.0,17.71,23.023000000000003,0
FLR-ACC-101664,Ngozi Okoro,Individual,NG,NGN,Tier1_Basic,2026-05-09,119.98,FLR260523221742,2026-05-23 20:10:03,Saturday,20,SALARY - URBAN TRADING,no_merchant,Payroll Transfer,Card Not Present,1612468.3,10.83,148841.44,0.0,NG,0,DEV-4367059667,1,14,Completed,SALARY - URBAN TRADING,Urban Trading,2026,May,9,0.00056,902.982248,1173.8769224,0
FLR-ACC-103606,Amaka Hassan,Individual,NG,NGN,Tier2_Verified,2025-04-10,223.37,FLR250303113472,2025-03-03 16:16:21,Monday,16,MOBILE PURCHASE - SHOPRITE,Shoprite,Groceries,Mobile App,416023.37,1.24,335921.59,1.0,NG,0,missing_device,-1,0,Declined,MOBILE PURCHASE - SHOPRITE,Shoprite,2025,April,10,0.00056,232.9730872,302.86501336000003,1
FLR-ACC-103939,Ngozi Chukwu,Individual,NG,NGN,Tier2_Verified,2025-12-07,26.02,FLR250706205994,2025-07-06 15:35:12,Sunday,15,CNP PURCHASE - AIRBNB,Airbnb,Travel,Card Not Present,110204.55,45.71,2410.83,0.0,NG,0,DEV-3142747054,0,0,Reversed,CNP PURCHASE - AIRBNB,Airbnb,2025,December,7,0.00056,61.71454799999999,80.2289124,1
FLR-ACC-101374,Silverline Logistics Ltd,Business,NG,NGN,Tier2_Verified,2024-09-15,449.48,FLR250812121824,2025-08-12 17:03:43,Tuesday,17,INTL WIRE - INTERNATIONAL WIRE REF777371,International Wire,Wire Transfer,Web Dashboard,17199582.43,6.37,2702022.83,2.0,NG,0,DEV-2959433046,1,331,Completed,INTL WIRE - INTERNATIONAL WIRE REF777371,International Wire Ref777371,2024,September,15,0.00056,9631.7661608,12521.29600904,0
FLR-ACC-101374,Silverline Logistics Ltd,Business,NG,NGN,Tier2_Verified,2024-09-15,449.48,FLR250428109392,2025-04-28 13:56:30,Monday,13,INTL WIRE - INTERNATIONAL WIRE REF573836,International Wire,Wire Transfer,Mobile App,2832068.0,1.38,2046417.11,1.0,NG,0,missing_device,-1,225,Reversed,INTL WIRE - INTERNATIONAL WIRE REF573836,International Wire Ref573836,2024,September,15,0.00056,1585.95808,2061.7455040000004,0
FLR-ACC-100544,Bluewave Trading Ltd,Business,NG,NGN,Tier2_Verified,2024-01-20,753.53,FLR251120180172,2025-11-20 02:29:59,Thursday,2,INTL WIRE - INTERNATIONAL WIRE REF260744,International Wire,Wire Transfer,API/Integration,22490675.0,3.28,6847788.58,0.0,NG,0,DEV-4962593303,0,670,Completed,INTL WIRE - INTERNATIONAL WIRE REF260744,International Wire Ref260744,2024,January,20,0.00056,12594.777999999998,16373.211399999998,0
FLR-ACC-103123,Yetunde Johnson,Individual,US,USD,Tier1_Basic,2025-09-08,52.58,FLR250725122423,2025-07-25 09:42:23,Friday,9,NIP TRANSFER TO AISHA OBI,no_merchant,P2P Transfer,Mobile App,57.8,3.89,14.85,0.0,FR,1,DEV-8119545849,1,0,Reversed,NIP TRANSFER - AISHA OBI,Aisha Obi,2025,September,8,0.77,44.506,57.857800000000005,1
FLR-ACC-106281,Ngozi Okafor,Individual,GB,GBP,Tier2_Verified,2025-07-17,66.54,FLR251227215958,2025-12-27 08:46:41,Saturday,8,WEB PURCHASE - AXA MANSARD,AXA Mansard,Insurance,Web Dashboard,52.64,1.68,31.36,1.0,GB,0,DEV-3176801769,0,163,Completed,WEB PURCHASE - AXA MANSARD,Axa Mansard,2025,July,17,1.0,52.64,68.432,0
FLR-ACC-100118,Chioma Adeyemi,Individual,GB,GBP,Tier3_Enhanced,2023-10-13,65.08,FLR251110165641,2025-11-10 14:43:15,Monday,14,MOBILE PURCHASE - BEST BUY,Best Buy,Electronics,Mobile App,35.26,0.92,38.24,0.0,GB,0,DEV-9318279576,1,759,Completed,MOBILE PURCHASE - BEST BUY,Best Buy,2023,October,13,1.0,35.26,45.838,0
FLR-ACC-106374,Chioma Johnson,Individual,NG,NGN,Tier2_Verified,2024-03-28,119.61,FLR251230162754,2025-12-30 03:38:10,Tuesday,3,USSD PURCHASE - JUMIA,Jumia,Retail,USSD,184501.19,4.85,38048.0,0.0,NG,0,DEV-4520071640,0,642,Completed,USSD PURCHASE - JUMIA,Jumia,2024,March,28,0.00056,103.3206664,134.31686632,0
FLR-ACC-105391,Femi Eze,Individual,US,USD,Tier3_Enhanced,2024-04-25,71.87,FLR250211198406,2025-02-11 09:11:27,Tuesday,9,SALARY - METRO CONSULTING,no_merchant,Payroll Transfer,Web Dashboard,237.47,42.18,5.63,0.0,FR,1,DEV-3762299623,0,292,Completed,SALARY - METRO CONSULTING,Metro Consulting,2024,April,25,0.77,182.8519,237.70747,0
FLR-ACC-106966,Ifeoma Williams,Individual,FR,EUR,Tier3_Enhanced,2024-01-18,27.39,FLR250913174558,2025-09-13 11:05:19,Saturday,11,SALARY - BLUEWAVE RETAIL,no_merchant,Payroll Transfer,Web Dashboard,108.09,33.06,3.27,0.0,FR,0,DEV-3516719184,0,604,Reversed,SALARY - BLUEWAVE RETAIL,Bluewave Retail,2024,January,18,0.84,90.7956,118.03428,0
FLR-ACC-106164,Peter Adeyemi,Individual,US,USD,Tier3_Enhanced,2026-02-02,335.62,FLR250720150862,2025-07-20 17:16:44,Sunday,17,NIP TRANSFER TO YETUNDE ADEKUNLE,no_merchant,P2P Transfer,Web Dashboard,620.0,22.43,27.64,0.0,US,0,DEV-2434924443,0,0,Reversed,NIP TRANSFER - YETUNDE ADEKUNLE,Yetunde Adekunle,2026,February,2,0.77,477.4,620.62,1
FLR-ACC-101771,Apex Ventures LLC,Business,NG,NGN,Tier2_Verified,2022-04-17,457.8,FLR250924165056,2025-09-24 19:28:21,Wednesday,19,INTL WIRE - INTERNATIONAL WIRE REF691724,International Wire,Wire Transfer,Card Not Present,1897553.23,0.24,7747285.87,0.0,NG,0,DEV-3075998977,0,1256,Completed,INTL WIRE - INTERNATIONAL WIRE REF691724,International Wire Ref691724,2022,April,17,0.00056,1062.6298088,1381.4187514400005,0
FLR-ACC-102380,Silverline Logistics Inc,Business,US,USD,Tier1_Basic,2023-10-29,768.23,FLR250501115599,2025-05-01 16:42:18,Thursday,16,INTL WIRE - INTERNATIONAL WIRE REF298140,International Wire,Wire Transfer,Web Dashboard,16210.0,39.72,408.15,0.0,US,0,missing_device,-1,550,Reversed,INTL WIRE - INTERNATIONAL WIRE REF298140,International Wire Ref298140,2023,October,29,0.77,12481.7,16226.21,0
FLR-ACC-103708,Bluewave Textiles Ltd,Business,US,USD,Tier3_Enhanced,2023-11-19,165.95,FLR260222185553,2026-02-22 13:00:30,Sunday,13,INTL WIRE - INTERNATIONAL WIRE REF532684,International Wire,Wire Transfer,USSD,814.0,92.5,8.8,0.0,GB,1,DEV-4719279897,1,826,Declined,INTL WIRE - INTERNATIONAL WIRE REF532684,International Wire Ref532684,2023,November,19,0.77,626.78,814.814,0
FLR-ACC-103538,Funke Taylor,Individual,US,USD,Tier3_Enhanced,2025-04-28,96.98,FLR251229187571,2025-12-29 18:06:14,Monday,18,CNP PURCHASE - SLACK,Slack,Subscription/SaaS,Card Not Present,7.27,0.23,31.26,1.0,US,0,DEV-8011564159,0,245,Reversed,CNP PURCHASE - SLACK,Slack,2025,April,28,0.77,5.5979,7.277270000000001,0
FLR-ACC-100134,Global Consulting LLC,Business,NG,NGN,Tier2_Verified,2025-11-10,242.32,FLR250304194266,2025-03-04 12:18:03,Tuesday,12,INTL WIRE - INTERNATIONAL WIRE REF477277,International Wire,Wire Transfer,Web Dashboard,4554115.55,3.88,1173087.17,1.0,NG,0,missing_device,-1,0,Reversed,INTL WIRE - INTERNATIONAL WIRE REF477277,International Wire Ref477277,2025,November,10,0.00056,2550.304708,3315.3961204,1
FLR-ACC-103606,Amaka Hassan,Individual,NG,NGN,Tier2_Verified,2025-04-10,223.37,FLR260124112805,2026-01-24 19:06:29,Saturday,19,USSD PURCHASE - LUNO,Luno,Crypto Exchange,USSD,751450.09,1.89,397633.61,1.0,NG,0,DEV-5827025131,0,289,Completed,USSD PURCHASE - LUNO,Luno,2025,April,10,0.00056,420.8120503999999,547.0556655199999,0
FLR-ACC-100827,Ngozi Balogun,Individual,FR,EUR,Tier1_Basic,2024-11-02,41.56,FLR251221181074,2025-12-21 13:08:46,Sunday,13,MOBILE PURCHASE - BRITISH GAS,British Gas,Utilities,Mobile App,41.25,0.74,56.02,1.0,FR,0,DEV-9358605255,0,414,Completed,MOBILE PURCHASE - BRITISH GAS,British Gas,2024,November,2,0.84,34.65,45.045,0
FLR-ACC-105011,Amaka Taylor,Individual,NG,NGN,Tier2_Verified,2025-10-25,67.62,FLR250608177487,2025-06-08 06:39:45,Sunday,6,SALARY - SILVERLINE CONSULTING,no_merchant,Payroll Transfer,Card Not Present,905257.48,152.34,5942.24,0.0,NG,0,DEV-5094266712,0,0,Completed,SALARY - SILVERLINE CONSULTING,Silverline Consulting,2025,October,25,0.00056,506.9441888,659.0274454400001,1
FLR-ACC-101185,Greenfield Foods Co.,Business,NG,NGN,Tier2_Verified,2026-08-06,1300.62,FLR250214220813,2025-02-14 07:24:23,Friday,7,WEB PURCHASE - KFC,KFC,Restaurants,Web Dashboard,626041.31,105.35,5942.24,0.0,NG,0,missing_device,-1,0,Completed,WEB PURCHASE - KFC,Kfc,2026,August,6,0.00056,350.5831336,455.75807368,1
FLR-ACC-104611,Chidi Brown,Individual,NG,NGN,Tier3_Enhanced,2026-03-20,58.56,FLR250526114331,2025-05-26 09:04:37,Monday,9,API PURCHASE - BINANCE,Binance,Crypto Exchange,API/Integration,296734.0,49.94,5942.24,0.0,NG,0,missing_device,-1,0,Completed,API PURCHASE - BINANCE,Binance,2026,March,20,0.00056,166.17103999999998,216.022352,1
FLR-ACC-103807,Ngozi Okoro,Individual,NG,NGN,Tier1_Basic,2024-07-04,136.28,FLR251210120138,2025-12-10 13:48:49,Wednesday,13,CNP PURCHASE - BINANCE,Binance,Crypto Exchange,Card Not Present,698526.0,73.43,9512.45,0.0,NG,0,DEV-3164360158,0,524,Reversed,CNP PURCHASE - BINANCE,Binance,2024,July,4,0.00056,391.17456,508.526928,0
FLR-ACC-106907,Funke Adeyemi,Individual,GB,GBP,Tier3_Enhanced,2024-04-24,54.55,FLR250526185016,2025-05-26 13:16:41,Monday,13,SALARY - GREENFIELD TECHNOLOGIES,no_merchant,Payroll Transfer,Mobile App,548.0,394.24,1.39,0.0,GB,0,missing_device,-1,397,Reversed,SALARY - GREENFIELD TECHNOLOGIES,Greenfield Technologies,2024,April,24,1.0,548.0,712.4,0
FLR-ACC-106698,Sarah Okafor,Individual,FR,EUR,Tier3_Enhanced,2024-08-06,71.44,FLR250507154397,2025-05-07 19:53:25,Wednesday,19,CNP PURCHASE - SLOT SYSTEMS,Slot Systems,Electronics,Card Not Present,196.0,32.67,6.0,0.0,FR,0,missing_device,-1,274,Completed,CNP PURCHASE - SLOT SYSTEMS,Slot Systems,2024,August,6,0.84,164.64,214.032,0
FLR-ACC-101861,Greenfield Technologies LLC,Business,NG,NGN,Tier1_Basic,2026-01-18,1721.58,FLR260710197889,2026-07-10 09:39:18,Friday,9,SALARY - NORTH MEDIA,no_merchant,Payroll Transfer,Mobile App,11673375.81,7.59,1538476.97,1.0,NG,0,DEV-6683628804,0,173,Reversed,SALARY - NORTH MEDIA,North Media,2026,January,18,0.00056,6537.0904536,8498.21758968,0
FLR-ACC-102400,Aisha Okafor,Individual,GB,GBP,Tier1_Basic,2025-07-19,34.29,FLR250806175397,2025-08-06 10:15:12,Wednesday,10,CNP PURCHASE - ST. NICHOLAS HOSPITAL,St. Nicholas Hospital,Healthcare,Card Not Present,29.0,9.67,3.0,0.0,GB,0,DEV-5311600881,0,18,Completed,CNP PURCHASE - ST. NICHOLAS HOSPITAL,St. Nicholas Hospital,2025,July,19,1.0,29.0,37.7,0
FLR-ACC-101374,Silverline Logistics Ltd,Business,NG,NGN,Tier2_Verified,2024-09-15,449.48,FLR250720219108,2025-07-20 21:54:43,Sunday,21,WEB PURCHASE - SHOPRITE,Shoprite,Groceries,Web Dashboard,209635.0,0.09,2450118.02,1.0,NG,0,DEV-6618186337,0,308,Declined,WEB PURCHASE - SHOPRITE,Shoprite,2024,September,15,0.00056,117.3956,152.61428,0
FLR-ACC-104178,Emeka Johnson,Individual,GB,GBP,Tier2_Verified,2025-07-29,201.49,FLR251119110943,2025-11-19 15:59:02,Wednesday,15,SALARY - APEX CONSULTING,no_merchant,Payroll Transfer,Web Dashboard,408.0,3.04,134.32,1.0,GB,0,DEV-2397730582,0,113,Reversed,SALARY - APEX CONSULTING,Apex Consulting,2025,July,29,1.0,408.0,530.4,0
FLR-ACC-103226,Silverline Ventures Inc,Business,NG,NGN,Tier2_Verified,2024-08-11,716.05,FLR250220218282,2025-02-20 10:14:27,Thursday,10,NIP TRANSFER TO DAVID NWOSU,no_merchant,P2P Transfer,API/Integration,1066142.0,1.0,1066142.0,0.0,NG,0,DEV-6307066070,1,193,Reversed,NIP TRANSFER - DAVID NWOSU,David Nwosu,2024,August,11,0.00056,597.0395199999999,776.1513759999999,0
FLR-ACC-102430,Ruth Taylor,Individual,NG,NGN,Tier2_Verified,2022-12-03,129.02,FLR260210141762,2026-02-10 07:52:57,Tuesday,7,NIP TRANSFER TO FEMI OKORO,no_merchant,P2P Transfer,Mobile App,359561.93,0.43,835854.68,1.0,NG,0,DEV-5796728774,0,1165,Completed,NIP TRANSFER - FEMI OKORO,Femi Okoro,2022,December,3,0.00056,201.3546808,261.76108504,0
FLR-ACC-101374,Silverline Logistics Ltd,Business,NG,NGN,Tier2_Verified,2024-09-15,449.48,FLR250604225970,2025-06-04 20:06:03,Wednesday,20,MOBILE PURCHASE - ASOS,ASOS,Retail,Mobile App,224879.36,0.1,2235570.26,1.0,NG,0,DEV-6618186337,0,262,Completed,MOBILE PURCHASE - ASOS,Asos,2024,September,15,0.00056,125.93244159999998,163.71217407999998,0
FLR-ACC-104968,Ruth Williams,Individual,US,USD,Tier1_Basic,2025-04-23,109.6,FLR250723142577,2025-07-23 19:23:40,Wednesday,19,SALARY - NORTH LOGISTICS,no_merchant,Payroll Transfer,Web Dashboard,2035.27,47.28,43.05,0.0,US,0,DEV-9475573594,0,91,Completed,SALARY - NORTH LOGISTICS,North Logistics,2025,April,23,0.77,1567.1579,2037.30527,0
FLR-ACC-103855,Yetunde Bello,Individual,NG,NGN,Tier2_Verified,2024-11-17,127.54,FLR260225155190,2026-02-25 21:12:14,Wednesday,21,MOBILE PURCHASE - SPOTIFY,Spotify,Subscription/SaaS,Mobile App,8908.0,0.05,196392.96,1.0,NG,0,DEV-2916590626,0,465,Reversed,MOBILE PURCHASE - SPOTIFY,Spotify,2024,November,17,0.00056,4.988479999999999,6.485023999999999,0
FLR-ACC-107128,Silverline Technologies LLC,Business,NG,NGN,Tier1_Basic,2026-04-28,1352.39,FLR260518114808,2026-05-18 20:59:01,Monday,20,SALARY - PRIME TEXTILES,no_merchant,Payroll Transfer,Web Dashboard,2799618.76,19.29,145112.11,0.0,NG,0,DEV-5616550227,0,20,Completed,SALARY - PRIME TEXTILES,Prime Textiles,2026,April,28,0.00056,1567.7865055999998,2038.12245728,0
FLR-ACC-100510,North Trading Ltd,Business,NG,NGN,Tier1_Basic,2024-12-09,1590.15,FLR250520133918,2025-05-20 11:42:56,Tuesday,11,SALARY - NORTH BUILDERS,no_merchant,Payroll Transfer,API/Integration,30054177.4,5057.72,5942.24,0.0,NG,0,missing_device,-1,162,Completed,SALARY - NORTH BUILDERS,North Builders,2024,December,9,0.00056,16830.339343999996,21879.4411472,0
FLR-ACC-100996,Urban Trading LLC,Business,GB,GBP,Tier2_Verified,2024-06-05,172.93,FLR251019197830,2025-10-19 08:44:56,Sunday,8,INTL WIRE - INTERNATIONAL WIRE REF645258,International Wire,Wire Transfer,API/Integration,2732.67,4.46,612.78,1.0,GB,0,DEV-6021455773,0,501,Completed,INTL WIRE - INTERNATIONAL WIRE REF645258,International Wire Ref645258,2024,June,5,1.0,2732.67,3552.471,0
FLR-ACC-100931,Chuka Okoro,Individual,NG,NGN,Tier2_Verified,2025-02-15,32.55,FLR250805122291,2025-08-05 20:05:16,Tuesday,20,SALARY - BLUEWAVE MEDIA,no_merchant,Payroll Transfer,Card Present,443157.07,3.75,118313.25,1.0,NG,0,DEV-9097756966,0,171,Completed,SALARY - BLUEWAVE MEDIA,Bluewave Media,2025,February,15,0.00056,248.1679592,322.61834696000005,0
FLR-ACC-101300,Blessing Eze,Individual,GB,GBP,Tier1_Basic,2026-07-10,36.96,FLR250713221261,2025-07-13 13:06:10,Sunday,13,SALARY - METRO MEDIA,no_merchant,Payroll Transfer,Mobile App,191.65,82.25,2.33,0.0,GB,0,DEV-6813913215,0,0,Reversed,SALARY - METRO MEDIA,Metro Media,2026,July,10,1.0,191.65,249.145,1
FLR-ACC-101159,Chuka Brown,Individual,NG,NGN,Tier1_Basic,2025-10-29,45.47,FLR250603216676,2025-06-03 23:15:12,Tuesday,23,SALARY - NORTH TECHNOLOGIES,no_merchant,Payroll Transfer,Mobile App,814352.58,23.05,35327.0,0.0,NG,0,DEV-5777349323,0,0,Completed,SALARY - NORTH TECHNOLOGIES,North Technologies,2025,October,29,0.00056,456.0374448,592.84867824,1
FLR-ACC-102554,Apex Consulting LLC,Business,GB,GBP,Tier3_Enhanced,2024-03-31,1276.27,FLR260626188357,2026-06-26 12:15:30,Friday,12,INTL WIRE - INTERNATIONAL WIRE REF334531,International Wire,Wire Transfer,Web Dashboard,15500.08,10.27,1509.41,0.0,GB,0,DEV-1666829267,0,817,Reversed,INTL WIRE - INTERNATIONAL WIRE REF334531,International Wire Ref334531,2024,March,31,1.0,15500.08,20150.104,0
FLR-ACC-102388,Urban Ventures Ltd,Business,GB,GBP,Tier2_Verified,2025-06-20,154.68,FLR251127146188,2025-11-27 07:53:55,Thursday,7,SALARY - SUNRISE LOGISTICS,no_merchant,Payroll Transfer,Mobile App,401.35,200.68,2.0,0.0,GB,0,DEV-3675352501,0,160,Reversed,SALARY - SUNRISE LOGISTICS,Sunrise Logistics,2025,June,20,1.0,401.35,521.755,0
FLR-ACC-105745,David Johnson,Individual,US,USD,Tier2_Verified,2026-02-25,111.08,FLR260207207922,2026-02-07 15:10:20,Saturday,15,NIP TRANSFER TO NGOZI NWOSU,no_merchant,P2P Transfer,Card Present,85.02,2.63,32.32,0.0,US,0,DEV-7141997545,0,0,Reversed,NIP TRANSFER - NGOZI NWOSU,Ngozi Nwosu,2026,February,25,0.77,65.4654,85.10502000000001,1
FLR-ACC-100056,North Trading Ltd,Business,FR,EUR,Tier2_Verified,2026-02-03,287.02,FLR251212200613,2025-12-12 08:21:38,Friday,8,INTL WIRE - INTERNATIONAL WIRE REF825493,International Wire,Wire Transfer,API/Integration,4399.0,32.76,134.3,0.0,FR,0,DEV-9375070089,0,0,Reversed,INTL WIRE - INTERNATIONAL WIRE REF825493,International Wire Ref825493,2026,February,3,0.84,3695.16,4803.708,1
FLR-ACC-105053,Global Ventures Inc,Business,NG,NGN,Tier3_Enhanced,2025-03-22,729.64,FLR250226139056,2025-02-26 12:07:50,Wednesday,12,INTL WIRE - INTERNATIONAL WIRE REF984243,International Wire,Wire Transfer,API/Integration,11980581.0,2016.17,5942.24,0.0,NG,0,missing_device,-1,0,Reversed,INTL WIRE - INTERNATIONAL WIRE REF984243,International Wire Ref984243,2025,March,22,0.00056,6709.125359999999,8721.862968,1
FLR-ACC-102376,Blessing Obi,Individual,US,USD,Tier3_Enhanced,2025-05-03,36.34,FLR260102111654,2026-01-02 08:54:49,Friday,8,WEB PURCHASE - AIR PEACE,Air Peace,Travel,Web Dashboard,94.0,2.08,45.14,1.0,US,0,DEV-4350078585,0,244,Reversed,WEB PURCHASE - AIR PEACE,Air Peace,2025,May,3,0.77,72.38,94.094,0
FLR-ACC-101374,Silverline Logistics Ltd,Business,NG,NGN,Tier2_Verified,2024-09-15,449.48,FLR250819138884,2025-08-19 18:32:11,Tuesday,18,NIP TRANSFER TO IFEOMA BROWN,no_merchant,P2P Transfer,Card Not Present,930320.82,0.32,2889883.46,2.0,NG,0,DEV-6618186337,0,338,Completed,NIP TRANSFER - IFEOMA BROWN,Ifeoma Brown,2024,September,15,0.00056,520.9796591999999,677.27355696,0
FLR-ACC-106849,Sunrise Builders Ltd,Business,NG,NGN,Tier3_Enhanced,2024-07-01,288.86,FLR260226104517,2026-02-26 14:29:50,Thursday,14,SALARY - GLOBAL LOGISTICS,no_merchant,Payroll Transfer,Web Dashboard,1337523.52,6.1,219105.32,0.0,NG,0,DEV-7172879775,0,605,Completed,SALARY - GLOBAL LOGISTICS,Global Logistics,2024,July,1,0.00056,749.0131712,973.71712256,0
FLR-ACC-105000,Ruth Okafor,Individual,NG,NGN,Tier2_Verified,2023-09-30,59.39,FLR260418199613,2026-04-18 07:13:29,Saturday,7,SALARY - BLUEWAVE BUILDERS,no_merchant,Payroll Transfer,Card Present,658558.0,242.11,2720.07,0.0,NG,0,DEV-4222924873,0,931,Completed,SALARY - BLUEWAVE BUILDERS,Bluewave Builders,2023,September,30,0.00056,368.79248,479.430224,0
FLR-ACC-100134,Global Consulting LLC,Business,NG,NGN,Tier2_Verified,2025-11-10,242.32,FLR251130151615,2025-11-30 05:37:32,Sunday,5,INTL WIRE - INTERNATIONAL WIRE REF832172,International Wire,Wire Transfer,Card Not Present,5404557.29,4.08,1323172.01,1.0,NG,0,DEV-2644327725,0,20,Reversed,INTL WIRE - INTERNATIONAL WIRE REF832172,International Wire Ref832172,2025,November,10,0.00056,3026.5520824,3934.51770712,0
FLR-ACC-101995,Funke Hassan,Individual,NG,NGN,Tier2_Verified,2024-07-29,51.77,FLR251126108344,2025-11-26 15:31:29,Wednesday,15,SALARY - METRO TRADING,no_merchant,Payroll Transfer,API/Integration,492388.0,2.14,229977.34,1.0,NG,0,DEV-6812409510,0,485,Completed,SALARY - METRO TRADING,Metro Trading,2024,July,29,0.00056,275.73728,358.458464,0
FLR-ACC-101995,Funke Hassan,Individual,NG,NGN,Tier2_Verified,2024-07-29,51.77,FLR260703115025,2026-07-03 17:19:25,Friday,17,MOBILE PURCHASE - CHICKEN REPUBLIC,Chicken Republic,Restaurants,Mobile App,13178.23,0.25,53465.81,1.0,NG,0,DEV-6812409510,0,704,Reversed,MOBILE PURCHASE - CHICKEN REPUBLIC,Chicken Republic,2024,July,29,0.00056,7.379808799999999,9.59375144,0
FLR-ACC-104391,Prime Trading Co.,Business,NG,NGN,Tier3_Enhanced,2024-02-18,646.52,FLR251127144870,2025-11-27 16:37:59,Thursday,16,NIP TRANSFER TO RUTH OKORO,no_merchant,P2P Transfer,Web Dashboard,1531788.09,0.25,6102412.7,0.0,NG,0,DEV-7420147255,0,648,Declined,NIP TRANSFER - RUTH OKORO,Ruth Okoro,2024,February,18,0.00056,857.8013304,1115.14172952,0
FLR-ACC-107179,Ifeoma Fashola,Individual,NG,NGN,Tier3_Enhanced,2025-01-08,57.63,FLR250331197048,2025-03-31 14:42:58,Monday,14,POS PURCHASE - COINBASE,Coinbase,Crypto Exchange,Card Present,274257.13,16.74,16381.19,0.0,NG,0,DEV-5177917610,0,82,Completed,POS PURCHASE - COINBASE,Coinbase,2025,January,8,0.00056,153.58399279999998,199.65919064,0
FLR-ACC-102017,North Trading LLC,Business,NG,NGN,Tier2_Verified,2026-07-14,54.2,FLR251125112875,2025-11-25 14:00:05,Tuesday,14,SALARY - BLUEWAVE TEXTILES,no_merchant,Payroll Transfer,API/Integration,344692.38,1.1,314169.23,1.0,NG,0,DEV-7594700845,0,0,Completed,SALARY - BLUEWAVE TEXTILES,Bluewave Textiles,2026,July,14,0.00056,193.0277328,250.93605264,1
FLR-ACC-105451,Bluewave Media LLC,Business,NG,NGN,Tier1_Basic,2025-03-26,1512.73,FLR250722205556,2025-07-22 07:55:54,Tuesday,7,INTL WIRE - INTERNATIONAL WIRE REF492539,International Wire,Wire Transfer,USSD,60128468.0,10118.82,5942.24,0.0,NG,0,DEV-2236603137,0,118,Completed,INTL WIRE - INTERNATIONAL WIRE REF492539,International Wire Ref492539,2025,March,26,0.00056,33671.94207999999,43773.524704,0
FLR-ACC-106651,Emeka Fashola,Individual,GB,GBP,Tier1_Basic,2026-02-07,29.41,FLR250318134780,2025-03-18 17:40:34,Tuesday,17,SALARY - SILVERLINE BUILDERS,no_merchant,Payroll Transfer,Mobile App,193.74,18.72,10.35,1.0,GB,0,missing_device,-1,0,Completed,SALARY - SILVERLINE BUILDERS,Silverline Builders,2026,February,7,1.0,193.74,251.862,1
FLR-ACC-102968,North Consulting Co.,Business,NG,NGN,Tier2_Verified,2022-09-01,3925.35,FLR250706176520,2025-07-06 16:56:30,Sunday,16,NIP TRANSFER TO AISHA OKAFOR,no_merchant,P2P Transfer,API/Integration,2614212.88,439.94,5942.24,0.0,NG,0,DEV-6751257562,0,1039,Reversed,NIP TRANSFER - AISHA OKAFOR,Aisha Okafor,2022,September,1,0.00056,1463.9592127999997,1903.14697664,0
FLR-ACC-100928,Apex Builders LLC,Business,DE,EUR,Tier2_Verified,2024-12-20,454.56,FLR250627182169,2025-06-27 04:28:09,Friday,4,SALARY - GLOBAL BUILDERS,no_merchant,Payroll Transfer,Mobile App,3331.0,23.41,142.31,0.0,DE,0,DEV-2504355243,0,189,Reversed,SALARY - GLOBAL BUILDERS,Global Builders,2024,December,20,0.84,2798.04,3637.452,0
FLR-ACC-105400,Olu Smith,Individual,GB,GBP,Tier2_Verified,2026-06-05,57.91,FLR250201218555,2025-02-01 11:29:28,Saturday,11,SALARY - NORTH TEXTILES,no_merchant,Payroll Transfer,Web Dashboard,213.41,168.04,1.27,0.0,GB,0,missing_device,-1,0,Completed,SALARY - NORTH TEXTILES,North Textiles,2026,June,5,1.0,213.41,277.433,1
FLR-ACC-102376,Blessing Obi,Individual,US,USD,Tier3_Enhanced,2025-05-03,36.34,FLR260627141455,2026-06-27 11:38:56,Saturday,11,WEB PURCHASE - BRITISH GAS,British Gas,Utilities,Web Dashboard,17.58,0.45,39.36,2.0,US,0,DEV-1078967271,1,420,Completed,WEB PURCHASE - BRITISH GAS,British Gas,2025,May,3,0.77,13.536599999999998,17.597579999999997,0
FLR-ACC-101547,Greenfield Media Co.,Business,NG,NGN,Tier1_Basic,2026-03-19,448.84,FLR250526176416,2025-05-26 10:34:30,Monday,10,SALARY - SUNRISE FOODS,no_merchant,Payroll Transfer,Mobile App,4376122.0,736.44,5942.24,0.0,NG,0,missing_device,-1,0,Reversed,SALARY - SUNRISE FOODS,Sunrise Foods,2026,March,19,0.00056,2450.62832,3185.816816,1
FLR-ACC-106855,Grace Green,Individual,US,USD,Tier2_Verified,2026-03-15,60.16,FLR260508104773,2026-05-08 19:53:41,Friday,19,SALARY - GLOBAL LOGISTICS,no_merchant,Payroll Transfer,Card Not Present,157.0,1.66,94.78,0.0,US,0,DEV-5481688015,0,54,Completed,SALARY - GLOBAL LOGISTICS,Global Logistics,2026,March,15,0.77,120.89,157.157,0
FLR-ACC-106802,Urban Consulting Inc,Business,NG,NGN,Tier3_Enhanced,2025-10-25,328.71,FLR251010146777,2025-10-10 08:06:33,Friday,8,INTL WIRE - INTERNATIONAL WIRE REF245784,International Wire,Wire Transfer,Web Dashboard,6623305.18,46.35,142886.89,0.0,NG,0,DEV-5494719621,0,0,Reversed,INTL WIRE - INTERNATIONAL WIRE REF245784,International Wire Ref245784,2025,October,25,0.00056,3709.0509008,4821.76617104,1
FLR-ACC-101028,Global Logistics Inc,Business,US,USD,Tier3_Enhanced,2025-01-19,2155.66,FLR260531156928,2026-05-31 01:47:35,Sunday,1,API PURCHASE - AVIVA,Aviva,Insurance,API/Integration,2528.0,1.0,2528.0,0.0,US,0,DEV-2550522498,0,497,Completed,API PURCHASE - AVIVA,Aviva,2025,January,19,0.77,1946.56,2530.528,0
FLR-ACC-102244,Apex Retail Ltd,Business,FR,EUR,Tier1_Basic,2025-02-02,374.81,FLR250318159920,2025-03-18 19:59:35,Tuesday,19,INTL WIRE - INTERNATIONAL WIRE REF773076,International Wire Ref773076,Wire Transfer,Mobile App,1754.0,115.32,15.21,0.0,FR,0,DEV-1609917793,0,44,Completed,INTL WIRE - INTERNATIONAL WIRE REF773076,International Wire Ref773076,2025,February,2,0.84,1473.36,1915.368,0
FLR-ACC-104277,Grace Yusuf,Individual,NG,NGN,Tier3_Enhanced,2024-05-26,50.41,FLR260527121763,2026-05-27 12:17:57,Wednesday,12,WEB PURCHASE - ZARA,Zara,Retail,Web Dashboard,51914.7,0.29,180035.19,1.0,NG,0,DEV-7958543039,0,731,Completed,WEB PURCHASE - ZARA,Zara,2024,May,26,0.00056,29.072232,37.7939016,0
FLR-ACC-105500,Chuka Balogun,Individual,NG,NGN,Tier3_Enhanced,2023-08-30,146.67,FLR260828184638,2026-08-28 17:01:14,Friday,17,MOBILE PURCHASE - DOMINO'S PIZZA,Domino's Pizza,Restaurants,Mobile App,22049.53,0.1,213678.07,1.0,NG,0,DEV-7487633720,0,1094,Completed,MOBILE PURCHASE - DOMINO'S PIZZA,Domino'S Pizza,2023,August,30,0.00056,12.347736799999998,16.05205784,0
FLR-ACC-101374,Silverline Logistics Ltd,Business,NG,NGN,Tier2_Verified,2024-09-15,449.48,FLR251119132168,2025-11-19 21:59:24,Wednesday,21,MOBILE PURCHASE - BOOKING.COM,Booking.com,Travel,Mobile App,2219435.76,0.82,2691346.13,1.0,NG,0,DEV-6618186337,0,430,Completed,MOBILE PURCHASE - BOOKING.COM,Booking.Com,2024,September,15,0.00056,1242.8840256,1615.7492332800002,0
FLR-ACC-104064,James Okoro,Individual,NG,NGN,Tier3_Enhanced,2025-02-01,81.12,FLR260612210569,2026-06-12 23:14:36,Friday,23,SALARY - SILVERLINE FOODS,no_merchant,Payroll Transfer,Mobile App,1281588.75,22.49,56973.9,0.0,NG,0,DEV-5823279692,0,496,Completed,SALARY - SILVERLINE FOODS,Silverline Foods,2025,February,1,0.00056,717.6896999999999,932.99661,0
FLR-ACC-104180,Global Technologies Ltd,Business,NG,NGN,Tier2_Verified,2025-07-03,1446.0,FLR251005123896,2025-10-05 16:49:57,Sunday,16,SALARY - APEX FOODS,no_merchant,Payroll Transfer,Web Dashboard,21415423.49,428.63,49962.27,0.0,NG,0,DEV-6685003176,0,94,Completed,SALARY - APEX FOODS,Apex Foods,2025,July,3,0.00056,11992.637154399998,15590.428300719996,0
FLR-ACC-104894,Apex Consulting Inc,Business,FR,EUR,Tier2_Verified,2022-04-23,1365.16,FLR260227108413,2026-02-27 12:37:14,Friday,12,API PURCHASE - THAMES WATER,Thames Water,Utilities,API/Integration,684.65,0.18,3734.68,1.0,FR,0,DEV-5223754958,0,1406,Reversed,API PURCHASE - THAMES WATER,Thames Water,2022,April,23,0.84,575.106,747.6378,0
FLR-ACC-104942,Grace Okoro,Individual,NG,NGN,Tier3_Enhanced,2024-11-06,73.52,FLR260120110319,2026-01-20 15:49:34,Tuesday,15,NIP TRANSFER TO MARY NWOSU,no_merchant,P2P Transfer,API/Integration,172256.19,1.07,160646.73,1.0,NG,0,DEV-6031820162,0,440,Completed,NIP TRANSFER - MARY NWOSU,Mary Nwosu,2024,November,6,0.00056,96.4634664,125.40250632,0
FLR-ACC-105410,North Logistics Co.,Business,NG,NGN,Tier2_Verified,2024-08-11,203.93,FLR250211118549,2025-02-11 08:30:15,Tuesday,8,INTL WIRE - INTERNATIONAL WIRE REF891673,International Wire,Wire Transfer,Mobile App,3594950.91,40.8,88103.7,0.0,NG,0,missing_device,-1,184,Completed,INTL WIRE - INTERNATIONAL WIRE REF891673,International Wire Ref891673,2024,August,11,0.00056,2013.1725096,2617.12426248,0
FLR-ACC-103988,James Johnson,Individual,US,USD,Tier3_Enhanced,2024-02-03,137.42,FLR260117129878,2026-01-17 10:50:53,Saturday,10,API PURCHASE - BOLT,Bolt,Travel,API/Integration,160.7,4.15,38.7,1.0,US,0,DEV-4188039808,0,714,Completed,API PURCHASE - BOLT,Bolt,2024,February,3,0.77,123.739,160.8607,0
FLR-ACC-103113,Funke Eze,Individual,NG,NGN,Tier2_Verified,2024-08-25,100.25,FLR250415124837,2025-04-15 18:03:09,Tuesday,18,MOBILE PURCHASE - AIRBNB,Airbnb,Travel,Mobile App,238626.61,40.16,5942.24,0.0,NG,0,missing_device,-1,233,Completed,MOBILE PURCHASE - AIRBNB,Airbnb,2024,August,25,0.00056,133.6309016,173.72017208,0
FLR-ACC-106043,Greenfield Media Inc,Business,NG,NGN,Tier3_Enhanced,2025-02-21,710.46,FLR251006108898,2025-10-06 23:29:01,Monday,23,INTL WIRE - INTERNATIONAL WIRE REF228819,International Wire,Wire Transfer,Web Dashboard,21075810.86,14.17,1487062.78,0.0,NG,0,DEV-7704433181,0,227,Reversed,INTL WIRE - INTERNATIONAL WIRE REF228819,International Wire Ref228819,2025,February,21,0.00056,11802.4540816,15343.19030608,0
FLR-ACC-100134,Global Consulting LLC,Business,NG,NGN,Tier2_Verified,2025-11-10,242.32,FLR260527221775,2026-05-27 08:50:26,Wednesday,8,CNP PURCHASE - ABUJA DISCO,Abuja DisCo,Utilities,Card Not Present,460422.42,0.25,1853753.29,1.0,NG,0,DEV-2644327725,0,198,Reversed,CNP PURCHASE - ABUJA DISCO,Abuja Disco,2025,November,10,0.00056,257.8365552,335.18752176000004,0
FLR-ACC-104271,Yetunde Yusuf,Individual,GB,GBP,Tier2_Verified,2024-07-08,26.09,FLR260521105458,2026-05-21 17:35:57,Thursday,17,SALARY - METRO TEXTILES,no_merchant,Payroll Transfer,Web Dashboard,64.82,24.93,2.6,0.0,GB,0,DEV-4670820498,0,682,Completed,SALARY - METRO TEXTILES,Metro Textiles,2024,July,8,1.0,64.82,84.26599999999999,0
FLR-ACC-105463,Global Consulting Co.,Business,NG,NGN,Tier2_Verified,2025-08-06,204.07,FLR260425108460,2026-04-25 08:57:37,Saturday,8,INTL WIRE - INTERNATIONAL WIRE REF859425,International Wire,Wire Transfer,Mobile App,3665505.65,79.18,46293.26,0.0,NG,0,DEV-7437440938,0,262,Completed,INTL WIRE - INTERNATIONAL WIRE REF859425,International Wire Ref859425,2025,August,6,0.00056,2052.683164,2668.4881132,0
FLR-ACC-100659,Olu Hassan,Individual,DE,EUR,Tier1_Basic,2026-04-01,84.78,FLR251229113398,2025-12-29 07:29:06,Monday,7,CNP PURCHASE - JUMIA,Jumia,Retail,Card Not Present,38.0,0.97,39.04,1.0,DE,0,DEV-3300211263,1,0,Completed,CNP PURCHASE - JUMIA,Jumia,2026,April,1,0.84,31.92,41.496,1
FLR-ACC-105402,Metro Media Co.,Business,US,USD,Tier2_Verified,2023-11-14,341.3,FLR250425116048,2025-04-25 18:43:01,Friday,18,INTL WIRE - INTERNATIONAL WIRE REF641445,International Wire,Wire Transfer,Web Dashboard,3442.18,43.95,78.32,0.0,US,0,missing_device,-1,528,Reversed,INTL WIRE - INTERNATIONAL WIRE REF641445,International Wire Ref641445,2023,November,14,0.77,2650.4786,3445.62218,0
FLR-ACC-101374,Silverline Logistics Ltd,Business,NG,NGN,Tier2_Verified,2024-09-15,449.48,FLR260624133200,2026-06-24 22:01:07,Wednesday,22,SALARY - SILVERLINE MEDIA,no_merchant,Payroll Transfer,Web Dashboard,15570511.19,5.3,2938672.91,1.0,NG,0,DEV-6618186337,0,647,Completed,SALARY - SILVERLINE MEDIA,Silverline Media,2024,September,15,0.00056,8719.4862664,11335.33214632,0
FLR-ACC-102227,Musa Eze,Individual,NG,NGN,Tier1_Basic,2025-12-02,20.01,FLR251129172957,2025-11-29 12:56:16,Saturday,12,CNP PURCHASE - NANDO'S,Nando's,Restaurants,Card Not Present,5402.94,0.45,12088.5,1.0,NG,0,DEV-9218689985,0,0,Declined,CNP PURCHASE - NANDO'S,Nando'S,2025,December,2,0.00056,3.0256463999999994,3.9333403199999992,1
FLR-ACC-105526,Global Technologies Ltd,Business,US,USD,Tier2_Verified,2024-11-25,415.6,FLR250430224182,2025-04-30 16:37:19,Wednesday,16,INTL WIRE - INTERNATIONAL WIRE REF410054,International Wire,Wire Transfer,Card Present,29231.13,1083.44,26.98,0.0,US,0,missing_device,-1,156,Completed,INTL WIRE - INTERNATIONAL WIRE REF410054,International Wire Ref410054,2024,November,25,0.77,22507.9701,29260.36113,0
FLR-ACC-105598,Chuka Bello,Individual,NG,NGN,Tier1_Basic,2025-05-22,12.35,FLR250726154567,2025-07-26 17:02:10,Saturday,17,NIP TRANSFER TO JAMES OKAFOR,no_merchant,P2P Transfer,Mobile App,31256.8,2.12,14728.46,0.0,NG,0,DEV-9197814102,0,65,Completed,NIP TRANSFER - JAMES OKAFOR,James Okafor,2025,May,22,0.00056,17.503808,22.7549504,0
FLR-ACC-101931,Peter Adeyemi,Individual,US,USD,Tier2_Verified,2023-12-08,50.65,FLR251114182085,2025-11-14 08:45:43,Friday,8,CNP PURCHASE - SPORTYBET,SportyBet,Gambling/Gaming,Card Not Present,21.97,0.61,36.23,0.0,US,0,DEV-8155950794,0,707,Completed,CNP PURCHASE - SPORTYBET,Sportybet,2023,December,8,0.77,16.9169,21.99197,0
FLR-ACC-102505,Sunrise Logistics Inc,Business,DE,EUR,Tier2_Verified,2026-01-25,871.87,FLR251220179636,2025-12-20 20:19:42,Saturday,20,MOBILE PURCHASE - BRITISH GAS,British Gas,Utilities,Mobile App,611.05,0.17,3617.81,1.0,DE,0,DEV-7117722258,0,0,Completed,MOBILE PURCHASE - BRITISH GAS,British Gas,2026,January,25,0.84,513.2819999999999,667.2665999999999,1
FLR-ACC-105760,David Hassan,Individual,DE,EUR,Tier1_Basic,2023-10-10,10.85,FLR251025221824,2025-10-25 07:23:59,Saturday,7,MOBILE PURCHASE - AMAZON,Amazon,Retail,Mobile App,3.89,0.75,5.18,0.0,DE,0,DEV-1183762594,0,746,Reversed,MOBILE PURCHASE - AMAZON,Amazon,2023,October,10,0.84,3.2676,4.24788,0
FLR-ACC-100827,Ngozi Balogun,Individual,FR,EUR,Tier1_Basic,2024-11-02,41.56,FLR250618109920,2025-06-18 12:27:02,Wednesday,12,SALARY - GREENFIELD TEXTILES,no_merchant,Payroll Transfer,Card Not Present,510.91,10.08,50.69,0.0,FR,0,DEV-9358605255,0,228,Completed,SALARY - GREENFIELD TEXTILES,Greenfield Textiles,2024,November,2,0.84,429.1644,557.91372,0
FLR-ACC-101024,Urban Trading Ltd,Business,NG,NGN,Tier1_Basic,2026-04-26,1216.99,FLR250208222932,2025-02-08 21:39:03,Saturday,21,INTL WIRE - INTERNATIONAL WIRE REF581632,International Wire,Wire Transfer,Card Not Present,35341217.26,9.27,3814201.8,0.0,NG,0,DEV-5287049027,0,0,Completed,INTL WIRE - INTERNATIONAL WIRE REF581632,International Wire Ref581632,2026,April,26,0.00056,19791.0816656,25728.40616528,1
FLR-ACC-102247,Bluewave Technologies LLC,Business,NG,NGN,Tier3_Enhanced,2024-10-30,446.97,FLR260724213412,2026-07-24 17:14:54,Friday,17,SALARY - PRIME TEXTILES,no_merchant,Payroll Transfer,Mobile App,6373098.0,73.97,86155.0,0.0,NG,0,DEV-5668031643,0,632,Completed,SALARY - PRIME TEXTILES,Prime Textiles,2024,October,30,0.00056,3568.93488,4639.615344,0
FLR-ACC-106379,Sunrise Textiles Inc,Business,US,USD,Tier3_Enhanced,2024-06-08,328.16,FLR251225125301,2025-12-25 10:04:19,Thursday,10,SALARY - BLUEWAVE CONSULTING,no_merchant,Payroll Transfer,API/Integration,2512.0,139.56,18.0,0.0,US,0,DEV-8400003353,0,565,Completed,SALARY - BLUEWAVE CONSULTING,Bluewave Consulting,2024,June,8,0.77,1934.24,2514.512,0
FLR-ACC-105775,Laura Taylor,Individual,GB,GBP,Tier1_Basic,2022-08-28,99.16,FLR251130191796,2025-11-30 17:07:40,Sunday,17,WEB PURCHASE - APPLE STORE,Apple Store,Electronics,Web Dashboard,66.41,1.04,63.99,1.0,GB,0,DEV-2292734119,0,1190,Completed,WEB PURCHASE - APPLE STORE,Apple Store,2022,August,28,1.0,66.41,86.333,0
FLR-ACC-102378,Apex Consulting LLC,Business,NG,NGN,Tier1_Basic,2026-06-20,571.31,FLR251209114471,2025-12-09 21:25:31,Tuesday,21,INTL WIRE - INTERNATIONAL WIRE REF605999,International Wire,Wire Transfer,Web Dashboard,16135657.79,2715.42,5942.24,0.0,NG,0,DEV-5142491451,0,0,Completed,INTL WIRE - INTERNATIONAL WIRE REF605999,International Wire Ref605999,2026,June,20,0.00056,9035.9683624,11746.758871120002,1
FLR-ACC-106897,Ifeoma Yusuf,Individual,NG,NGN,Tier1_Basic,2025-11-06,75.79,FLR260206168994,2026-02-06 10:53:43,Friday,10,MOBILE PURCHASE - ZARA,Zara,Retail,Mobile App,170472.76,46.45,3670.28,0.0,GB,1,DEV-3641957917,0,92,Completed,MOBILE PURCHASE - ZARA,Zara,2025,November,6,0.00056,95.4647456,124.10416928,0
FLR-ACC-106050,Metro Builders Co.,Business,GB,GBP,Tier3_Enhanced,2024-05-29,356.48,FLR250726142333,2025-07-26 21:06:12,Saturday,21,INTL WIRE - INTERNATIONAL WIRE REF961302,International Wire,Wire Transfer,API/Integration,3723.62,2.34,1590.5,0.0,GB,0,DEV-8554479333,0,423,Completed,INTL WIRE - INTERNATIONAL WIRE REF961302,International Wire Ref961302,2024,May,29,1.0,3723.62,4840.706,0
FLR-ACC-102766,Chioma Taylor,Individual,NG,NGN,Tier1_Basic,2026-01-08,39.01,FLR250523143115,2025-05-23 09:35:56,Friday,9,CNP PURCHASE - AIR PEACE,Air Peace,Travel,Card Not Present,419116.82,21.14,19821.97,0.0,NG,0,missing_device,-1,0,Reversed,CNP PURCHASE - AIR PEACE,Air Peace,2026,January,8,0.00056,234.7054192,305.11704496,1
FLR-ACC-102308,Ben Okafor,Individual,US,USD,Tier2_Verified,2023-06-16,134.89,FLR251123127985,2025-11-23 09:44:31,Sunday,9,SALARY - BLUEWAVE MEDIA,no_merchant,Payroll Transfer,Web Dashboard,1349.56,51.26,26.33,0.0,US,0,DEV-7237951850,0,891,Completed,SALARY - BLUEWAVE MEDIA,Bluewave Media,2023,June,16,0.77,1039.1612,1350.90956,0
FLR-ACC-102070,Apex Technologies LLC,Business,US,USD,Tier1_Basic,2026-01-09,460.75,FLR250630164028,2025-06-30 12:06:44,Monday,12,API PURCHASE - THAMES WATER,Thames Water,Utilities,API/Integration,500.62,1.0,500.62,0.0,US,0,DEV-4808299507,0,0,Completed,API PURCHASE - THAMES WATER,Thames Water,2026,January,9,0.77,385.4774,501.12062,1
FLR-ACC-102979,Sunrise Textiles Ltd,Business,NG,NGN,Tier3_Enhanced,2025-04-06,328.27,FLR260421212158,2026-04-21 14:35:00,Tuesday,14,INTL WIRE - INTERNATIONAL WIRE REF623784,International Wire,Wire Transfer,API/Integration,1806883.0,304.07,5942.24,0.0,NG,0,DEV-7641541029,0,380,Completed,INTL WIRE - INTERNATIONAL WIRE REF623784,International Wire Ref623784,2025,April,6,0.00056,1011.85448,1315.410824,0
FLR-ACC-101374,Silverline Logistics Ltd,Business,NG,NGN,Tier2_Verified,2024-09-15,449.48,FLR251208201466,2025-12-08 19:47:30,Monday,19,API PURCHASE - THAMES WATER,Thames Water,Utilities,API/Integration,457559.72,0.16,2938097.12,1.0,NG,0,DEV-6618186337,0,449,Reversed,API PURCHASE - THAMES WATER,Thames Water,2024,September,15,0.00056,256.23344319999995,333.10347616,0
FLR-ACC-103102,Chioma Green,Individual,NG,NGN,Tier2_Verified,2025-04-13,85.52,FLR260629162813,2026-06-29 14:29:47,Monday,14,SALARY - PRIME TEXTILES,no_merchant,Payroll Transfer,Web Dashboard,686465.0,4.13,166281.64,0.0,NG,0,DEV-8792786796,0,442,Completed,SALARY - PRIME TEXTILES,Prime Textiles,2025,April,13,0.00056,384.4204,499.74652,0
FLR-ACC-100827,Ngozi Balogun,Individual,FR,EUR,Tier1_Basic,2024-11-02,41.56,FLR251125168061,2025-11-25 09:53:12,Tuesday,9,SALARY - URBAN MEDIA,no_merchant,Payroll Transfer,USSD,391.73,9.19,42.62,1.0,FR,0,DEV-9358605255,0,388,Reversed,SALARY - URBAN MEDIA,Urban Media,2024,November,2,0.84,329.0532,427.76916,0
FLR-ACC-101024,Urban Trading Ltd,Business,NG,NGN,Tier1_Basic,2026-04-26,1216.99,FLR260327143616,2026-03-27 10:05:18,Friday,10,INTL WIRE - INTERNATIONAL WIRE REF165533,International Wire,Wire Transfer,Card Not Present,14771641.44,1.77,8344192.76,1.0,NG,0,DEV-2419480559,0,0,Completed,INTL WIRE - INTERNATIONAL WIRE REF165533,International Wire Ref165533,2026,April,26,0.00056,8272.119206399999,10753.75496832,1
FLR-ACC-102269,Metro Consulting Co.,Business,NG,NGN,Tier3_Enhanced,2025-06-17,2486.5,FLR260713222948,2026-07-13 20:30:21,Monday,20,SALARY - NORTH TECHNOLOGIES,no_merchant,Payroll Transfer,Mobile App,27297577.0,150.01,181970.5,0.0,FR,1,DEV-1794390459,0,391,Reversed,SALARY - NORTH TECHNOLOGIES,North Technologies,2025,June,17,0.00056,15286.64312,19872.636056000003,0
FLR-ACC-105952,Musa Bello,Individual,NG,NGN,Tier3_Enhanced,2025-04-13,62.94,FLR250813212117,2025-08-13 18:37:35,Wednesday,18,SALARY - SUNRISE RETAIL,no_merchant,Payroll Transfer,Mobile App,803270.9,105.58,7608.36,0.0,NG,0,DEV-6890274079,0,122,Completed,SALARY - SUNRISE RETAIL,Sunrise Retail,2025,April,13,0.00056,449.831704,584.7812152,0
FLR-ACC-104064,James Okoro,Individual,NG,NGN,Tier3_Enhanced,2025-02-01,81.12,FLR260113149446,2026-01-13 19:16:16,Tuesday,19,MOBILE PURCHASE - GOTV,GOtv,Subscription/SaaS,Mobile App,14187.97,0.18,78599.23,1.0,NG,0,DEV-5823279692,0,346,Completed,MOBILE PURCHASE - GOTV,Gotv,2025,February,1,0.00056,7.9452631999999985,10.32884216,0
FLR-ACC-105168,Urban Builders LLC,Business,NG,NGN,Tier2_Verified,2024-07-19,1081.17,FLR260524138370,2026-05-24 12:16:50,Sunday,12,WEB PURCHASE - BRITISH GAS,British Gas,Utilities,Web Dashboard,446600.58,0.06,7500924.66,1.0,NG,0,DEV-2240544904,0,674,Completed,WEB PURCHASE - BRITISH GAS,British Gas,2024,July,19,0.00056,250.0963248,325.12522224,0
FLR-ACC-100134,Global Consulting LLC,Business,NG,NGN,Tier2_Verified,2025-11-10,242.32,FLR250409151793,2025-04-09 19:16:19,Wednesday,19,MOBILE PURCHASE - ASOS,ASOS,Retail,Mobile App,152533.36,0.1,1546443.73,1.0,NG,0,DEV-2644327725,0,0,Reversed,MOBILE PURCHASE - ASOS,Asos,2025,November,10,0.00056,85.41868159999999,111.04428607999998,1
FLR-ACC-103059,Tunde Smith,Individual,GB,GBP,Tier1_Basic,2026-08-25,25.8,FLR250716202045,2025-07-16 06:49:49,Wednesday,6,NIP TRANSFER TO TUNDE OBI,no_merchant,P2P Transfer,Mobile App,17.29,17.29,1.0,0.0,GB,0,DEV-2376077728,0,0,Completed,NIP TRANSFER - TUNDE OBI,Tunde Obi,2026,August,25,1.0,17.29,22.477,1
FLR-ACC-102675,Ben Brown,Individual,US,USD,Tier2_Verified,2024-03-23,159.96,FLR260524196646,2026-05-24 15:14:32,Sunday,15,SALARY - URBAN TEXTILES,no_merchant,Payroll Transfer,Mobile App,698.35,2.47,282.76,1.0,US,0,DEV-8083870769,0,792,Reversed,SALARY - URBAN TEXTILES,Urban Textiles,2024,March,23,0.77,537.7295,699.04835,0
FLR-ACC-104592,Prime Media Co.,Business,NG,NGN,Tier1_Basic,2024-01-28,561.62,FLR260506159066,2026-05-06 08:30:07,Wednesday,8,INTL WIRE - INTERNATIONAL WIRE REF524282,International Wire,Wire Transfer,API/Integration,4492208.0,7.46,602328.09,0.0,NG,0,DEV-6109361554,0,829,Completed,INTL WIRE - INTERNATIONAL WIRE REF524282,International Wire Ref524282,2024,January,28,0.00056,2515.63648,3270.327424,0
FLR-ACC-103109,Mary Obi,Individual,NG,NGN,Tier2_Verified,2023-11-25,60.05,FLR250424116910,2025-04-24 10:45:38,Thursday,10,SALARY - METRO FOODS,no_merchant,Payroll Transfer,Mobile App,1193995.0,45.23,26397.8,0.0,NG,0,DEV-2046085876,1,516,Reversed,SALARY - METRO FOODS,Metro Foods,2023,November,25,0.00056,668.6371999999999,869.2283599999998,0
FLR-ACC-102575,Olu Adeyemi,Individual,NG,NGN,Tier2_Verified,2024-09-22,10.51,FLR251118183380,2025-11-18 14:27:19,Tuesday,14,WEB PURCHASE - BOOKING.COM,Booking.com,Travel,Web Dashboard,20200.76,0.32,62632.5,1.0,NG,0,DEV-7663535770,0,422,Completed,WEB PURCHASE - BOOKING.COM,Booking.Com,2024,September,22,0.00056,11.312425599999996,14.706153279999995,0
FLR-ACC-106684,Urban Media Inc,Business,US,USD,Tier2_Verified,2023-08-12,4934.12,FLR260810222353,2026-08-10 14:10:17,Monday,14,INTL WIRE - INTERNATIONAL WIRE REF773220,International Wire,Wire Transfer,Mobile App,48294.0,29.06,1661.93,0.0,US,0,DEV-9264938616,0,1094,Completed,INTL WIRE - INTERNATIONAL WIRE REF773220,International Wire Ref773220,2023,August,12,0.77,37186.38,48342.294,0
FLR-ACC-101388,Silverline Technologies LLC,Business,NG,NGN,Tier2_Verified,2024-07-02,1395.98,FLR260421221025,2026-04-21 15:03:28,Tuesday,15,INTL WIRE - INTERNATIONAL WIRE REF337559,International Wire,Wire Transfer,Web Dashboard,9508563.37,82.74,114922.09,0.0,NG,0,DEV-7601740684,1,658,Reversed,INTL WIRE - INTERNATIONAL WIRE REF337559,International Wire Ref337559,2024,July,2,0.00056,5324.795487199999,6922.234133359999,0
FLR-ACC-105577,Greenfield Ventures Co.,Business,NG,NGN,Tier2_Verified,2025-10-02,100.42,FLR250831174104,2025-08-31 14:20:18,Sunday,14,INTL WIRE - INTERNATIONAL WIRE REF573263,International Wire,Wire Transfer,API/Integration,1008536.13,50.61,19926.1,0.0,NG,0,DEV-8486182733,0,0,Completed,INTL WIRE - INTERNATIONAL WIRE REF573263,International Wire Ref573263,2025,October,2,0.00056,564.7802327999999,734.2143026399999,1
FLR-ACC-101182,Michael Bello,Individual,US,USD,Tier2_Verified,2025-11-28,129.67,FLR251225104682,2025-12-25 18:31:52,Thursday,18,SALARY - SILVERLINE FOODS,no_merchant,Payroll Transfer,API/Integration,1580.0,56.4,28.02,0.0,US,0,DEV-1579531575,0,27,Reversed,SALARY - SILVERLINE FOODS,Silverline Foods,2025,November,28,0.77,1216.6,1581.58,0
FLR-ACC-106759,Urban Ventures Ltd,Business,NG,NGN,Tier2_Verified,2025-11-26,1259.37,FLR250305109100,2025-03-05 15:35:14,Wednesday,15,SALARY - NORTH RETAIL,no_merchant,Payroll Transfer,Web Dashboard,19790732.51,31.88,620699.66,0.0,NG,0,DEV-1903067758,0,0,Completed,SALARY - NORTH RETAIL,North Retail,2025,November,26,0.00056,11082.8102056,14407.653267280002,1
FLR-ACC-102017,North Trading LLC,Business,NG,NGN,Tier2_Verified,2026-07-14,54.2,FLR251225170370,2025-12-25 22:12:44,Thursday,22,WEB PURCHASE - AXA MANSARD,AXA Mansard,Insurance,Web Dashboard,159397.7,0.51,314004.27,2.0,NG,0,DEV-7594700845,0,0,Completed,WEB PURCHASE - AXA MANSARD,Axa Mansard,2026,July,14,0.00056,89.262712,116.0415256,1
FLR-ACC-103025,David Taylor,Individual,US,USD,Tier1_Basic,2025-08-03,70.07,FLR260827147546,2026-08-27 09:34:27,Thursday,9,SALARY - METRO CONSULTING,no_merchant,Payroll Transfer,Mobile App,304.33,91.39,3.33,0.0,US,0,DEV-9514109894,0,389,Reversed,SALARY - METRO CONSULTING,Metro Consulting,2025,August,3,0.77,234.3341,304.63433000000003,0
FLR-ACC-102675,Ben Brown,Individual,US,USD,Tier2_Verified,2024-03-23,159.96,FLR260215136525,2026-02-15 15:06:44,Sunday,15,CNP PURCHASE - CONED,ConEd,Utilities,Card Not Present,352.61,3.14,112.46,1.0,US,0,DEV-5471482613,0,694,Completed,CNP PURCHASE - CONED,Coned,2024,March,23,0.77,271.5097,352.96261000000004,0
FLR-ACC-106857,Ben Obi,Individual,GB,GBP,Tier1_Basic,2024-11-20,48.66,FLR250716191282,2025-07-16 12:55:20,Wednesday,12,SALARY - GREENFIELD MEDIA,no_merchant,Payroll Transfer,Web Dashboard,528.36,45.98,11.49,0.0,GB,0,DEV-7732204170,1,238,Reversed,SALARY - GREENFIELD MEDIA,Greenfield Media,2024,November,20,1.0,528.36,686.868,0
FLR-ACC-106116,Greenfield Builders Ltd,Business,NG,NGN,Tier1_Basic,2025-11-30,62.43,FLR260429220032,2026-04-29 12:14:28,Wednesday,12,INTL WIRE - INTERNATIONAL WIRE REF267088,International Wire,Wire Transfer,API/Integration,1161970.65,10.71,108509.8,0.0,NG,0,DEV-2526786995,0,150,Reversed,INTL WIRE - INTERNATIONAL WIRE REF267088,International Wire Ref267088,2025,November,30,0.00056,650.7035639999999,845.9146331999999,0
FLR-ACC-104094,Ben Williams,Individual,NG,NGN,Tier3_Enhanced,2025-02-26,226.33,FLR260227102127,2026-02-27 17:29:43,Friday,17,ATM WITHDRAWAL - BARCLAYS ATM,Barclays ATM,ATM Withdrawal,Web Dashboard,47996.09,0.08,618611.06,1.0,NG,0,DEV-3262924884,0,366,Completed,ATM WITHDRAWAL - BARCLAYS ATM,Barclays Atm,2025,February,26,0.00056,26.8778104,34.94115352,0
FLR-ACC-100004,Ngozi Brown,Individual,NG,NGN,Tier3_Enhanced,2024-06-18,28.68,FLR260314166904,2026-03-14 20:50:07,Saturday,20,NIP TRANSFER TO TUNDE OKAFOR,no_merchant,P2P Transfer,Card Present,50316.48,30.3,1660.39,0.0,NG,0,DEV-3695956276,0,634,Completed,NIP TRANSFER - TUNDE OKAFOR,Tunde Okafor,2024,June,18,0.00056,28.1772288,36.63039744,0
FLR-ACC-105216,Laura Adeyemi,Individual,FR,EUR,Tier1_Basic,2026-04-04,73.96,FLR251001142243,2025-10-01 13:35:14,Wednesday,13,SALARY - PRIME CONSULTING,no_merchant,Payroll Transfer,Card Not Present,369.18,43.51,8.48,0.0,FR,0,DEV-2160607232,0,0,Completed,SALARY - PRIME CONSULTING,Prime Consulting,2026,April,4,0.84,310.1112,403.14456,1
FLR-ACC-100827,Ngozi Balogun,Individual,FR,EUR,Tier1_Basic,2024-11-02,41.56,FLR251230180724,2025-12-30 11:25:28,Tuesday,11,MOBILE PURCHASE - SPAR,Spar,Groceries,Mobile App,6.66,0.13,53.22,1.0,FR,0,DEV-9358605255,0,423,Completed,MOBILE PURCHASE - SPAR,Spar,2024,November,2,0.84,5.5944,7.27272,0
FLR-ACC-106740,Ben Okafor,Individual,NG,NGN,Tier1_Basic,2025-08-18,48.83,FLR260707131295,2026-07-07 07:45:52,Tuesday,7,NIP TRANSFER TO SARAH ADEKUNLE,no_merchant,P2P Transfer,Mobile App,46329.0,4.53,10220.88,0.0,NG,0,DEV-4156346371,0,323,Reversed,NIP TRANSFER - SARAH ADEKUNLE,Sarah Adekunle,2025,August,18,0.00056,25.94424,33.727512000000004,0
FLR-ACC-102220,Urban Media LLC,Business,NG,NGN,Tier2_Verified,2026-02-16,170.27,FLR250405145174,2025-04-05 13:30:00,Saturday,13,SALARY - PRIME MEDIA,no_merchant,Payroll Transfer,Web Dashboard,1355764.0,39.25,34541.0,0.0,NG,0,missing_device,-1,0,Completed,SALARY - PRIME MEDIA,Prime Media,2026,February,16,0.00056,759.2278399999999,986.996192,1
FLR-ACC-106675,Urban Foods LLC,Business,NG,NGN,Tier3_Enhanced,2024-10-25,990.04,FLR260103133948,2026-01-03 10:08:37,Saturday,10,SALARY - GLOBAL TEXTILES,no_merchant,Payroll Transfer,Web Dashboard,16019437.81,21.58,742263.33,0.0,NG,0,DEV-1448669612,0,435,Completed,SALARY - GLOBAL TEXTILES,Global Textiles,2024,October,25,0.00056,8970.8851736,11662.15072568,0
FLR-ACC-101079,Metro Logistics Inc,Business,GB,GBP,Tier1_Basic,2025-07-23,1567.85,FLR250406200494,2025-04-06 19:13:26,Sunday,19,INTL WIRE - INTERNATIONAL WIRE REF345934,International Wire,Wire Transfer,Web Dashboard,14646.72,60.93,240.38,1.0,GB,0,missing_device,-1,0,Completed,INTL WIRE - INTERNATIONAL WIRE REF345934,International Wire Ref345934,2025,July,23,1.0,14646.72,19040.736,1
FLR-ACC-100766,Ruth Johnson,Individual,US,USD,Tier2_Verified,2024-03-04,17.54,FLR251228217076,2025-12-28 17:43:41,Sunday,17,MOBILE PURCHASE - DOMINO'S PIZZA,Domino's Pizza,Restaurants,Mobile App,2.24,0.04,50.01,1.0,US,0,DEV-6664890474,0,664,Completed,MOBILE PURCHASE - DOMINO'S PIZZA,Domino'S Pizza,2024,March,4,0.77,1.7248,2.24224,0
FLR-ACC-101578,Sunrise Textiles Co.,Business,NG,NGN,Tier3_Enhanced,2024-04-19,501.16,FLR250327183374,2025-03-27 22:15:25,Thursday,22,SALARY - URBAN TEXTILES,no_merchant,Payroll Transfer,Mobile App,3141025.0,528.59,5942.24,0.0,NG,0,missing_device,-1,342,Completed,SALARY - URBAN TEXTILES,Urban Textiles,2024,April,19,0.00056,1758.974,2286.6662,0
FLR-ACC-105445,Metro Consulting Co.,Business,NG,NGN,Tier3_Enhanced,2025-01-17,599.8,FLR250607179710,2025-06-07 07:25:21,Saturday,7,INTL WIRE - INTERNATIONAL WIRE REF714917,International Wire,Wire Transfer,Web Dashboard,9423073.77,1585.78,5942.24,0.0,NG,0,DEV-3352496016,0,141,Completed,INTL WIRE - INTERNATIONAL WIRE REF714917,International Wire Ref714917,2025,January,17,0.00056,5276.921311199999,6859.997704559999,0
FLR-ACC-102288,Femi Johnson,Individual,US,USD,Tier2_Verified,2023-03-13,93.75,FLR251013215798,2025-10-13 19:12:12,Monday,19,SALARY - BLUEWAVE LOGISTICS,no_merchant,Payroll Transfer,USSD,462.34,136.38,3.39,0.0,US,0,DEV-9683628294,0,945,Reversed,SALARY - BLUEWAVE LOGISTICS,Bluewave Logistics,2023,March,13,0.77,356.0018,462.80234,0
FLR-ACC-100244,John Brown,Individual,US,USD,Tier2_Verified,2023-12-22,29.49,FLR250325173823,2025-03-25 20:54:54,Tuesday,20,API PURCHASE - UBER,Uber,Travel,API/Integration,277.0,30.78,9.0,0.0,US,0,DEV-9030374479,0,459,Completed,API PURCHASE - UBER,Uber,2023,December,22,0.77,213.29,277.277,0
FLR-ACC-101885,Tobi Eze,Individual,FR,EUR,Tier1_Basic,2024-07-24,69.81,FLR251211148017,2025-12-11 09:32:04,Thursday,9,WEB PURCHASE - SHOPRITE,Shoprite,Groceries,Web Dashboard,15.0,1.25,11.96,1.0,FR,0,DEV-3296656587,0,505,Reversed,WEB PURCHASE - SHOPRITE,Shoprite,2024,July,24,0.84,12.6,16.38,0
FLR-ACC-101835,Mary Adekunle,Individual,GB,GBP,Tier1_Basic,2026-03-02,54.04,FLR251222166317,2025-12-22 08:05:30,Monday,8,NIP TRANSFER TO EMEKA TAYLOR,no_merchant,P2P Transfer,Card Not Present,41.64,0.86,48.33,1.0,GB,0,DEV-4771401191,0,0,Completed,NIP TRANSFER - EMEKA TAYLOR,Emeka Taylor,2026,March,2,1.0,41.64,54.132000000000005,1
FLR-ACC-104729,Olu Green,Individual,NG,NGN,Tier3_Enhanced,2026-05-18,296.23,FLR251220129440,2025-12-20 15:03:34,Saturday,15,POS PURCHASE - SAINSBURY'S,Sainsbury's,Groceries,Card Present,163506.0,7.01,23337.79,0.0,NG,0,DEV-3252165027,0,0,Reversed,POS PURCHASE - SAINSBURY'S,Sainsbury'S,2026,May,18,0.00056,91.56336,119.032368,1
FLR-ACC-101374,Silverline Logistics Ltd,Business,NG,NGN,Tier2_Verified,2024-09-15,449.48,FLR260529170722,2026-05-29 09:12:28,Friday,9,SALARY - URBAN RETAIL,no_merchant,Payroll Transfer,Web Dashboard,3401135.0,1.41,2406832.89,1.0,NG,0,DEV-6618186337,0,621,Reversed,SALARY - URBAN RETAIL,Urban Retail,2024,September,15,0.00056,1904.6356,2476.02628,0
FLR-ACC-101374,Silverline Logistics Ltd,Business,NG,NGN,Tier2_Verified,2024-09-15,449.48,FLR260405186115,2026-04-05 14:14:59,Sunday,14,INTL WIRE - INTERNATIONAL WIRE REF291122,International Wire,Wire Transfer,Web Dashboard,6041112.8,2.16,2791735.41,1.0,NG,0,DEV-6618186337,0,567,Reversed,INTL WIRE - INTERNATIONAL WIRE REF291122,International Wire Ref291122,2024,September,15,0.00056,3383.023168,4397.9301184000005,0
FLR-ACC-104277,Grace Yusuf,Individual,NG,NGN,Tier3_Enhanced,2024-05-26,50.41,FLR260721167155,2026-07-21 07:24:13,Tuesday,7,MOBILE PURCHASE - THAMES WATER,Thames Water,Utilities,Mobile App,65189.75,5.5,11850.67,0.0,NG,0,DEV-7958543039,0,786,Declined,MOBILE PURCHASE - THAMES WATER,Thames Water,2024,May,26,0.00056,36.50626,47.458138,0
FLR-ACC-106445,North Builders LLC,Business,DE,EUR,Tier1_Basic,2025-08-12,464.86,FLR251228185721,2025-12-28 07:23:25,Sunday,7,INTL WIRE - INTERNATIONAL WIRE REF643528,International Wire,Wire Transfer,Card Present,4848.18,135.08,35.89,0.0,DE,0,DEV-7935805862,0,138,Completed,INTL WIRE - INTERNATIONAL WIRE REF643528,International Wire Ref643528,2025,August,12,0.84,4072.4712,5294.21256,0
FLR-ACC-101495,Metro Trading Co.,Business,FR,EUR,Tier2_Verified,2026-05-26,123.9,FLR250211133788,2025-02-11 18:21:56,Tuesday,18,API PURCHASE - TESCO,Tesco,Groceries,API/Integration,111.0,2.18,51.0,1.0,FR,0,missing_device,-1,0,Declined,API PURCHASE - TESCO,Tesco,2026,May,26,0.84,93.24,121.212,1
FLR-ACC-107049,Mary Balogun,Individual,NG,NGN,Tier1_Basic,2024-05-21,23.4,FLR260709202012,2026-07-09 15:14:07,Thursday,15,NIP TRANSFER TO DAVID BELLO,no_merchant,P2P Transfer,Card Not Present,53860.0,21.98,2450.4,0.0,NG,0,DEV-4359561814,1,779,Completed,NIP TRANSFER - DAVID BELLO,David Bello,2024,May,21,0.00056,30.1616,39.21008,0
FLR-ACC-103938,Yetunde Johnson,Individual,NG,NGN,Tier1_Basic,2024-10-10,153.29,FLR260128101705,2026-01-28 10:42:20,Wednesday,10,POS PURCHASE - COLD STONE CREAMERY,Cold Stone Creamery,Restaurants,Card Present,35630.24,0.49,72324.0,1.0,NG,0,DEV-9314507439,0,475,Completed,POS PURCHASE - COLD STONE CREAMERY,Cold Stone Creamery,2024,October,10,0.00056,19.9529344,25.93881472,0
FLR-ACC-101374,Silverline Logistics Ltd,Business,NG,NGN,Tier2_Verified,2024-09-15,449.48,FLR250325166164,2025-03-25 23:32:59,Tuesday,23,POS PURCHASE - ABUJA DISCO,Abuja DisCo,Utilities,Card Present,410577.66,0.15,2827227.89,1.0,NG,0,DEV-6618186337,0,191,Completed,POS PURCHASE - ABUJA DISCO,Abuja Disco,2024,September,15,0.00056,229.92348959999995,298.90053648,0
FLR-ACC-103567,Laura Adekunle,Individual,NG,NGN,Tier3_Enhanced,2025-03-24,35.36,FLR260421170943,2026-04-21 07:41:22,Tuesday,7,MOBILE PURCHASE - CURRYS PC WORLD,Currys PC World,Electronics,Mobile App,19474.81,2.9,6711.15,1.0,NG,0,DEV-2068024438,0,393,Reversed,MOBILE PURCHASE - CURRYS PC WORLD,Currys Pc World,2025,March,24,0.00056,10.9058936,14.177661680000002,0
FLR-ACC-100205,David Nwosu,Individual,NG,NGN,Tier1_Basic,2025-03-26,67.7,FLR251227112438,2025-12-27 23:03:04,Saturday,23,CNP PURCHASE - THAMES WATER,Thames Water,Utilities,Card Not Present,70428.11,0.97,72901.62,1.0,NG,0,DEV-9717828349,0,276,Completed,CNP PURCHASE - THAMES WATER,Thames Water,2025,March,26,0.00056,39.4397416,51.27166408,0
FLR-ACC-101374,Silverline Logistics Ltd,Business,NG,NGN,Tier2_Verified,2024-09-15,449.48,FLR260308156252,2026-03-08 12:48:36,Sunday,12,WEB PURCHASE - ADOBE CREATIVE CLOUD,Adobe Creative Cloud,Subscription/SaaS,Web Dashboard,23347.01,0.01,2849110.09,1.0,FR,1,DEV-6618186337,0,539,Completed,WEB PURCHASE - ADOBE CREATIVE CLOUD,Adobe Creative Cloud,2024,September,15,0.00056,13.074325599999998,16.996623279999998,0
FLR-ACC-100303,Metro Ventures LLC,Business,NG,NGN,Tier1_Basic,2025-09-02,731.66,FLR260412198754,2026-04-12 20:53:27,Sunday,20,API PURCHASE - SLOT SYSTEMS,Slot Systems,Electronics,API/Integration,1471215.72,27.53,53440.0,0.0,NG,0,DEV-9302308729,0,222,Reversed,API PURCHASE - SLOT SYSTEMS,Slot Systems,2025,September,2,0.00056,823.8808032,1071.04504416,0
FLR-ACC-103372,Metro Foods Ltd,Business,DE,EUR,Tier2_Verified,2023-07-24,286.76,FLR260727114144,2026-07-27 13:01:35,Monday,13,MOBILE PURCHASE - NOTION,Notion,Subscription/SaaS,Mobile App,9.1,1.0,9.1,0.0,DE,0,DEV-3739148274,0,1099,Completed,MOBILE PURCHASE - NOTION,Notion,2023,July,24,0.84,7.643999999999999,9.9372,0
FLR-ACC-105168,Urban Builders LLC,Business,NG,NGN,Tier2_Verified,2024-07-19,1081.17,FLR260712132925,2026-07-12 20:06:29,Sunday,20,NIP TRANSFER TO EMEKA JOHNSON,no_merchant,P2P Transfer,USSD,1381387.97,0.18,7663537.55,1.0,NG,0,DEV-2240544904,0,723,Completed,NIP TRANSFER - EMEKA JOHNSON,Emeka Johnson,2024,July,19,0.00056,773.5772632,1005.65044216,0
FLR-ACC-101374,Silverline Logistics Ltd,Business,NG,NGN,Tier2_Verified,2024-09-15,449.48,FLR250628126781,2025-06-28 07:31:25,Saturday,7,SALARY - SILVERLINE RETAIL,no_merchant,Payroll Transfer,API/Integration,6935601.23,3.32,2088742.67,1.0,NG,0,DEV-6618186337,0,286,Completed,SALARY - SILVERLINE RETAIL,Silverline Retail,2024,September,15,0.00056,3883.9366888,5049.11769544,0
FLR-ACC-104094,Ben Williams,Individual,NG,NGN,Tier3_Enhanced,2025-02-26,226.33,FLR250322180966,2025-03-22 07:02:31,Saturday,7,POS PURCHASE - BOLT,Bolt,Travel,Card Present,767346.58,1.74,442154.47,1.0,NG,0,missing_device,-1,24,Completed,POS PURCHASE - BOLT,Bolt,2025,February,26,0.00056,429.7140848,558.62831024,0
FLR-ACC-104487,Mary Okafor,Individual,FR,EUR,Tier3_Enhanced,2025-09-29,53.26,FLR250425185092,2025-04-25 03:18:41,Friday,3,SALARY - URBAN TECHNOLOGIES,no_merchant,Payroll Transfer,Web Dashboard,266.0,13.19,20.16,0.0,FR,0,missing_device,-1,0,Completed,SALARY - URBAN TECHNOLOGIES,Urban Technologies,2025,September,29,0.84,223.44,290.472,1
FLR-ACC-101009,Bluewave Builders Co.,Business,NG,NGN,Tier2_Verified,2025-08-02,680.29,FLR260326101120,2026-03-26 16:32:42,Thursday,16,INTL WIRE - INTERNATIONAL WIRE REF714414,International Wire,Wire Transfer,Mobile App,8954851.05,164.91,54300.0,0.0,NG,0,DEV-1589604637,0,236,Reversed,INTL WIRE - INTERNATIONAL WIRE REF714414,International Wire Ref714414,2025,August,2,0.00056,5014.716588,6519.131564400001,0
FLR-ACC-102189,Sunrise Ventures Inc,Business,NG,NGN,Tier1_Basic,2025-12-18,237.88,FLR250227225277,2025-02-27 14:42:37,Thursday,14,SALARY - APEX MEDIA,no_merchant,Payroll Transfer,Card Present,2125947.2,1.1,1933976.48,1.0,NG,0,missing_device,-1,0,Completed,SALARY - APEX MEDIA,Apex Media,2025,December,18,0.00056,1190.530432,1547.6895616000002,1
FLR-ACC-102581,Peter Okafor,Individual,GB,GBP,Tier1_Basic,2024-06-12,48.2,FLR260515168799,2026-05-15 20:48:53,Friday,20,POS PURCHASE - COINBASE,Coinbase,Crypto Exchange,Card Present,137.76,1.87,73.83,0.0,GB,0,DEV-8704210412,0,702,Completed,POS PURCHASE - COINBASE,Coinbase,2024,June,12,1.0,137.76,179.088,0
FLR-ACC-106585,Bluewave Foods LLC,Business,FR,EUR,Tier2_Verified,2023-11-03,457.88,FLR251130129934,2025-11-30 08:17:19,Sunday,8,INTL WIRE - INTERNATIONAL WIRE REF130387,International Wire,Wire Transfer,Mobile App,2286.65,134.51,17.0,0.0,FR,0,DEV-3618043333,0,758,Completed,INTL WIRE - INTERNATIONAL WIRE REF130387,International Wire Ref130387,2023,November,3,0.84,1920.786,2497.0218,0
FLR-ACC-101281,Chioma Smith,Individual,NG,NGN,Tier3_Enhanced,2025-08-03,28.3,FLR260520162585,2026-05-20 11:20:09,Wednesday,11,SALARY - SUNRISE CONSULTING,no_merchant,Payroll Transfer,Mobile App,243218.75,15.65,15544.23,0.0,NG,0,DEV-7532771939,0,290,Completed,SALARY - SUNRISE CONSULTING,Sunrise Consulting,2025,August,3,0.00056,136.2025,177.06324999999998,0
FLR-ACC-103106,North Ventures Co.,Business,NG,NGN,Tier2_Verified,2023-10-15,1367.02,FLR260802191118,2026-08-02 11:29:08,Sunday,11,SALARY - URBAN LOGISTICS,no_merchant,Payroll Transfer,Mobile App,33823678.02,5692.08,5942.24,0.0,NG,0,DEV-2995491107,0,1022,Reversed,SALARY - URBAN LOGISTICS,Urban Logistics,2023,October,15,0.00056,18941.2596912,24623.637598560003,0
FLR-ACC-102932,Prime Foods Ltd,Business,NG,NGN,Tier2_Verified,2025-05-03,914.07,FLR260817159899,2026-08-17 20:55:49,Monday,20,SALARY - GREENFIELD TRADING,no_merchant,Payroll Transfer,Mobile App,25742604.33,189.74,135670.0,0.0,NG,0,DEV-4616357975,0,471,Completed,SALARY - GREENFIELD TRADING,Greenfield Trading,2025,May,3,0.00056,14415.858424799995,18740.61595224,0
FLR-ACC-104140,Sunrise Textiles Co.,Business,NG,NGN,Tier3_Enhanced,2024-11-11,208.73,FLR260327105079,2026-03-27 14:39:59,Friday,14,INTL WIRE - INTERNATIONAL WIRE REF900182,International Wire,Wire Transfer,Mobile App,4350530.21,90.57,48032.84,0.0,NG,0,DEV-1430805140,0,501,Reversed,INTL WIRE - INTERNATIONAL WIRE REF900182,International Wire Ref900182,2024,November,11,0.00056,2436.2969176,3167.1859928800004,0
FLR-ACC-103782,Ngozi Adekunle,Individual,GB,GBP,Tier2_Verified,2026-04-23,20.02,FLR260625106498,2026-06-25 12:37:01,Thursday,12,MOBILE PURCHASE - BRITISH AIRWAYS,British Airways,Travel,Mobile App,156.0,156.0,0.74,0.0,GB,0,DEV-1172907273,0,63,Reversed,MOBILE PURCHASE - BRITISH AIRWAYS,British Airways,2026,April,23,1.0,156.0,202.8,0
FLR-ACC-102589,Apex Media LLC,Business,US,USD,Tier2_Verified,2025-06-27,589.95,FLR250222142682,2025-02-22 13:28:33,Saturday,13,API PURCHASE - APPLE STORE ONLINE,Apple Store Online,Retail,API/Integration,307.0,0.16,1878.5,1.0,US,0,missing_device,-1,0,Reversed,API PURCHASE - APPLE STORE ONLINE,Apple Store Online,2025,June,27,0.77,236.39,307.307,1
FLR-ACC-103146,Chioma Ibrahim,Individual,NG,NGN,Tier3_Enhanced,2025-05-31,30.18,FLR250609108083,2025-06-09 19:21:12,Monday,19,CNP PURCHASE - JUMIA,Jumia,Retail,Card Not Present,20842.0,0.13,155529.02,1.0,NG,0,DEV-2026020199,0,9,Completed,CNP PURCHASE - JUMIA,Jumia,2025,May,31,0.00056,11.67152,15.172976,0
FLR-ACC-107197,Metro Textiles Ltd,Business,GB,GBP,Tier3_Enhanced,2024-08-21,1617.25,FLR251121122257,2025-11-21 11:00:42,Friday,11,WEB PURCHASE - KONGA,Konga,Retail,Web Dashboard,565.28,0.18,3138.88,1.0,GB,0,DEV-2792098320,0,457,Reversed,WEB PURCHASE - KONGA,Konga,2024,August,21,1.0,565.28,734.864,0
FLR-ACC-101374,Silverline Logistics Ltd,Business,NG,NGN,Tier2_Verified,2024-09-15,449.48,FLR251121200148,2025-11-21 12:01:06,Friday,12,POS PURCHASE - AVIVA,Aviva,Insurance,Card Present,682158.36,0.26,2614842.3,1.0,NG,0,DEV-6618186337,0,432,Completed,POS PURCHASE - AVIVA,Aviva,2024,September,15,0.00056,382.00868159999993,496.6112860799999,0
FLR-ACC-105958,North Consulting Inc,Business,GB,GBP,Tier1_Basic,2026-05-29,1097.62,FLR250829162893,2025-08-29 20:25:18,Friday,20,API PURCHASE - COLD STONE CREAMERY,Cold Stone Creamery,Restaurants,API/Integration,64.0,0.02,3873.55,1.0,GB,0,DEV-8288511776,0,0,Reversed,API PURCHASE - COLD STONE CREAMERY,Cold Stone Creamery,2026,May,29,1.0,64.0,83.2,1
FLR-ACC-105791,David Okoro,Individual,DE,EUR,Tier1_Basic,2025-10-17,43.43,FLR260725109394,2026-07-25 13:59:16,Saturday,13,INTL WIRE - INTERNATIONAL WIRE REF804506,International Wire,Wire Transfer,Mobile App,622.04,107.53,5.78,0.0,DE,0,DEV-9171332769,0,281,Reversed,INTL WIRE - INTERNATIONAL WIRE REF804506,International Wire Ref804506,2025,October,17,0.84,522.5136,679.26768,0
FLR-ACC-103349,Emeka Chukwu,Individual,US,USD,Tier1_Basic,2026-05-06,201.09,FLR260807119965,2026-08-07 20:42:48,Friday,20,SALARY - NORTH TRADING,no_merchant,Payroll Transfer,Mobile App,1641.49,14.22,115.42,0.0,US,0,DEV-4490301819,0,93,Completed,SALARY - NORTH TRADING,North Trading,2026,May,6,0.77,1263.9473,1643.1314900000002,0
FLR-ACC-101374,Silverline Logistics Ltd,Business,NG,NGN,Tier2_Verified,2024-09-15,449.48,FLR260326110592,2026-03-26 21:30:00,Thursday,21,WEB PURCHASE - SLACK,Slack,Subscription/SaaS,Web Dashboard,31158.74,0.01,3224143.74,1.0,NG,0,DEV-6618186337,0,557,Reversed,WEB PURCHASE - SLACK,Slack,2024,September,15,0.00056,17.4488944,22.68356272,0
FLR-ACC-106745,Sunrise Retail Ltd,Business,US,USD,Tier2_Verified,2026-03-17,620.81,FLR250220177178,2025-02-20 12:29:45,Thursday,12,INTL WIRE - INTERNATIONAL WIRE REF967516,International Wire,Wire Transfer,Card Present,9987.78,42.9,232.8,0.0,US,0,missing_device,-1,0,Completed,INTL WIRE - INTERNATIONAL WIRE REF967516,International Wire Ref967516,2026,March,17,0.77,7690.5906,9997.76778,1
FLR-ACC-106305,Greenfield Media LLC,Business,NG,NGN,Tier3_Enhanced,2024-09-16,428.61,FLR251207130649,2025-12-07 21:21:26,Sunday,21,INTL WIRE - INTERNATIONAL WIRE REF183874,International Wire,Wire Transfer,Card Not Present,4788247.05,805.8,5942.24,0.0,NG,0,DEV-7042277465,0,447,Reversed,INTL WIRE - INTERNATIONAL WIRE REF183874,International Wire Ref183874,2024,September,16,0.00056,2681.418348,3485.8438524000003,0
FLR-ACC-104495,Amaka Williams,Individual,US,USD,Tier3_Enhanced,2024-12-03,12.71,FLR250319190297,2025-03-19 21:41:12,Wednesday,21,SALARY - SILVERLINE MEDIA,no_merchant,Payroll Transfer,Web Dashboard,89.88,43.63,2.06,0.0,DE,1,DEV-5231338489,0,106,Reversed,SALARY - SILVERLINE MEDIA,Silverline Media,2024,December,3,0.77,69.2076,89.96988,0
FLR-ACC-101747,Sunrise Technologies Inc,Business,NG,NGN,Tier2_Verified,2023-07-13,2221.84,FLR250816178250,2025-08-16 20:37:56,Saturday,20,INTL WIRE - INTERNATIONAL WIRE REF806050,International Wire,Wire Transfer,Web Dashboard,42406082.0,11.92,3556319.66,0.0,NG,0,DEV-5328532149,0,765,Completed,INTL WIRE - INTERNATIONAL WIRE REF806050,International Wire Ref806050,2023,July,13,0.00056,23747.40592,30871.627696000003,0
FLR-ACC-102894,Ifeoma Adeyemi,Individual,GB,GBP,Tier1_Basic,2025-06-25,171.41,FLR251026209154,2025-10-26 14:00:06,Sunday,14,WEB PURCHASE - LUNO,Luno,Crypto Exchange,Web Dashboard,687.0,63.73,10.78,0.0,GB,0,DEV-7171926621,0,123,Reversed,WEB PURCHASE - LUNO,Luno,2025,June,25,1.0,687.0,893.1,0
FLR-ACC-100904,Aisha Williams,Individual,US,USD,Tier2_Verified,2026-03-02,156.14,FLR250901136417,2025-09-01 19:34:48,Monday,19,MOBILE PURCHASE - LUNO,Luno,Crypto Exchange,Mobile App,797.66,67.54,11.81,0.0,US,0,DEV-4868099159,0,0,Declined,MOBILE PURCHASE - LUNO,Luno,2026,March,2,0.77,614.1982,798.45766,1
FLR-ACC-100134,Global Consulting LLC,Business,NG,NGN,Tier2_Verified,2025-11-10,242.32,FLR250603185626,2025-06-03 17:56:22,Tuesday,17,POS PURCHASE - MICROSOFT 365,Microsoft 365,Subscription/SaaS,Card Present,19526.66,0.01,1554312.53,1.0,NG,0,DEV-2644327725,0,0,Completed,POS PURCHASE - MICROSOFT 365,Microsoft 365,2025,November,10,0.00056,10.934929599999998,14.21540848,1
FLR-ACC-101374,Silverline Logistics Ltd,Business,NG,NGN,Tier2_Verified,2024-09-15,449.48,FLR260816156847,2026-08-16 14:30:51,Sunday,14,INTL WIRE - INTERNATIONAL WIRE REF359710,International Wire,Wire Transfer,Web Dashboard,11166777.54,3.94,2833514.1,1.0,NG,0,DEV-6618186337,0,700,Completed,INTL WIRE - INTERNATIONAL WIRE REF359710,International Wire Ref359710,2024,September,15,0.00056,6253.395422399999,8129.414049119999,0
FLR-ACC-100827,Ngozi Balogun,Individual,FR,EUR,Tier1_Basic,2024-11-02,41.56,FLR251224203494,2025-12-24 07:24:41,Wednesday,7,USSD PURCHASE - BOOTS PHARMACY,Boots Pharmacy,Healthcare,USSD,29.92,0.54,55.76,1.0,FR,0,DEV-9358605255,0,417,Completed,USSD PURCHASE - BOOTS PHARMACY,Boots Pharmacy,2024,November,2,0.84,25.1328,32.67264,0
FLR-ACC-105664,Greenfield Textiles Ltd,Business,DE,EUR,Tier3_Enhanced,2026-02-25,1218.53,FLR250718104184,2025-07-18 12:35:17,Friday,12,INTL WIRE - INTERNATIONAL WIRE REF237249,International Wire,Wire Transfer,Web Dashboard,8806.0,52.37,168.14,0.0,DE,0,DEV-3725365441,0,0,Reversed,INTL WIRE - INTERNATIONAL WIRE REF237249,International Wire Ref237249,2026,February,25,0.84,7397.04,9616.152,1
FLR-ACC-103337,James Chukwu,Individual,NG,NGN,Tier2_Verified,2025-04-04,96.43,FLR250528143478,2025-05-28 13:24:00,Wednesday,13,CNP PURCHASE - XBOX LIVE,Xbox Live,Gambling/Gaming,Card Not Present,48495.0,0.53,90911.22,0.0,NG,0,DEV-1907227440,0,54,Reversed,CNP PURCHASE - XBOX LIVE,Xbox Live,2025,April,4,0.00056,27.1572,35.30436,0
FLR-ACC-101374,Silverline Logistics Ltd,Business,NG,NGN,Tier2_Verified,2024-09-15,449.48,FLR250630158742,2025-06-30 12:30:01,Monday,12,INTL WIRE - INTERNATIONAL WIRE REF298624,International Wire,Wire Transfer,Web Dashboard,5227959.86,2.38,2198155.49,1.0,NG,0,DEV-6618186337,0,288,Completed,INTL WIRE - INTERNATIONAL WIRE REF298624,International Wire Ref298624,2024,September,15,0.00056,2927.6575216,3805.95477808,0
FLR-ACC-100594,Sarah Fashola,Individual,US,USD,Tier2_Verified,2025-06-17,90.7,FLR250716119135,2025-07-16 17:52:00,Wednesday,17,NIP TRANSFER TO JOHN GREEN,no_merchant,P2P Transfer,Mobile App,198.0,16.5,12.0,0.0,US,0,DEV-4662429540,0,29,Completed,NIP TRANSFER - JOHN GREEN,John Green,2025,June,17,0.77,152.46,198.198,0
FLR-ACC-101209,Metro Ventures Ltd,Business,NG,NGN,Tier2_Verified,2025-09-21,728.33,FLR250825173889,2025-08-25 16:22:47,Monday,16,ATM WITHDRAWAL - CHASE ATM,Chase ATM,ATM Withdrawal,Mobile App,1533284.33,0.37,4117927.52,1.0,NG,0,DEV-1174242983,0,0,Completed,ATM WITHDRAWAL - CHASE ATM,Chase Atm,2025,September,21,0.00056,858.6392248,1116.23099224,1
FLR-ACC-106285,Tunde Nwosu,Individual,GB,GBP,Tier3_Enhanced,2024-05-25,217.58,FLR250628168449,2025-06-28 12:58:46,Saturday,12,WEB PURCHASE - APPLE STORE,Apple Store,Electronics,Web Dashboard,453.61,63.0,7.2,0.0,GB,0,DEV-8577079702,0,399,Completed,WEB PURCHASE - APPLE STORE,Apple Store,2024,May,25,1.0,453.61,589.693,0
FLR-ACC-102178,Silverline Technologies LLC,Business,NG,NGN,Tier3_Enhanced,2022-12-14,107.37,FLR250209173795,2025-02-09 18:59:12,Sunday,18,WEB PURCHASE - JUSTRITE SUPERSTORE,Justrite Superstore,Groceries,Web Dashboard,71345.78,17.0,4198.0,0.0,NG,0,missing_device,-1,788,Completed,WEB PURCHASE - JUSTRITE SUPERSTORE,Justrite Superstore,2022,December,14,0.00056,39.9536368,51.93972784,0
FLR-ACC-101488,Bluewave Textiles Co.,Business,US,USD,Tier3_Enhanced,2024-09-25,357.78,FLR250227221727,2025-02-27 03:35:50,Thursday,3,MOBILE PURCHASE - COINBASE,Coinbase,Crypto Exchange,Mobile App,1171.43,97.62,12.0,0.0,US,0,missing_device,-1,155,Completed,MOBILE PURCHASE - COINBASE,Coinbase,2024,September,25,0.77,902.0011,1172.60143,0
FLR-ACC-102642,Peter Eze,Individual,NG,NGN,Tier2_Verified,2025-04-06,17.76,FLR250621166225,2025-06-21 21:35:36,Saturday,21,ATM WITHDRAWAL - CHASE ATM,Chase ATM,ATM Withdrawal,Card Not Present,29944.53,4.05,7393.81,0.0,NG,0,DEV-6282206265,0,76,Completed,ATM WITHDRAWAL - CHASE ATM,Chase Atm,2025,April,6,0.00056,16.7689368,21.79961784,0
FLR-ACC-101024,Urban Trading Ltd,Business,NG,NGN,Tier1_Basic,2026-04-26,1216.99,FLR250627157426,2025-06-27 12:32:59,Friday,12,API PURCHASE - GOTV,GOtv,Subscription/SaaS,API/Integration,69880.0,0.01,5603555.74,1.0,NG,0,DEV-2419480559,0,0,Completed,API PURCHASE - GOTV,Gotv,2026,April,26,0.00056,39.1328,50.87264,1
FLR-ACC-106179,Funke Nwosu,Individual,NG,NGN,Tier2_Verified,2026-04-10,220.66,FLR250920101279,2025-09-20 08:24:36,Saturday,8,CNP PURCHASE - IKEJA ELECTRIC,Ikeja Electric,Utilities,Card Not Present,600464.84,0.68,887397.47,1.0,NG,0,DEV-8654245144,0,0,Completed,CNP PURCHASE - IKEJA ELECTRIC,Ikeja Electric,2026,April,10,0.00056,336.2603104,437.13840352,1
FLR-ACC-102017,North Trading LLC,Business,NG,NGN,Tier2_Verified,2026-07-14,54.2,FLR251124213205,2025-11-24 08:38:37,Monday,8,ATM WITHDRAWAL - GTBANK ATM,GTBank ATM,ATM Withdrawal,Web Dashboard,41741.0,0.15,283312.43,1.0,NG,0,DEV-9023409602,1,0,Completed,ATM WITHDRAWAL - GTBANK ATM,Gtbank Atm,2026,July,14,0.00056,23.37496,30.387448000000003,1
FLR-ACC-100421,North Ventures Inc,Business,NG,NGN,Tier2_Verified,2024-05-11,331.61,FLR260428136691,2026-04-28 15:21:53,Tuesday,15,INTL WIRE - INTERNATIONAL WIRE REF702302,International Wire,Wire Transfer,Web Dashboard,2844416.97,22.88,-124309.9,0.0,NG,0,DEV-1732850663,1,717,Completed,INTL WIRE - INTERNATIONAL WIRE REF702302,International Wire Ref702302,2024,May,11,0.00056,1592.8735032,2070.73555416,0
FLR-ACC-100273,North Media Co.,Business,NG,NGN,Tier1_Basic,2024-11-10,251.01,FLR250821198793,2025-08-21 19:05:28,Thursday,19,INTL WIRE - INTERNATIONAL WIRE REF961829,International Wire,Wire Transfer,Web Dashboard,1347867.0,30.53,44149.98,0.0,NG,0,DEV-1587788233,0,284,Completed,INTL WIRE - INTERNATIONAL WIRE REF961829,International Wire Ref961829,2024,November,10,0.00056,754.8055199999999,981.247176,0
FLR-ACC-100543,Apex Builders LLC,Business,GB,GBP,Tier1_Basic,2026-06-03,855.08,FLR250730214047,2025-07-30 20:56:56,Wednesday,20,MOBILE PURCHASE - BOOKING.COM,Booking.com,Travel,Mobile App,2216.0,1.0,2216.0,0.0,GB,0,DEV-7263987916,0,0,Reversed,MOBILE PURCHASE - BOOKING.COM,Booking.Com,2026,June,3,1.0,2216.0,2880.8,1
FLR-ACC-100822,Bluewave Builders Inc,Business,US,USD,Tier2_Verified,2025-01-25,558.3,FLR260620176007,2026-06-20 10:06:01,Saturday,10,SALARY - BLUEWAVE FOODS,no_merchant,Payroll Transfer,API/Integration,7108.24,224.02,31.73,0.0,US,0,DEV-1628130428,0,511,Completed,SALARY - BLUEWAVE FOODS,Bluewave Foods,2025,January,25,0.77,5473.3448,7115.34824,0
FLR-ACC-100510,North Trading Ltd,Business,NG,NGN,Tier1_Basic,2024-12-09,1590.15,FLR260727100756,2026-07-27 21:29:35,Monday,21,MOBILE PURCHASE - TESCO,Tesco,Groceries,Mobile App,916004.48,154.15,5942.24,0.0,NG,0,DEV-5528109637,0,595,Completed,MOBILE PURCHASE - TESCO,Tesco,2024,December,9,0.00056,512.9625087999999,666.8512614399999,0
FLR-ACC-105711,Grace Adekunle,Individual,NG,NGN,Tier3_Enhanced,2024-06-07,29.39,FLR251220136627,2025-12-20 09:05:06,Saturday,9,MOBILE PURCHASE - ADOBE CREATIVE CLOUD,Adobe Creative Cloud,Subscription/SaaS,Mobile App,1481.51,0.01,101043.39,0.0,NG,0,DEV-6964377736,0,561,Reversed,MOBILE PURCHASE - ADOBE CREATIVE CLOUD,Adobe Creative Cloud,2024,June,7,0.00056,0.8296455999999999,1.0785392799999998,0
FLR-ACC-106354,Kunle Okafor,Individual,GB,GBP,Tier2_Verified,2025-11-30,89.62,FLR250722115840,2025-07-22 20:50:55,Tuesday,20,MOBILE PURCHASE - BOOTS PHARMACY,Boots Pharmacy,Healthcare,Mobile App,46.42,13.44,3.46,0.0,GB,0,DEV-8536350360,0,0,Completed,MOBILE PURCHASE - BOOTS PHARMACY,Boots Pharmacy,2025,November,30,1.0,46.42,60.346,1
FLR-ACC-104690,Ngozi Johnson,Individual,DE,EUR,Tier1_Basic,2025-02-03,68.71,FLR251129194072,2025-11-29 19:42:37,Saturday,19,NIP TRANSFER TO BEN IBRAHIM,no_merchant,P2P Transfer,Mobile App,42.54,1.27,33.62,1.0,DE,0,DEV-8983380539,0,299,Completed,NIP TRANSFER - BEN IBRAHIM,Ben Ibrahim,2025,February,3,0.84,35.7336,46.453680000000006,0
FLR-ACC-102340,Tunde Obi,Individual,NG,NGN,Tier1_Basic,2024-08-27,188.11,FLR260511206530,2026-05-11 07:23:42,Monday,7,NIP TRANSFER TO PETER FASHOLA,no_merchant,P2P Transfer,USSD,311099.51,7.32,42507.55,0.0,NG,0,DEV-9549840863,1,622,Reversed,NIP TRANSFER - PETER FASHOLA,Peter Fashola,2024,August,27,0.00056,174.21572559999998,226.48044328,0
FLR-ACC-102951,Musa Eze,Individual,GB,GBP,Tier2_Verified,2026-01-20,81.29,FLR251025224119,2025-10-25 18:14:36,Saturday,18,SALARY - PRIME RETAIL,no_merchant,Payroll Transfer,Mobile App,576.0,11.72,49.13,0.0,GB,0,DEV-7615049480,0,0,Completed,SALARY - PRIME RETAIL,Prime Retail,2026,January,20,1.0,576.0,748.8000000000001,1
FLR-ACC-105457,Sunrise Foods Ltd,Business,NG,NGN,Tier1_Basic,2025-08-25,209.41,FLR260327160428,2026-03-27 14:52:33,Friday,14,WEB PURCHASE - SPAR,Spar,Groceries,Web Dashboard,55909.03,0.04,1342495.7,1.0,NG,0,DEV-2262862422,0,214,Completed,WEB PURCHASE - SPAR,Spar,2025,August,25,0.00056,31.3090568,40.70177384,0
FLR-ACC-102226,Chuka Okoro,Individual,DE,EUR,Tier3_Enhanced,2024-11-07,27.71,FLR250823191018,2025-08-23 18:26:43,Saturday,18,SALARY - NORTH MEDIA,no_merchant,Payroll Transfer,Mobile App,139.53,20.12,6.94,0.0,DE,0,DEV-3845700444,0,289,Completed,SALARY - NORTH MEDIA,North Media,2024,November,7,0.84,117.2052,152.36676,0
FLR-ACC-105360,Greenfield Ventures Inc,Business,NG,NGN,Tier1_Basic,2025-04-05,125.34,FLR260716186912,2026-07-16 13:38:09,Thursday,13,SALARY - SILVERLINE TRADING,no_merchant,Payroll Transfer,API/Integration,2834804.35,13.8,205446.7,0.0,DE,1,DEV-2941611851,0,467,Reversed,SALARY - SILVERLINE TRADING,Silverline Trading,2025,April,5,0.00056,1587.4904359999998,2063.7375668,0
FLR-ACC-101755,Olu Nwosu,Individual,NG,NGN,Tier2_Verified,2023-03-22,90.67,FLR250926121446,2025-09-26 07:47:30,Friday,7,MOBILE PURCHASE - UBER,Uber,Travel,Mobile App,720811.0,121.3,5942.24,0.0,NG,0,DEV-1075394481,0,919,Completed,MOBILE PURCHASE - UBER,Uber,2023,March,22,0.00056,403.65416,524.750408,0
FLR-ACC-101259,Silverline Logistics Ltd,Business,NG,NGN,Tier2_Verified,2026-07-11,946.63,FLR260124167712,2026-01-24 20:31:19,Saturday,20,MOBILE PURCHASE - AVIVA,Aviva,Insurance,Mobile App,3158936.54,13.8,228833.19,0.0,NG,0,DEV-1902232834,0,0,Completed,MOBILE PURCHASE - AVIVA,Aviva,2026,July,11,0.00056,1769.0044624,2299.70580112,1
FLR-ACC-101374,Silverline Logistics Ltd,Business,NG,NGN,Tier2_Verified,2024-09-15,449.48,FLR251226123568,2025-12-26 15:52:11,Friday,15,API PURCHASE - COLD STONE CREAMERY,Cold Stone Creamery,Restaurants,API/Integration,120429.85,0.04,3015879.91,1.0,NG,0,DEV-6618186337,0,467,Completed,API PURCHASE - COLD STONE CREAMERY,Cold Stone Creamery,2024,September,15,0.00056,67.440716,87.6729308,0
FLR-ACC-103394,Ifeoma Green,Individual,NG,NGN,Tier2_Verified,2025-03-18,82.99,FLR250630145962,2025-06-30 16:14:07,Monday,16,SALARY - SILVERLINE TEXTILES,no_merchant,Payroll Transfer,Card Present,1734782.0,366.93,4727.83,0.0,NG,0,DEV-1276756120,0,104,Declined,SALARY - SILVERLINE TEXTILES,Silverline Textiles,2025,March,18,0.00056,971.47792,1262.921296,0
FLR-ACC-101374,Silverline Logistics Ltd,Business,NG,NGN,Tier2_Verified,2024-09-15,449.48,FLR250307136685,2025-03-07 06:24:56,Friday,6,SALARY - METRO LOGISTICS,no_merchant,Payroll Transfer,API/Integration,2317198.12,0.69,3361804.11,1.0,NG,0,DEV-6618186337,0,173,Completed,SALARY - METRO LOGISTICS,Metro Logistics,2024,September,15,0.00056,1297.6309472,1686.92023136,0
FLR-ACC-102666,Olu Yusuf,Individual,NG,NGN,Tier2_Verified,2025-01-04,76.85,FLR250828194174,2025-08-28 00:58:02,Thursday,0,NIP TRANSFER TO PETER FASHOLA,no_merchant,P2P Transfer,Mobile App,155969.55,42.97,3629.6,0.0,NG,0,DEV-4990203692,0,236,Completed,NIP TRANSFER - PETER FASHOLA,Peter Fashola,2025,January,4,0.00056,87.34294799999999,113.5458324,0
FLR-ACC-101374,Silverline Logistics Ltd,Business,NG,NGN,Tier2_Verified,2024-09-15,449.48,FLR250509128384,2025-05-09 07:32:32,Friday,7,WEB PURCHASE - WHOLE FOODS,Whole Foods,Groceries,Web Dashboard,96115.0,0.05,1756217.35,1.0,NG,0,DEV-6618186337,0,236,Reversed,WEB PURCHASE - WHOLE FOODS,Whole Foods,2024,September,15,0.00056,53.8244,69.97172,0
FLR-ACC-104188,Ruth Yusuf,Individual,NG,NGN,Tier2_Verified,2023-09-26,125.25,FLR250905110034,2025-09-05 10:50:16,Friday,10,MOBILE PURCHASE - AMAZON,Amazon,Retail,Mobile App,70983.59,19.76,3592.39,0.0,NG,0,DEV-1745820508,0,710,Completed,MOBILE PURCHASE - AMAZON,Amazon,2023,September,26,0.00056,39.75081039999999,51.67605351999999,0
FLR-ACC-103163,Sunrise Builders LLC,Business,NG,NGN,Tier3_Enhanced,2023-08-04,517.47,FLR260802155131,2026-08-02 11:16:38,Sunday,11,API PURCHASE - BOOKING.COM,Booking.com,Travel,API/Integration,3086402.4,519.4,5942.24,0.0,NG,0,DEV-6468563181,0,1094,Completed,API PURCHASE - BOOKING.COM,Booking.Com,2023,August,4,0.00056,1728.3853439999998,2246.9009472,0
FLR-ACC-100244,John Brown,Individual,US,USD,Tier2_Verified,2023-12-22,29.49,FLR260318185710,2026-03-18 23:06:12,Wednesday,23,SALARY - GREENFIELD FOODS,no_merchant,Payroll Transfer,Mobile App,552.82,129.47,4.27,0.0,US,0,DEV-9030374479,0,817,Reversed,SALARY - GREENFIELD FOODS,Greenfield Foods,2023,December,22,0.77,425.67140000000006,553.37282,0
FLR-ACC-103606,Amaka Hassan,Individual,NG,NGN,Tier2_Verified,2025-04-10,223.37,FLR260829104483,2026-08-29 12:33:40,Saturday,12,WEB PURCHASE - ABUJA DISCO,Abuja DisCo,Utilities,Web Dashboard,223946.57,0.73,305254.24,1.0,NG,0,DEV-5827025131,0,506,Completed,WEB PURCHASE - ABUJA DISCO,Abuja Disco,2025,April,10,0.00056,125.4100792,163.03310296,0
FLR-ACC-100827,Ngozi Balogun,Individual,FR,EUR,Tier1_Basic,2024-11-02,41.56,FLR251122184540,2025-11-22 09:38:57,Saturday,9,WEB PURCHASE - AMAZON,Amazon,Retail,Web Dashboard,29.38,0.71,41.67,1.0,FR,0,DEV-9358605255,0,385,Completed,WEB PURCHASE - AMAZON,Amazon,2024,November,2,0.84,24.6792,32.08296,0
FLR-ACC-100134,Global Consulting LLC,Business,NG,NGN,Tier2_Verified,2025-11-10,242.32,FLR251214153872,2025-12-14 21:18:18,Sunday,21,CNP PURCHASE - SAINSBURY'S,Sainsbury's,Groceries,Card Not Present,64596.02,0.04,1440236.32,1.0,NG,0,DEV-2644327725,0,34,Completed,CNP PURCHASE - SAINSBURY'S,Sainsbury'S,2025,November,10,0.00056,36.1737712,47.02590256,0
FLR-ACC-104890,Kunle Adeyemi,Individual,US,USD,Tier1_Basic,2025-07-14,181.78,FLR260819207360,2026-08-19 09:16:19,Wednesday,9,NIP TRANSFER TO YETUNDE YUSUF,no_merchant,P2P Transfer,Web Dashboard,191.34,4.56,42.0,0.0,US,0,DEV-5343900836,0,401,Completed,NIP TRANSFER - YETUNDE YUSUF,Yetunde Yusuf,2025,July,14,0.77,147.33180000000002,191.53134000000003,0
FLR-ACC-107034,Prime Foods Co.,Business,DE,EUR,Tier3_Enhanced,2023-06-13,713.28,FLR251224158259,2025-12-24 19:42:45,Wednesday,19,WEB PURCHASE - ADOBE CREATIVE CLOUD,Adobe Creative Cloud,Subscription/SaaS,Web Dashboard,26.42,0.01,2162.54,1.0,DE,0,DEV-1420296100,0,925,Completed,WEB PURCHASE - ADOBE CREATIVE CLOUD,Adobe Creative Cloud,2023,June,13,0.84,22.1928,28.85064,0
FLR-ACC-101733,Aisha Ibrahim,Individual,NG,NGN,Tier2_Verified,2025-03-18,282.62,FLR260213146315,2026-02-13 03:38:33,Friday,3,SALARY - NORTH RETAIL,no_merchant,Payroll Transfer,Mobile App,5002551.06,15.14,330511.73,0.0,NG,0,DEV-8851183206,0,332,Reversed,SALARY - NORTH RETAIL,North Retail,2025,March,18,0.00056,2801.4285936,3641.85717168,0
FLR-ACC-101374,Silverline Logistics Ltd,Business,NG,NGN,Tier2_Verified,2024-09-15,449.48,FLR251216221973,2025-12-16 19:15:41,Tuesday,19,POS PURCHASE - CURRYS PC WORLD,Currys PC World,Electronics,Card Present,841882.0,0.29,2947654.82,1.0,NG,0,DEV-6618186337,0,457,Completed,POS PURCHASE - CURRYS PC WORLD,Currys Pc World,2024,September,15,0.00056,471.45392,612.890096,0
FLR-ACC-101190,Ngozi Chukwu,Individual,NG,NGN,Tier2_Verified,2025-12-06,189.11,FLR251213189993,2025-12-13 14:51:36,Saturday,14,WEB PURCHASE - BOLT,Bolt,Travel,Web Dashboard,1087739.69,175.63,6193.24,0.0,NG,0,DEV-5873590372,0,7,Completed,WEB PURCHASE - BOLT,Bolt,2025,December,6,0.00056,609.1342263999999,791.8744943199998,0
FLR-ACC-102983,Prime Media LLC,Business,NG,NGN,Tier2_Verified,2025-08-10,173.94,FLR260222133126,2026-02-22 18:53:10,Sunday,18,INTL WIRE - INTERNATIONAL WIRE REF662742,International Wire,Wire Transfer,Mobile App,2375938.12,268.29,8856.0,0.0,NG,0,DEV-1875305200,0,196,Completed,INTL WIRE - INTERNATIONAL WIRE REF662742,International Wire Ref662742,2025,August,10,0.00056,1330.5253472,1729.68295136,0
FLR-ACC-101374,Silverline Logistics Ltd,Business,NG,NGN,Tier2_Verified,2024-09-15,449.48,FLR251215203785,2025-12-15 14:13:51,Monday,14,SALARY - BLUEWAVE TRADING,no_merchant,Payroll Transfer,Mobile App,3086638.68,1.08,2851849.76,1.0,NG,0,DEV-6618186337,0,456,Completed,SALARY - BLUEWAVE TRADING,Bluewave Trading,2024,September,15,0.00056,1728.5176608,2247.07295904,0
FLR-ACC-105047,Prime Technologies Ltd,Business,NG,NGN,Tier3_Enhanced,2024-08-09,728.52,FLR260608168864,2026-06-08 16:14:15,Monday,16,WEB PURCHASE - SPAR,Spar,Groceries,Web Dashboard,339792.44,0.05,6279812.28,0.0,NG,0,DEV-6744827319,0,668,Reversed,WEB PURCHASE - SPAR,Spar,2024,August,9,0.00056,190.2837664,247.36889632,0
FLR-ACC-101821,Kemi Balogun,Individual,GB,GBP,Tier1_Basic,2024-07-21,37.21,FLR251222123778,2025-12-22 12:39:17,Monday,12,SALARY - GLOBAL CONSULTING,no_merchant,Payroll Transfer,Mobile App,186.5,16.08,11.6,0.0,GB,0,DEV-2895079475,0,519,Completed,SALARY - GLOBAL CONSULTING,Global Consulting,2024,July,21,1.0,186.5,242.45,0
FLR-ACC-101880,Daniel Fashola,Individual,NG,NGN,Tier2_Verified,2024-10-10,33.11,FLR260326188459,2026-03-26 19:50:29,Thursday,19,WEB PURCHASE - JUMIA,Jumia,Retail,Web Dashboard,93843.0,3.08,30497.42,0.0,NG,0,DEV-8915835755,0,532,Reversed,WEB PURCHASE - JUMIA,Jumia,2024,October,10,0.00056,52.55208,68.31770399999999,0
FLR-ACC-101876,Aisha Chukwu,Individual,US,USD,Tier2_Verified,2024-04-08,67.16,FLR260411127346,2026-04-11 14:14:38,Saturday,14,MOBILE PURCHASE - IKEJA ELECTRIC,Ikeja Electric,Utilities,Mobile App,33.0,0.26,128.6,0.0,US,0,DEV-7473241600,0,733,Completed,MOBILE PURCHASE - IKEJA ELECTRIC,Ikeja Electric,2024,April,8,0.77,25.41,33.033,0
FLR-ACC-100544,Bluewave Trading Ltd,Business,NG,NGN,Tier2_Verified,2024-01-20,753.53,FLR251119211003,2025-11-19 07:37:31,Wednesday,7,SALARY - GREENFIELD RETAIL,no_merchant,Payroll Transfer,Mobile App,9361025.0,1.21,7749338.35,1.0,NG,0,DEV-4962593303,0,669,Declined,SALARY - GREENFIELD RETAIL,Greenfield Retail,2024,January,20,0.00056,5242.174,6814.8262,0
FLR-ACC-106657,Bluewave Foods Inc,Business,NG,NGN,Tier2_Verified,2024-09-01,116.29,FLR251124169003,2025-11-24 15:42:43,Monday,15,INTL WIRE - INTERNATIONAL WIRE REF859995,International Wire,Wire Transfer,Mobile App,3529381.12,289.74,12181.08,0.0,NG,0,DEV-1182961955,0,449,Completed,INTL WIRE - INTERNATIONAL WIRE REF859995,International Wire Ref859995,2024,September,1,0.00056,1976.4534272,2569.3894553600003,0
FLR-ACC-101625,Peter Brown,Individual,GB,GBP,Tier2_Verified,2025-04-10,21.14,FLR251201213088,2025-12-01 16:16:27,Monday,16,MOBILE PURCHASE - ZARA,Zara,Retail,Mobile App,15.43,0.98,15.77,1.0,GB,0,DEV-5548096078,0,235,Completed,MOBILE PURCHASE - ZARA,Zara,2025,April,10,1.0,15.43,20.059,0
FLR-ACC-101835,Mary Adekunle,Individual,GB,GBP,Tier1_Basic,2026-03-02,54.04,FLR251201113168,2025-12-01 16:07:02,Monday,16,NIP TRANSFER TO AMAKA BALOGUN,no_merchant,P2P Transfer,Card Present,47.95,0.55,86.5,1.0,GB,0,DEV-4771401191,0,0,Reversed,NIP TRANSFER - AMAKA BALOGUN,Amaka Balogun,2026,March,2,1.0,47.95,62.33500000000001,1
FLR-ACC-101342,Olu Adeyemi,Individual,NG,NGN,Tier1_Basic,2025-08-12,30.82,FLR260205192891,2026-02-05 14:50:05,Thursday,14,MOBILE PURCHASE - APPLE STORE,Apple Store,Electronics,Mobile App,111167.56,8.15,13632.0,0.0,NG,0,DEV-2349126290,1,177,Completed,MOBILE PURCHASE - APPLE STORE,Apple Store,2025,August,12,0.00056,62.25383359999999,80.92998367999999,0
FLR-ACC-105472,Sunrise Builders Ltd,Business,NG,NGN,Tier2_Verified,2025-07-14,276.72,FLR251106105566,2025-11-06 22:37:46,Thursday,22,SALARY - METRO RETAIL,no_merchant,Payroll Transfer,Card Not Present,4037701.07,25.83,156318.0,0.0,NG,0,DEV-9584903534,0,115,Completed,SALARY - METRO RETAIL,Metro Retail,2025,July,14,0.00056,2261.1125992,2939.4463789600004,0
FLR-ACC-101024,Urban Trading Ltd,Business,NG,NGN,Tier1_Basic,2026-04-26,1216.99,FLR260226199671,2026-02-26 12:00:48,Thursday,12,MOBILE PURCHASE - SLOT SYSTEMS,Slot Systems,Electronics,Mobile App,3657027.0,0.61,5964290.28,1.0,NG,0,DEV-2419480559,0,0,Completed,MOBILE PURCHASE - SLOT SYSTEMS,Slot Systems,2026,April,26,0.00056,2047.93512,2662.315656,1
FLR-ACC-100659,Olu Hassan,Individual,DE,EUR,Tier1_Basic,2026-04-01,84.78,FLR250312188791,2025-03-12 11:20:29,Wednesday,11,SALARY - GLOBAL CONSULTING,no_merchant,Payroll Transfer,Web Dashboard,759.59,17.72,42.87,0.0,DE,0,DEV-8802800435,0,0,Declined,SALARY - GLOBAL CONSULTING,Global Consulting,2026,April,1,0.84,638.0556,829.4722800000001,1
FLR-ACC-100134,Global Consulting LLC,Business,NG,NGN,Tier2_Verified,2025-11-10,242.32,FLR250203105603,2025-02-03 08:53:53,Monday,8,API PURCHASE - ABUJA DISCO,Abuja DisCo,Utilities,API/Integration,87563.0,0.04,2337625.64,1.0,NG,0,DEV-2644327725,0,0,Reversed,API PURCHASE - ABUJA DISCO,Abuja Disco,2025,November,10,0.00056,49.03527999999999,63.74586399999999,1
FLR-ACC-107193,Chuka Nwosu,Individual,NG,NGN,Tier3_Enhanced,2026-06-21,154.71,FLR250617217113,2025-06-17 08:44:05,Tuesday,8,MOBILE PURCHASE - BINANCE,Binance,Crypto Exchange,Mobile App,1454987.79,244.86,5942.24,0.0,NG,0,DEV-4698197448,0,0,Reversed,MOBILE PURCHASE - BINANCE,Binance,2026,June,21,0.00056,814.7931623999999,1059.23111112,1
FLR-ACC-106547,Sunrise Media Inc,Business,NG,NGN,Tier3_Enhanced,2024-11-16,453.28,FLR251202220034,2025-12-02 10:36:29,Tuesday,10,SALARY - SUNRISE TRADING,no_merchant,Payroll Transfer,Web Dashboard,2519020.0,20.6,122283.08,0.0,NG,0,DEV-2299347553,0,381,Reversed,SALARY - SUNRISE TRADING,Sunrise Trading,2024,November,16,0.00056,1410.6511999999998,1833.84656,0
FLR-ACC-105168,Urban Builders LLC,Business,NG,NGN,Tier2_Verified,2024-07-19,1081.17,FLR250324115900,2025-03-24 18:15:01,Monday,18,SALARY - GREENFIELD LOGISTICS,no_merchant,Payroll Transfer,Web Dashboard,6556586.0,1.09,6009022.77,1.0,NG,0,missing_device,-1,248,Completed,SALARY - GREENFIELD LOGISTICS,Greenfield Logistics,2024,July,19,0.00056,3671.68816,4773.194608000001,0
FLR-ACC-105724,Sunrise Ventures Co.,Business,NG,NGN,Tier3_Enhanced,2023-11-03,1003.37,FLR250325164912,2025-03-25 01:19:00,Tuesday,1,SALARY - APEX BUILDERS,no_merchant,Payroll Transfer,Mobile App,31916235.0,5371.08,5942.24,0.0,NG,0,missing_device,-1,508,Completed,SALARY - APEX BUILDERS,Apex Builders,2023,November,3,0.00056,17873.0916,23235.01908,0
FLR-ACC-102725,Apex Consulting LLC,Business,DE,EUR,Tier1_Basic,2025-08-04,208.92,FLR250726180864,2025-07-26 11:33:02,Saturday,11,MOBILE PURCHASE - AVIVA,Aviva,Insurance,Mobile App,325.0,1.43,227.5,1.0,DE,0,DEV-1551000213,0,0,Reversed,MOBILE PURCHASE - AVIVA,Aviva,2025,August,4,0.84,273.0,354.90000000000003,1
FLR-ACC-106013,Blessing Obi,Individual,NG,NGN,Tier1_Basic,2025-09-23,78.59,FLR250527107699,2025-05-27 09:02:11,Tuesday,9,MOBILE PURCHASE - AIR PEACE,Air Peace,Travel,Mobile App,317868.46,75.12,4231.66,0.0,NG,0,DEV-6646195690,1,0,Completed,MOBILE PURCHASE - AIR PEACE,Air Peace,2025,September,23,0.00056,178.0063376,231.40823888,1
FLR-ACC-105737,Bluewave Retail Inc,Business,FR,EUR,Tier3_Enhanced,2024-07-21,562.05,FLR251214177562,2025-12-14 08:06:12,Sunday,8,INTL WIRE - INTERNATIONAL WIRE REF586830,International Wire,Wire Transfer,Mobile App,11452.5,9.7,1180.75,0.0,FR,0,DEV-2765945300,1,511,Completed,INTL WIRE - INTERNATIONAL WIRE REF586830,International Wire Ref586830,2024,July,21,0.84,9620.1,12506.13,0
FLR-ACC-106786,Greenfield Technologies Co.,Business,US,USD,Tier3_Enhanced,2024-08-06,170.26,FLR250728219358,2025-07-28 14:21:26,Monday,14,INTL WIRE - INTERNATIONAL WIRE REF234228,International Wire,Wire Transfer,Web Dashboard,1625.4,22.9,70.98,0.0,US,0,DEV-7944733192,0,356,Completed,INTL WIRE - INTERNATIONAL WIRE REF234228,International Wire Ref234228,2024,August,6,0.77,1251.558,1627.0254,0
FLR-ACC-102044,Ifeoma Chukwu,Individual,NG,NGN,Tier2_Verified,2024-06-13,123.23,FLR250626155087,2025-06-26 19:50:21,Thursday,19,POS PURCHASE - TESCO,Tesco,Groceries,Card Present,70695.92,18.48,3825.93,0.0,NG,0,DEV-5572425942,0,378,Completed,POS PURCHASE - TESCO,Tesco,2024,June,13,0.00056,39.58971519999999,51.46662976,0
FLR-ACC-101588,Musa Green,Individual,FR,EUR,Tier1_Basic,2025-06-16,21.42,FLR250517115491,2025-05-17 20:37:24,Saturday,20,USSD PURCHASE - QUIDAX,Quidax,Crypto Exchange,USSD,21.2,2.49,8.5,0.0,FR,0,DEV-9747693018,0,0,Completed,USSD PURCHASE - QUIDAX,Quidax,2025,June,16,0.84,17.808,23.1504,1
FLR-ACC-107016,Apex Consulting Inc,Business,NG,NGN,Tier3_Enhanced,2025-09-20,227.69,FLR260225160783,2026-02-25 16:53:12,Wednesday,16,SALARY - BLUEWAVE RETAIL,no_merchant,Payroll Transfer,Mobile App,2512077.63,24.93,100772.06,0.0,NG,0,DEV-6378227131,1,158,Reversed,SALARY - BLUEWAVE RETAIL,Bluewave Retail,2025,September,20,0.00056,1406.7634727999998,1828.79251464,0
FLR-ACC-100450,Blessing Adekunle,Individual,NG,NGN,Tier1_Basic,2026-05-28,138.23,FLR260315123337,2026-03-15 21:06:22,Sunday,21,INTL WIRE - INTERNATIONAL WIRE REF376351,International Wire,Wire Transfer,Web Dashboard,3483037.85,586.15,5942.24,0.0,NG,0,DEV-2280882704,1,0,Completed,INTL WIRE - INTERNATIONAL WIRE REF376351,International Wire Ref376351,2026,May,28,0.00056,1950.501196,2535.6515548,1
FLR-ACC-104194,Mary Nwosu,Individual,NG,NGN,Tier2_Verified,2024-11-02,325.55,FLR251216120588,2025-12-16 15:54:47,Tuesday,15,NIP TRANSFER TO CHIDI EZE,no_merchant,P2P Transfer,Mobile App,813222.98,1.0,813222.98,0.0,NG,0,DEV-1448022198,0,409,Completed,NIP TRANSFER - CHIDI EZE,Chidi Eze,2024,November,2,0.00056,455.4048688,592.02632944,0
FLR-ACC-105783,Bluewave Builders LLC,Business,FR,EUR,Tier2_Verified,2024-01-03,584.75,FLR251014139937,2025-10-14 09:08:20,Tuesday,9,SALARY - SUNRISE LOGISTICS,no_merchant,Payroll Transfer,Mobile App,6247.28,36.4,171.62,0.0,FR,0,DEV-2800379315,0,650,Reversed,SALARY - SUNRISE LOGISTICS,Sunrise Logistics,2024,January,3,0.84,5247.7152,6822.029759999999,0
FLR-ACC-100827,Ngozi Balogun,Individual,FR,EUR,Tier1_Basic,2024-11-02,41.56,FLR251220218633,2025-12-20 07:15:50,Saturday,7,POS PURCHASE - IKEJA ELECTRIC,Ikeja Electric,Utilities,Card Present,25.0,0.44,56.46,1.0,FR,0,DEV-9358605255,0,413,Completed,POS PURCHASE - IKEJA ELECTRIC,Ikeja Electric,2024,November,2,0.84,21.0,27.3,0
FLR-ACC-103395,Kunle Chukwu,Individual,NG,NGN,Tier3_Enhanced,2024-03-02,62.43,FLR260426186872,2026-04-26 18:29:16,Sunday,18,SALARY - APEX FOODS,no_merchant,Payroll Transfer,Mobile App,1304217.0,62.12,20994.83,0.0,NG,0,DEV-7014468885,0,785,Completed,SALARY - APEX FOODS,Apex Foods,2024,March,2,0.00056,730.3615199999999,949.469976,0
FLR-ACC-104152,Urban Foods Inc,Business,NG,NGN,Tier2_Verified,2024-09-18,516.07,FLR250309117870,2025-03-09 15:45:05,Sunday,15,INTL WIRE - INTERNATIONAL WIRE REF286826,International Wire,Wire Transfer,API/Integration,7866553.48,1323.84,5942.24,0.0,NG,0,DEV-2016670706,0,172,Completed,INTL WIRE - INTERNATIONAL WIRE REF286826,International Wire Ref286826,2024,September,18,0.00056,4405.2699488,5726.85093344,0
FLR-ACC-102902,Sunrise Builders Inc,Business,US,USD,Tier2_Verified,2024-03-29,357.25,FLR260614141199,2026-06-14 16:07:04,Sunday,16,SALARY - APEX TRADING,no_merchant,Payroll Transfer,Mobile App,2692.87,166.02,16.22,0.0,US,0,DEV-5817688512,0,807,Completed,SALARY - APEX TRADING,Apex Trading,2024,March,29,0.77,2073.5099,2695.56287,0
FLR-ACC-101322,James Okafor,Individual,US,USD,Tier2_Verified,2024-07-03,62.09,FLR260402139588,2026-04-02 11:19:07,Thursday,11,MOBILE PURCHASE - CURRYS PC WORLD,Currys PC World,Electronics,Mobile App,93.76,2.24,41.81,1.0,US,0,DEV-3787347328,0,638,Reversed,MOBILE PURCHASE - CURRYS PC WORLD,Currys Pc World,2024,July,3,0.77,72.1952,93.85376,0
FLR-ACC-106221,Sunrise Consulting Co.,Business,NG,NGN,Tier2_Verified,2024-07-19,311.39,FLR250725156806,2025-07-25 07:40:01,Friday,7,INTL WIRE - INTERNATIONAL WIRE REF254159,International Wire,Wire Transfer,Card Present,7195815.9,15.83,454449.86,0.0,NG,0,DEV-2067802346,0,371,Reversed,INTL WIRE - INTERNATIONAL WIRE REF254159,International Wire Ref254159,2024,July,19,0.00056,4029.656904,5238.5539752,0
FLR-ACC-102711,Chuka Okafor,Individual,NG,NGN,Tier3_Enhanced,2025-11-13,158.76,FLR251113150907,2025-11-13 10:27:03,Thursday,10,WEB PURCHASE - KONGA,Konga,Retail,Web Dashboard,155492.85,26.17,5942.24,0.0,NG,0,DEV-1185905041,0,0,Completed,WEB PURCHASE - KONGA,Konga,2025,November,13,0.00056,87.07599599999999,113.1987948,1
FLR-ACC-104205,Kemi Bello,Individual,NG,NGN,Tier3_Enhanced,2025-09-02,100.82,FLR260607106586,2026-06-07 17:20:51,Sunday,17,API PURCHASE - CURRYS PC WORLD,Currys PC World,Electronics,API/Integration,178173.0,0.51,345998.0,0.0,NG,0,DEV-5425956784,0,278,Completed,API PURCHASE - CURRYS PC WORLD,Currys Pc World,2025,September,2,0.00056,99.77688,129.709944,0
FLR-ACC-101374,Silverline Logistics Ltd,Business,NG,NGN,Tier2_Verified,2024-09-15,449.48,FLR250628174498,2025-06-28 15:25:33,Saturday,15,INTL WIRE - INTERNATIONAL WIRE REF573436,International Wire,Wire Transfer,Card Present,9996041.0,4.58,2184661.34,1.0,NG,0,DEV-6618186337,0,286,Completed,INTL WIRE - INTERNATIONAL WIRE REF573436,International Wire Ref573436,2024,September,15,0.00056,5597.78296,7277.117848,0
FLR-ACC-101417,Yetunde Okafor,Individual,GB,GBP,Tier1_Basic,2025-04-24,170.24,FLR250225129567,2025-02-25 14:32:49,Tuesday,14,CNP PURCHASE - SPOTIFY,Spotify,Subscription/SaaS,Card Not Present,17.96,0.52,34.57,1.0,GB,0,missing_device,-1,0,Completed,CNP PURCHASE - SPOTIFY,Spotify,2025,April,24,1.0,17.96,23.348000000000003,1
FLR-ACC-107107,Sarah Hassan,Individual,NG,NGN,Tier2_Verified,2023-11-24,90.77,FLR251126116749,2025-11-26 16:20:14,Wednesday,16,WEB PURCHASE - SLOT SYSTEMS,Slot Systems,Electronics,Web Dashboard,487395.7,4.77,102187.87,1.0,NG,0,DEV-7382627887,0,733,Reversed,WEB PURCHASE - SLOT SYSTEMS,Slot Systems,2023,November,24,0.00056,272.941592,354.82406960000003,0
FLR-ACC-105764,Chioma Okafor,Individual,NG,NGN,Tier3_Enhanced,2024-07-14,58.72,FLR250509198227,2025-05-09 19:40:56,Friday,19,SALARY - GLOBAL TECHNOLOGIES,no_merchant,Payroll Transfer,Card Not Present,970426.98,163.31,5942.24,0.0,NG,0,DEV-7047837100,0,299,Completed,SALARY - GLOBAL TECHNOLOGIES,Global Technologies,2024,July,14,0.00056,543.4391088,706.47084144,0
FLR-ACC-102820,Tunde Green,Individual,FR,EUR,Tier2_Verified,2025-11-26,38.2,FLR250606202709,2025-06-06 17:40:44,Friday,17,MOBILE PURCHASE - BRITISH AIRWAYS,British Airways,Travel,Mobile App,73.0,41.48,1.76,0.0,FR,0,DEV-2219491997,0,0,Reversed,MOBILE PURCHASE - BRITISH AIRWAYS,British Airways,2025,November,26,0.84,61.32,79.71600000000001,1
FLR-ACC-104273,North Technologies Co.,Business,NG,NGN,Tier2_Verified,2024-06-26,789.69,FLR260524149110,2026-05-24 07:29:14,Sunday,7,INTL WIRE - INTERNATIONAL WIRE REF710004,International Wire,Wire Transfer,Card Not Present,6741554.21,2.33,2891427.08,1.0,NG,0,DEV-2895970115,0,697,Completed,INTL WIRE - INTERNATIONAL WIRE REF710004,International Wire Ref710004,2024,June,26,0.00056,3775.2703576,4907.85146488,0
FLR-ACC-100792,Prime Ventures LLC,Business,US,USD,Tier2_Verified,2026-01-31,728.33,FLR251214153727,2025-12-14 18:41:38,Sunday,18,INTL WIRE - INTERNATIONAL WIRE REF299733,International Wire,Wire Transfer,API/Integration,8673.14,720.96,12.03,0.0,US,0,DEV-9893618443,0,0,Completed,INTL WIRE - INTERNATIONAL WIRE REF299733,International Wire Ref299733,2026,January,31,0.77,6678.3178,8681.81314,1
FLR-ACC-101066,Greenfield Consulting Inc,Business,NG,NGN,Tier1_Basic,2026-04-18,893.06,FLR250717157022,2025-07-17 19:14:09,Thursday,19,INTL WIRE - INTERNATIONAL WIRE REF385755,International Wire,Wire Transfer,API/Integration,8526762.0,1434.94,5942.24,0.0,NG,0,DEV-6468501268,0,0,Completed,INTL WIRE - INTERNATIONAL WIRE REF385755,International Wire Ref385755,2026,April,18,0.00056,4774.98672,6207.482736,1
FLR-ACC-101876,Aisha Chukwu,Individual,US,USD,Tier2_Verified,2024-04-08,67.16,FLR251228104362,2025-12-28 20:23:01,Sunday,20,MOBILE PURCHASE - DSTV,DSTV,Subscription/SaaS,Mobile App,2.67,0.02,106.99,1.0,US,0,DEV-7473241600,0,629,Completed,MOBILE PURCHASE - DSTV,Dstv,2024,April,8,0.77,2.0559,2.67267,0
FLR-ACC-106750,Chioma Fashola,Individual,NG,NGN,Tier3_Enhanced,2023-05-14,387.28,FLR260105121029,2026-01-05 07:01:45,Monday,7,NIP TRANSFER TO TUNDE IBRAHIM,no_merchant,P2P Transfer,Mobile App,94270.07,15.86,5942.24,0.0,NG,0,DEV-5314526239,0,967,Completed,NIP TRANSFER - TUNDE IBRAHIM,Tunde Ibrahim,2023,May,14,0.00056,52.7912392,68.62861096,0
FLR-ACC-104094,Ben Williams,Individual,NG,NGN,Tier3_Enhanced,2025-02-26,226.33,FLR251215222260,2025-12-15 23:46:19,Monday,23,MOBILE PURCHASE - BRITISH GAS,British Gas,Utilities,Mobile App,149410.4,0.31,476149.82,0.0,NG,0,DEV-3262924884,0,292,Completed,MOBILE PURCHASE - BRITISH GAS,British Gas,2025,February,26,0.00056,83.66982399999999,108.7707712,0
FLR-ACC-100134,Global Consulting LLC,Business,NG,NGN,Tier2_Verified,2025-11-10,242.32,FLR250725104009,2025-07-25 19:10:16,Friday,19,SALARY - BLUEWAVE TRADING,no_merchant,Payroll Transfer,API/Integration,2162120.02,1.86,1160013.07,1.0,NG,0,DEV-2644327725,0,0,Completed,SALARY - BLUEWAVE TRADING,Bluewave Trading,2025,November,10,0.00056,1210.7872112,1574.02337456,1
FLR-ACC-100217,Metro Ventures Ltd,Business,NG,NGN,Tier2_Verified,2025-04-02,525.96,FLR250426213127,2025-04-26 13:00:23,Saturday,13,INTL WIRE - INTERNATIONAL WIRE REF438106,International Wire,Wire Transfer,API/Integration,7098411.8,21.13,335904.53,0.0,NG,0,DEV-8016743978,0,24,Completed,INTL WIRE - INTERNATIONAL WIRE REF438106,International Wire Ref438106,2025,April,2,0.00056,3975.110608,5167.6437904,0
FLR-ACC-103380,Greenfield Ventures Inc,Business,DE,EUR,Tier3_Enhanced,2024-12-24,245.42,FLR260301167020,2026-03-01 21:53:20,Sunday,21,WEB PURCHASE - ASOS,ASOS,Retail,Web Dashboard,282.48,0.67,423.56,1.0,DE,0,DEV-4260001810,0,432,Reversed,WEB PURCHASE - ASOS,Asos,2024,December,24,0.84,237.2832,308.46816,0
FLR-ACC-102882,Grace Ibrahim,Individual,US,USD,Tier2_Verified,2025-11-08,50.88,FLR260807225295,2026-08-07 08:44:24,Friday,8,SALARY - METRO VENTURES,no_merchant,Payroll Transfer,Mobile App,619.91,176.61,3.51,0.0,US,0,DEV-5534299126,1,272,Completed,SALARY - METRO VENTURES,Metro Ventures,2025,November,8,0.77,477.3307,620.52991,0
FLR-ACC-106393,Laura Yusuf,Individual,NG,NGN,Tier3_Enhanced,2025-04-05,17.15,FLR251029151172,2025-10-29 19:03:22,Wednesday,19,SALARY - APEX RETAIL,no_merchant,Payroll Transfer,Mobile App,330364.69,55.6,5942.24,0.0,NG,0,DEV-1775727213,0,207,Completed,SALARY - APEX RETAIL,Apex Retail,2025,April,5,0.00056,185.0042264,240.50549432,0
FLR-ACC-106522,Metro Media Inc,Business,NG,NGN,Tier2_Verified,2022-07-06,56.68,FLR250412143386,2025-04-12 12:02:42,Saturday,12,SALARY - METRO BUILDERS,no_merchant,Payroll Transfer,Web Dashboard,501312.0,27.54,18201.56,0.0,NG,0,missing_device,-1,1011,Completed,SALARY - METRO BUILDERS,Metro Builders,2022,July,6,0.00056,280.73472,364.955136,0
FLR-ACC-103930,Ngozi Adeyemi,Individual,NG,NGN,Tier3_Enhanced,2024-06-13,24.93,FLR251118148808,2025-11-18 19:00:43,Tuesday,19,USSD PURCHASE - AMAZON,Amazon,Retail,USSD,3144.0,0.1,32403.0,1.0,NG,0,DEV-2441974487,0,523,Completed,USSD PURCHASE - AMAZON,Amazon,2024,June,13,0.00056,1.7606399999999998,2.288832,0
FLR-ACC-104817,Bluewave Logistics Inc,Business,NG,NGN,Tier2_Verified,2026-03-04,301.4,FLR250602151073,2025-06-02 11:54:06,Monday,11,INTL WIRE - INTERNATIONAL WIRE REF381486,International Wire,Wire Transfer,Card Not Present,3677699.0,618.91,5942.24,0.0,NG,0,DEV-3528299354,1,0,Reversed,INTL WIRE - INTERNATIONAL WIRE REF381486,International Wire Ref381486,2026,March,4,0.00056,2059.51144,2677.364872000001,1
FLR-ACC-100827,Ngozi Balogun,Individual,FR,EUR,Tier1_Basic,2024-11-02,41.56,FLR251117132252,2025-11-17 18:03:48,Monday,18,USSD PURCHASE - APPLE STORE ONLINE,Apple Store Online,Retail,USSD,24.0,0.6,39.94,1.0,FR,0,DEV-5099857211,1,380,Completed,USSD PURCHASE - APPLE STORE ONLINE,Apple Store Online,2024,November,2,0.84,20.16,26.208,0
FLR-ACC-106500,Aisha Balogun,Individual,US,USD,Tier2_Verified,2024-11-26,56.08,FLR251025166013,2025-10-25 11:54:44,Saturday,11,NIP TRANSFER TO BEN JOHNSON,no_merchant,P2P Transfer,Mobile App,61.0,9.31,6.55,0.0,US,0,DEV-1623247125,0,333,Reversed,NIP TRANSFER - BEN JOHNSON,Ben Johnson,2024,November,26,0.77,46.97,61.061,0
FLR-ACC-104485,Chioma Adeyemi,Individual,NG,NGN,Tier1_Basic,2026-03-06,46.9,FLR260517216038,2026-05-17 15:34:28,Sunday,15,SALARY - URBAN MEDIA,no_merchant,Payroll Transfer,Card Present,477422.34,1.0,477422.34,0.0,NG,0,DEV-6402555404,0,72,Reversed,SALARY - URBAN MEDIA,Urban Media,2026,March,6,0.00056,267.3565104,347.56346352,0
FLR-ACC-106423,Silverline Logistics Co.,Business,NG,NGN,Tier2_Verified,2026-05-27,134.14,FLR260420137845,2026-04-20 12:40:01,Monday,12,WEB PURCHASE - EEDC,EEDC,Utilities,Web Dashboard,95523.0,11.22,8511.38,0.0,NG,0,DEV-9826036291,0,0,Completed,WEB PURCHASE - EEDC,Eedc,2026,May,27,0.00056,53.49287999999999,69.54074399999999,1
FLR-ACC-101374,Silverline Logistics Ltd,Business,NG,NGN,Tier2_Verified,2024-09-15,449.48,FLR250426200830,2025-04-26 16:48:27,Saturday,16,API PURCHASE - JUMIA,Jumia,Retail,API/Integration,564320.91,0.25,2247984.45,1.0,NG,0,DEV-6618186337,0,223,Reversed,API PURCHASE - JUMIA,Jumia,2024,September,15,0.00056,316.0197096,410.82562248,0
FLR-ACC-103398,Yetunde Ibrahim,Individual,US,USD,Tier2_Verified,2025-06-21,56.68,FLR250714207341,2025-07-14 19:44:57,Monday,19,NIP TRANSFER TO SARAH TAYLOR,no_merchant,P2P Transfer,Card Present,53.0,5.79,9.15,0.0,US,0,DEV-3209681025,0,23,Completed,NIP TRANSFER - SARAH TAYLOR,Sarah Taylor,2025,June,21,0.77,40.81,53.053,0
FLR-ACC-100134,Global Consulting LLC,Business,NG,NGN,Tier2_Verified,2025-11-10,242.32,FLR250921182914,2025-09-21 17:55:05,Sunday,17,SALARY - SILVERLINE TRADING,no_merchant,Payroll Transfer,Web Dashboard,3565232.1,2.73,1306501.48,0.0,NG,0,DEV-2644327725,0,0,Reversed,SALARY - SILVERLINE TRADING,Silverline Trading,2025,November,10,0.00056,1996.529976,2595.4889688000003,1
FLR-ACC-105958,North Consulting Inc,Business,GB,GBP,Tier1_Basic,2026-05-29,1097.62,FLR250206188672,2025-02-06 19:23:24,Thursday,19,CNP PURCHASE - APPLE STORE ONLINE,Apple Store Online,Retail,Card Not Present,701.08,0.11,6167.49,1.0,GB,0,missing_device,-1,0,Completed,CNP PURCHASE - APPLE STORE ONLINE,Apple Store Online,2026,May,29,1.0,701.08,911.404,1
FLR-ACC-101346,Daniel Okafor,Individual,FR,EUR,Tier1_Basic,2024-03-26,44.79,FLR250714122492,2025-07-14 12:43:47,Monday,12,POS PURCHASE - JUSTRITE SUPERSTORE,Justrite Superstore,Groceries,Card Present,9.37,0.25,37.37,0.0,FR,0,DEV-3014424812,1,475,Completed,POS PURCHASE - JUSTRITE SUPERSTORE,Justrite Superstore,2024,March,26,0.84,7.870799999999999,10.23204,0
FLR-ACC-101174,Apex Textiles Co.,Business,NG,NGN,Tier2_Verified,2025-09-28,1190.13,FLR250304144980,2025-03-04 10:53:31,Tuesday,10,POS PURCHASE - AIRBNB,Airbnb,Travel,Card Present,4590768.76,772.57,5942.24,0.0,NG,0,missing_device,-1,0,Completed,POS PURCHASE - AIRBNB,Airbnb,2025,September,28,0.00056,2570.8305055999995,3342.0796572799995,1
FLR-ACC-101374,Silverline Logistics Ltd,Business,NG,NGN,Tier2_Verified,2024-09-15,449.48,FLR250905205282,2025-09-05 09:08:46,Friday,9,INTL WIRE - INTERNATIONAL WIRE REF457526,International Wire,Wire Transfer,Mobile App,2892086.04,0.99,2929366.85,1.0,NG,0,DEV-6618186337,0,355,Reversed,INTL WIRE - INTERNATIONAL WIRE REF457526,International Wire Ref457526,2024,September,15,0.00056,1619.5681823999998,2105.43863712,0
FLR-ACC-103082,Urban Ventures Co.,Business,NG,NGN,Tier2_Verified,2022-12-19,1046.12,FLR260327170735,2026-03-27 13:01:04,Friday,13,MOBILE PURCHASE - THAMES WATER,Thames Water,Utilities,Mobile App,2073624.95,348.96,5942.24,0.0,NG,0,DEV-2039857652,0,1194,Completed,MOBILE PURCHASE - THAMES WATER,Thames Water,2022,December,19,0.00056,1161.229972,1509.5989636000002,0
FLR-ACC-106714,Kunle Brown,Individual,NG,NGN,Tier1_Basic,2024-07-31,161.93,FLR250706176432,2025-07-06 10:04:09,Sunday,10,NIP TRANSFER TO PETER ADEKUNLE,no_merchant,P2P Transfer,Card Not Present,364416.0,0.4,900373.0,0.0,NG,0,DEV-7573245136,0,340,Completed,NIP TRANSFER - PETER ADEKUNLE,Peter Adekunle,2024,July,31,0.00056,204.07296,265.294848,0
FLR-ACC-105394,Greenfield Consulting Ltd,Business,GB,GBP,Tier2_Verified,2024-02-17,335.74,FLR251126224055,2025-11-26 20:51:14,Wednesday,20,INTL WIRE - INTERNATIONAL WIRE REF258440,International Wire,Wire Transfer,Card Present,2594.0,20.1,129.08,0.0,GB,0,DEV-9600113598,0,648,Completed,INTL WIRE - INTERNATIONAL WIRE REF258440,International Wire Ref258440,2024,February,17,1.0,2594.0,3372.2000000000003,0
FLR-ACC-102132,Ifeoma Hassan,Individual,GB,GBP,Tier2_Verified,2025-11-02,13.07,FLR250524147199,2025-05-24 19:05:25,Saturday,19,MOBILE PURCHASE - COLD STONE CREAMERY,Cold Stone Creamery,Restaurants,Mobile App,4.0,0.12,34.43,0.0,GB,0,DEV-6090043163,0,0,Completed,MOBILE PURCHASE - COLD STONE CREAMERY,Cold Stone Creamery,2025,November,2,1.0,4.0,5.2,1
FLR-ACC-106399,Tunde Brown,Individual,NG,NGN,Tier2_Verified,2026-08-07,36.69,FLR260719156211,2026-07-19 08:10:15,Sunday,8,SALARY - GREENFIELD CONSULTING,no_merchant,Payroll Transfer,Mobile App,624075.0,32.24,19357.62,0.0,NG,0,DEV-3927787651,1,0,Completed,SALARY - GREENFIELD CONSULTING,Greenfield Consulting,2026,August,7,0.00056,349.482,454.3266,1
FLR-ACC-100919,Silverline Technologies Co.,Business,GB,GBP,Tier2_Verified,2024-11-11,274.75,FLR260504188798,2026-05-04 12:35:05,Monday,12,INTL WIRE - INTERNATIONAL WIRE REF463327,International Wire,Wire Transfer,Card Present,4160.4,5.2,799.6,0.0,GB,0,DEV-4628468714,0,539,Reversed,INTL WIRE - INTERNATIONAL WIRE REF463327,International Wire Ref463327,2024,November,11,1.0,4160.4,5408.52,0
FLR-ACC-105027,North Trading Co.,Business,GB,GBP,Tier2_Verified,2025-05-12,519.46,FLR260325150883,2026-03-25 23:09:17,Wednesday,23,INTL WIRE - INTERNATIONAL WIRE REF598008,International Wire,Wire Transfer,API/Integration,3382.24,14.15,239.0,0.0,GB,0,DEV-8225333221,0,317,Reversed,INTL WIRE - INTERNATIONAL WIRE REF598008,International Wire Ref598008,2025,May,12,1.0,3382.24,4396.912,0
FLR-ACC-103159,James Bello,Individual,US,USD,Tier1_Basic,2024-04-14,226.45,FLR260420205933,2026-04-20 17:25:19,Monday,17,SALARY - APEX TRADING,no_merchant,Payroll Transfer,Card Not Present,1044.58,1.39,751.1,1.0,US,0,DEV-7016506865,0,736,Reversed,SALARY - APEX TRADING,Apex Trading,2024,April,14,0.77,804.3266,1045.62458,0
FLR-ACC-100827,Ngozi Balogun,Individual,FR,EUR,Tier1_Basic,2024-11-02,41.56,FLR250909110490,2025-09-09 18:16:12,Tuesday,18,WEB PURCHASE - BRITISH GAS,British Gas,Utilities,Web Dashboard,22.0,0.25,86.84,1.0,FR,0,DEV-1421929743,1,311,Completed,WEB PURCHASE - BRITISH GAS,British Gas,2024,November,2,0.84,18.48,24.024,0
FLR-ACC-105760,David Hassan,Individual,DE,EUR,Tier1_Basic,2023-10-10,10.85,FLR250915186759,2025-09-15 07:42:09,Monday,7,MOBILE PURCHASE - JUMIA MART,Jumia Mart,Groceries,Mobile App,4.53,0.42,10.89,1.0,DE,0,DEV-1183762594,0,706,Reversed,MOBILE PURCHASE - JUMIA MART,Jumia Mart,2023,October,10,0.84,3.8052,4.94676,0
FLR-ACC-101374,Silverline Logistics Ltd,Business,NG,NGN,Tier2_Verified,2024-09-15,449.48,FLR260527193119,2026-05-27 10:46:48,Wednesday,10,SALARY - SILVERLINE LOGISTICS,no_merchant,Payroll Transfer,API/Integration,3318773.39,1.34,2471335.92,1.0,NG,0,DEV-6618186337,0,619,Completed,SALARY - SILVERLINE LOGISTICS,Silverline Logistics,2024,September,15,0.00056,1858.5130984,2416.06702792,0
FLR-ACC-106131,Grace Green,Individual,GB,GBP,Tier2_Verified,2025-10-23,48.23,FLR251026107255,2025-10-26 13:17:44,Sunday,13,POS PURCHASE - AVIVA,Aviva,Insurance,Card Present,49.0,2.26,21.66,1.0,GB,0,DEV-4872557523,0,3,Reversed,POS PURCHASE - AVIVA,Aviva,2025,October,23,1.0,49.0,63.7,0
FLR-ACC-103554,Bluewave Ventures Ltd,Business,NG,NGN,Tier3_Enhanced,2026-03-27,901.54,FLR260304198726,2026-03-04 14:24:50,Wednesday,14,MOBILE PURCHASE - BINANCE,Binance,Crypto Exchange,Mobile App,3111709.0,523.66,5942.24,0.0,NG,0,DEV-8806193696,0,0,Completed,MOBILE PURCHASE - BINANCE,Binance,2026,March,27,0.00056,1742.55704,2265.324152,1
FLR-ACC-102917,Prime Textiles LLC,Business,FR,EUR,Tier2_Verified,2025-03-25,1339.68,FLR250404134956,2025-04-04 11:25:38,Friday,11,SALARY - GREENFIELD BUILDERS,no_merchant,Payroll Transfer,API/Integration,19405.5,114.01,170.21,0.0,FR,0,missing_device,-1,10,Completed,SALARY - GREENFIELD BUILDERS,Greenfield Builders,2025,March,25,0.84,16300.62,21190.806,0
FLR-ACC-103465,Chuka Adeyemi,Individual,NG,NGN,Tier3_Enhanced,2025-05-24,165.36,FLR251128126708,2025-11-28 07:56:52,Friday,7,WEB PURCHASE - AXA MANSARD,AXA Mansard,Insurance,Web Dashboard,517897.01,87.16,5942.24,0.0,NG,0,DEV-6437791956,0,188,Reversed,WEB PURCHASE - AXA MANSARD,Axa Mansard,2025,May,24,0.00056,290.0223256,377.02902328,0
FLR-ACC-106364,Femi Williams,Individual,NG,NGN,Tier3_Enhanced,2025-02-08,134.14,FLR251108171839,2025-11-08 07:04:26,Saturday,7,WEB PURCHASE - ST. NICHOLAS HOSPITAL,St. Nicholas Hospital,Healthcare,Web Dashboard,294044.02,49.48,5942.24,0.0,NG,0,DEV-8351044809,0,273,Completed,WEB PURCHASE - ST. NICHOLAS HOSPITAL,St. Nicholas Hospital,2025,February,8,0.00056,164.6646512,214.06404656,0
FLR-ACC-102376,Blessing Obi,Individual,US,USD,Tier3_Enhanced,2025-05-03,36.34,FLR250225137124,2025-02-25 19:13:16,Tuesday,19,CNP PURCHASE - DOMINO'S PIZZA,Domino's Pizza,Restaurants,Card Not Present,11.15,0.36,31.26,1.0,US,0,missing_device,-1,0,Reversed,CNP PURCHASE - DOMINO'S PIZZA,Domino'S Pizza,2025,May,3,0.77,8.5855,11.16115,1
FLR-ACC-100134,Global Consulting LLC,Business,NG,NGN,Tier2_Verified,2025-11-10,242.32,FLR251130134732,2025-11-30 13:01:11,Sunday,13,SALARY - METRO FOODS,no_merchant,Payroll Transfer,Web Dashboard,2866994.0,2.1,1363076.84,1.0,NG,0,DEV-2644327725,0,20,Completed,SALARY - METRO FOODS,Metro Foods,2025,November,10,0.00056,1605.5166399999998,2087.171632,0
FLR-ACC-103780,Global Textiles Co.,Business,DE,EUR,Tier1_Basic,2025-12-07,615.99,FLR260521131091,2026-05-21 12:35:27,Thursday,12,INTL WIRE - INTERNATIONAL WIRE REF578915,International Wire,Wire Transfer,Mobile App,8858.38,108.43,81.7,0.0,DE,0,DEV-7675527940,0,165,Completed,INTL WIRE - INTERNATIONAL WIRE REF578915,International Wire Ref578915,2025,December,7,0.84,7441.039199999999,9673.35096,0
FLR-ACC-107123,Femi Taylor,Individual,NG,NGN,Tier2_Verified,2026-06-10,134.52,FLR250419137513,2025-04-19 12:56:19,Saturday,12,USSD PURCHASE - AMAZON,Amazon,Retail,USSD,201402.54,1.0,201402.54,0.0,NG,0,DEV-8005629226,0,0,Completed,USSD PURCHASE - AMAZON,Amazon,2026,June,10,0.00056,112.7854224,146.62104912,1
FLR-ACC-103606,Amaka Hassan,Individual,NG,NGN,Tier2_Verified,2025-04-10,223.37,FLR260829207564,2026-08-29 16:40:42,Saturday,16,NIP TRANSFER TO SARAH GREEN,no_merchant,P2P Transfer,Mobile App,569128.0,1.93,294639.58,0.0,NG,0,DEV-5827025131,0,506,Completed,NIP TRANSFER - SARAH GREEN,Sarah Green,2025,April,10,0.00056,318.71167999999994,414.3251839999999,0
FLR-ACC-105359,John Fashola,Individual,NG,NGN,Tier3_Enhanced,2023-08-28,210.95,FLR250611187878,2025-06-11 20:22:11,Wednesday,20,MOBILE PURCHASE - BRITISH AIRWAYS,British Airways,Travel,Mobile App,806121.54,135.66,5942.24,0.0,NG,0,DEV-2062633455,0,653,Reversed,MOBILE PURCHASE - BRITISH AIRWAYS,British Airways,2023,August,28,0.00056,451.4280624,586.85648112,0
FLR-ACC-101681,Greenfield Technologies Co.,Business,NG,NGN,Tier3_Enhanced,2024-05-18,424.92,FLR250725115357,2025-07-25 17:55:14,Friday,17,INTL WIRE - INTERNATIONAL WIRE REF957703,International Wire,Wire Transfer,Mobile App,6204553.87,26.86,230978.0,0.0,NG,0,DEV-9556716057,0,433,Completed,INTL WIRE - INTERNATIONAL WIRE REF957703,International Wire Ref957703,2024,May,18,0.00056,3474.5501672,4516.9152173600005,0
FLR-ACC-100291,David Hassan,Individual,NG,NGN,Tier3_Enhanced,2024-06-10,164.12,FLR260818146334,2026-08-18 14:58:59,Tuesday,14,SALARY - PRIME TEXTILES,no_merchant,Payroll Transfer,Card Present,3003593.0,343.31,8749.0,0.0,NG,0,DEV-2654932943,0,799,Reversed,SALARY - PRIME TEXTILES,Prime Textiles,2024,June,10,0.00056,1682.0120799999995,2186.615704,0
FLR-ACC-102499,Bluewave Trading LLC,Business,NG,NGN,Tier1_Basic,2025-03-30,670.21,FLR250325191569,2025-03-25 13:46:35,Tuesday,13,INTL WIRE - INTERNATIONAL WIRE REF619502,International Wire,Wire Transfer,API/Integration,7115078.83,129.19,55073.0,0.0,NG,0,missing_device,-1,0,Completed,INTL WIRE - INTERNATIONAL WIRE REF619502,International Wire Ref619502,2025,March,30,0.00056,3984.4441448,5179.77738824,1
FLR-ACC-104005,North Logistics LLC,Business,NG,NGN,Tier1_Basic,2026-01-09,1318.24,FLR260110195839,2026-01-10 17:40:28,Saturday,17,WEB PURCHASE - COINBASE,Coinbase,Crypto Exchange,Web Dashboard,2616443.0,440.31,5942.24,0.0,NG,0,DEV-9284046144,0,1,Reversed,WEB PURCHASE - COINBASE,Coinbase,2026,January,9,0.00056,1465.20808,1904.7705040000003,0
FLR-ACC-103309,Kemi Williams,Individual,NG,NGN,Tier3_Enhanced,2024-02-22,130.58,FLR260322125555,2026-03-22 19:57:23,Sunday,19,SALARY - URBAN RETAIL,no_merchant,Payroll Transfer,Mobile App,2188999.74,108.71,20136.75,0.0,NG,0,DEV-5664911478,0,759,Completed,SALARY - URBAN RETAIL,Urban Retail,2024,February,22,0.00056,1225.8398544,1593.59181072,0
FLR-ACC-102376,Blessing Obi,Individual,US,USD,Tier3_Enhanced,2025-05-03,36.34,FLR260121158028,2026-01-21 09:02:55,Wednesday,9,POS PURCHASE - NETFLIX,Netflix,Subscription/SaaS,Card Present,4.0,0.07,60.56,1.0,US,0,DEV-4350078585,0,263,Completed,POS PURCHASE - NETFLIX,Netflix,2025,May,3,0.77,3.08,4.004,0
FLR-ACC-101488,Bluewave Textiles Co.,Business,US,USD,Tier3_Enhanced,2024-09-25,357.78,FLR250704186107,2025-07-04 08:40:16,Friday,8,POS PURCHASE - UBER,Uber,Travel,Card Present,664.17,0.3,2235.95,1.0,US,0,DEV-7968275113,0,282,Completed,POS PURCHASE - UBER,Uber,2024,September,25,0.77,511.4109,664.8341700000001,0
FLR-ACC-100401,North Technologies Inc,Business,NG,NGN,Tier1_Basic,2025-10-07,978.93,FLR251223108175,2025-12-23 13:20:59,Tuesday,13,WEB PURCHASE - BOOKING.COM,Booking.com,Travel,Web Dashboard,4517686.28,0.6,7584064.28,0.0,NG,0,DEV-6862558798,0,77,Completed,WEB PURCHASE - BOOKING.COM,Booking.Com,2025,October,7,0.00056,2529.9043168,3288.87561184,0
FLR-ACC-102755,Blessing Balogun,Individual,GB,GBP,Tier1_Basic,2025-12-24,96.44,FLR250402149820,2025-04-02 15:51:21,Wednesday,15,SALARY - GREENFIELD CONSULTING,no_merchant,Payroll Transfer,Mobile App,769.0,48.06,16.0,0.0,GB,0,DEV-9920241566,0,0,Completed,SALARY - GREENFIELD CONSULTING,Greenfield Consulting,2025,December,24,1.0,769.0,999.7,1
FLR-ACC-106111,Blessing Brown,Individual,FR,EUR,Tier3_Enhanced,2023-10-14,38.65,FLR260524142084,2026-05-24 10:46:20,Sunday,10,API PURCHASE - QUIDAX,Quidax,Crypto Exchange,API/Integration,116.0,4.34,26.75,0.0,FR,0,DEV-9735353488,0,953,Reversed,API PURCHASE - QUIDAX,Quidax,2023,October,14,0.84,97.44,126.672,0
FLR-ACC-102956,Sunrise Retail Co.,Business,GB,GBP,Tier2_Verified,2026-01-06,780.99,FLR260106220883,2026-01-06 20:15:09,Tuesday,20,API PURCHASE - IKEJA ELECTRIC,Ikeja Electric,Utilities,API/Integration,172.79,0.06,2739.26,0.0,DE,1,DEV-5270657759,1,0,Completed,API PURCHASE - IKEJA ELECTRIC,Ikeja Electric,2026,January,6,1.0,172.79,224.627,1
FLR-ACC-105040,Urban Retail Ltd,Business,NG,NGN,Tier3_Enhanced,2024-08-23,344.36,FLR250927157252,2025-09-27 10:23:19,Saturday,10,INTL WIRE - INTERNATIONAL WIRE REF261478,International Wire,Wire Transfer,Mobile App,4504749.08,70.73,63693.49,0.0,NG,0,DEV-5964507698,0,400,Completed,INTL WIRE - INTERNATIONAL WIRE REF261478,International Wire Ref261478,2024,August,23,0.00056,2522.6594848,3279.45733024,0
FLR-ACC-102675,Ben Brown,Individual,US,USD,Tier2_Verified,2024-03-23,159.96,FLR251228194658,2025-12-28 11:05:44,Sunday,11,MOBILE PURCHASE - CONED,ConEd,Utilities,Mobile App,158.48,0.6,266.34,1.0,US,0,DEV-5471482613,0,645,Completed,MOBILE PURCHASE - CONED,Coned,2024,March,23,0.77,122.0296,158.63848000000002,0
FLR-ACC-100534,Metro Ventures Ltd,Business,NG,NGN,Tier2_Verified,2024-11-05,992.12,FLR260324217136,2026-03-24 18:39:44,Tuesday,18,INTL WIRE - INTERNATIONAL WIRE REF710371,International Wire,Wire Transfer,Mobile App,29823428.64,5018.89,5942.24,0.0,NG,0,DEV-2731718968,0,504,Reversed,INTL WIRE - INTERNATIONAL WIRE REF710371,International Wire Ref710371,2024,November,5,0.00056,16701.1200384,21711.45604992,0
FLR-ACC-104283,Musa Fashola,Individual,NG,NGN,Tier2_Verified,2024-12-12,81.24,FLR260223127535,2026-02-23 03:46:23,Monday,3,NIP TRANSFER TO KEMI GREEN,no_merchant,P2P Transfer,Web Dashboard,264211.41,8.35,31631.48,0.0,NG,0,DEV-6788308255,0,438,Reversed,NIP TRANSFER - KEMI GREEN,Kemi Green,2024,December,12,0.00056,147.95838959999998,192.34590648,0
FLR-ACC-104195,Femi Adekunle,Individual,DE,EUR,Tier3_Enhanced,2024-05-17,31.24,FLR260301113469,2026-03-01 11:52:20,Sunday,11,SALARY - GREENFIELD MEDIA,no_merchant,Payroll Transfer,Mobile App,238.03,119.02,2.0,0.0,DE,0,DEV-4988395979,0,653,Reversed,SALARY - GREENFIELD MEDIA,Greenfield Media,2024,May,17,0.84,199.9452,259.92876,0
FLR-ACC-100024,Ngozi Johnson,Individual,US,USD,Tier3_Enhanced,2024-12-26,57.64,FLR260629164471,2026-06-29 21:51:40,Monday,21,SALARY - SILVERLINE TRADING,no_merchant,Payroll Transfer,Web Dashboard,602.62,32.23,18.7,0.0,US,0,DEV-3082130939,0,550,Reversed,SALARY - SILVERLINE TRADING,Silverline Trading,2024,December,26,0.77,464.0174,603.22262,0
FLR-ACC-103154,Sunrise Media Ltd,Business,NG,NGN,Tier2_Verified,2026-01-15,4092.14,FLR260119217147,2026-01-19 14:34:57,Monday,14,WEB PURCHASE - SLOT SYSTEMS,Slot Systems,Electronics,Web Dashboard,10335304.88,1739.29,5942.24,0.0,NG,0,DEV-8784720148,0,4,Completed,WEB PURCHASE - SLOT SYSTEMS,Slot Systems,2026,January,15,0.00056,5787.7707328,7524.10195264,0
FLR-ACC-101822,Metro Logistics Inc,Business,NG,NGN,Tier3_Enhanced,2024-09-01,1393.8,FLR251223130487,2025-12-23 15:35:28,Tuesday,15,SALARY - GREENFIELD LOGISTICS,no_merchant,Payroll Transfer,API/Integration,6434578.0,1082.85,5942.24,0.0,NG,0,DEV-8521330349,0,478,Completed,SALARY - GREENFIELD LOGISTICS,Greenfield Logistics,2024,September,1,0.00056,3603.36368,4684.372784,0
FLR-ACC-105194,Funke Adekunle,Individual,NG,NGN,Tier1_Basic,2026-04-28,74.82,FLR250727188793,2025-07-27 13:50:28,Sunday,13,SALARY - SILVERLINE TECHNOLOGIES,no_merchant,Payroll Transfer,Mobile App,838956.26,34.58,24261.07,0.0,NG,0,DEV-7805570232,0,0,Completed,SALARY - SILVERLINE TECHNOLOGIES,Silverline Technologies,2026,April,28,0.00056,469.8155056,610.76015728,1
FLR-ACC-105157,Musa Chukwu,Individual,NG,NGN,Tier3_Enhanced,2023-06-16,34.39,FLR260227183425,2026-02-27 19:29:27,Friday,19,SALARY - URBAN TECHNOLOGIES,no_merchant,Payroll Transfer,Mobile App,728791.32,208.94,3488.02,0.0,NG,0,DEV-8932215467,0,987,Reversed,SALARY - URBAN TECHNOLOGIES,Urban Technologies,2023,June,16,0.00056,408.1231391999999,530.5600809599999,0
FLR-ACC-101374,Silverline Logistics Ltd,Business,NG,NGN,Tier2_Verified,2024-09-15,449.48,FLR260620193871,2026-06-20 20:29:07,Saturday,20,SALARY - METRO CONSULTING,no_merchant,Payroll Transfer,Web Dashboard,9268482.28,3.6,2576092.56,1.0,NG,0,DEV-6618186337,0,643,Reversed,SALARY - METRO CONSULTING,Metro Consulting,2024,September,15,0.00056,5190.350076799999,6747.455099839999,0
FLR-ACC-100652,Global Ventures Ltd,Business,US,USD,Tier2_Verified,2025-06-20,850.71,FLR260415220986,2026-04-15 23:32:50,Wednesday,23,INTL WIRE - INTERNATIONAL WIRE REF227762,International Wire,Wire Transfer,Mobile App,7119.39,104.7,68.0,0.0,US,0,DEV-1310537558,0,299,Reversed,INTL WIRE - INTERNATIONAL WIRE REF227762,International Wire Ref227762,2025,June,20,0.77,5481.9303,7126.50939,0
FLR-ACC-105760,David Hassan,Individual,DE,EUR,Tier1_Basic,2023-10-10,10.85,FLR250825184930,2025-08-25 08:48:13,Monday,8,NIP TRANSFER TO CHUKA ADEYEMI,no_merchant,P2P Transfer,Mobile App,14.0,1.75,8.0,1.0,DE,0,DEV-1183762594,0,685,Reversed,NIP TRANSFER - CHUKA ADEYEMI,Chuka Adeyemi,2023,October,10,0.84,11.76,15.288,0
FLR-ACC-101374,Silverline Logistics Ltd,Business,NG,NGN,Tier2_Verified,2024-09-15,449.48,FLR250725196876,2025-07-25 20:14:08,Friday,20,WEB PURCHASE - BRITISH AIRWAYS,British Airways,Travel,Web Dashboard,1489476.0,0.61,2435868.82,1.0,NG,0,DEV-6618186337,0,313,Completed,WEB PURCHASE - BRITISH AIRWAYS,British Airways,2024,September,15,0.00056,834.10656,1084.338528,0
FLR-ACC-106696,Greenfield Technologies Ltd,Business,NG,NGN,Tier3_Enhanced,2025-01-10,148.96,FLR250806192751,2025-08-06 12:18:52,Wednesday,12,CNP PURCHASE - THAMES WATER,Thames Water,Utilities,Card Not Present,408764.0,68.79,5942.24,0.0,NG,0,DEV-6457453850,0,208,Completed,CNP PURCHASE - THAMES WATER,Thames Water,2025,January,10,0.00056,228.90784,297.580192,0
FLR-ACC-101374,Silverline Logistics Ltd,Business,NG,NGN,Tier2_Verified,2024-09-15,449.48,FLR251120122435,2025-11-20 14:50:01,Thursday,14,WEB PURCHASE - SPOTIFY,Spotify,Subscription/SaaS,Web Dashboard,39739.3,0.01,2719938.02,2.0,NG,0,DEV-6618186337,0,431,Completed,WEB PURCHASE - SPOTIFY,Spotify,2024,September,15,0.00056,22.254008,28.9302104,0
FLR-ACC-101284,Silverline Builders LLC,Business,DE,EUR,Tier2_Verified,2025-07-20,81.98,FLR250826163908,2025-08-26 13:19:41,Tuesday,13,WEB PURCHASE - BOLT,Bolt,Travel,Web Dashboard,448.72,5.56,80.73,1.0,DE,0,DEV-4527916333,0,37,Completed,WEB PURCHASE - BOLT,Bolt,2025,July,20,0.84,376.9248,490.00224,0
FLR-ACC-101374,Silverline Logistics Ltd,Business,NG,NGN,Tier2_Verified,2024-09-15,449.48,FLR250630181517,2025-06-30 12:15:08,Monday,12,API PURCHASE - LEADWAY ASSURANCE,Leadway Assurance,Insurance,API/Integration,478208.93,0.22,2220786.36,1.0,NG,0,DEV-6618186337,0,288,Completed,API PURCHASE - LEADWAY ASSURANCE,Leadway Assurance,2024,September,15,0.00056,267.7970008,348.13610104,0
FLR-ACC-107001,Yetunde Taylor,Individual,US,USD,Tier2_Verified,2025-04-20,57.68,FLR250311221576,2025-03-11 17:13:45,Tuesday,17,SALARY - APEX MEDIA,no_merchant,Payroll Transfer,Card Not Present,607.0,90.13,6.74,0.0,US,0,missing_device,-1,0,Reversed,SALARY - APEX MEDIA,Apex Media,2025,April,20,0.77,467.39,607.607,1
FLR-ACC-100386,Apex Textiles LLC,Business,DE,EUR,Tier2_Verified,2025-05-07,235.01,FLR260128100660,2026-01-28 18:08:53,Wednesday,18,SALARY - METRO RETAIL,no_merchant,Payroll Transfer,Mobile App,1285.5,138.97,9.25,0.0,DE,0,DEV-8593126145,0,266,Completed,SALARY - METRO RETAIL,Metro Retail,2025,May,7,0.84,1079.82,1403.766,0
FLR-ACC-100465,Blessing Green,Individual,NG,NGN,Tier1_Basic,2025-10-24,38.25,FLR250927177634,2025-09-27 12:56:23,Saturday,12,SALARY - METRO TRADING,no_merchant,Payroll Transfer,Web Dashboard,295774.06,210.56,1404.67,0.0,NG,0,DEV-7030584553,0,0,Completed,SALARY - METRO TRADING,Metro Trading,2025,October,24,0.00056,165.63347359999997,215.32351568,1
FLR-ACC-103002,North Technologies Co.,Business,NG,NGN,Tier2_Verified,2025-09-01,436.34,FLR260530206069,2026-05-30 06:37:19,Saturday,6,MOBILE PURCHASE - CHICKEN REPUBLIC,Chicken Republic,Restaurants,Mobile App,147735.07,0.2,735963.56,0.0,NG,0,DEV-2773164531,0,271,Reversed,MOBILE PURCHASE - CHICKEN REPUBLIC,Chicken Republic,2025,September,1,0.00056,82.7316392,107.55113096,0
FLR-ACC-100134,Global Consulting LLC,Business,NG,NGN,Tier2_Verified,2025-11-10,242.32,FLR260219103732,2026-02-19 12:25:54,Thursday,12,INTL WIRE - INTERNATIONAL WIRE REF158279,International Wire,Wire Transfer,API/Integration,2459633.29,1.67,1470121.32,1.0,NG,0,DEV-2644327725,0,101,Completed,INTL WIRE - INTERNATIONAL WIRE REF158279,International Wire Ref158279,2025,November,10,0.00056,1377.3946423999998,1790.61303512,0
FLR-ACC-100792,Prime Ventures LLC,Business,US,USD,Tier2_Verified,2026-01-31,728.33,FLR260814112170,2026-08-14 20:03:55,Friday,20,INTL WIRE - INTERNATIONAL WIRE REF782428,International Wire,Wire Transfer,Web Dashboard,5962.0,495.59,12.03,0.0,US,0,DEV-9893618443,0,195,Completed,INTL WIRE - INTERNATIONAL WIRE REF782428,International Wire Ref782428,2026,January,31,0.77,4590.74,5967.962,0
FLR-ACC-100228,Metro Media Co.,Business,NG,NGN,Tier2_Verified,2025-01-23,1108.2,FLR250524109966,2025-05-24 14:44:47,Saturday,14,INTL WIRE - INTERNATIONAL WIRE REF998472,International Wire,Wire Transfer,Web Dashboard,10150397.0,322.91,31434.0,0.0,NG,0,missing_device,-1,121,Completed,INTL WIRE - INTERNATIONAL WIRE REF998472,International Wire Ref998472,2025,January,23,0.00056,5684.22232,7389.489016,0
FLR-ACC-106229,Metro Textiles Inc,Business,GB,GBP,Tier2_Verified,2024-04-30,112.44,FLR260728224594,2026-07-28 18:25:27,Tuesday,18,INTL WIRE - INTERNATIONAL WIRE REF329895,International Wire,Wire Transfer,Card Present,4632.0,579.0,8.0,0.0,GB,0,DEV-1857292960,0,819,Reversed,INTL WIRE - INTERNATIONAL WIRE REF329895,International Wire Ref329895,2024,April,30,1.0,4632.0,6021.6,0
FLR-ACC-105168,Urban Builders LLC,Business,NG,NGN,Tier2_Verified,2024-07-19,1081.17,FLR251203175200,2025-12-03 17:33:31,Wednesday,17,SALARY - METRO MEDIA,no_merchant,Payroll Transfer,API/Integration,9960955.0,1.96,5081251.61,1.0,NG,0,DEV-2240544904,0,502,Reversed,SALARY - METRO MEDIA,Metro Media,2024,July,19,0.00056,5578.1348,7251.57524,0
FLR-ACC-100239,Prime Foods LLC,Business,DE,EUR,Tier3_Enhanced,2025-03-08,135.31,FLR251227167328,2025-12-27 12:11:47,Saturday,12,SALARY - METRO TEXTILES,no_merchant,Payroll Transfer,API/Integration,844.0,3.1,272.06,0.0,DE,0,DEV-9779267212,0,294,Completed,SALARY - METRO TEXTILES,Metro Textiles,2025,March,8,0.84,708.9599999999999,921.648,0
FLR-ACC-100696,Metro Consulting Co.,Business,NG,NGN,Tier3_Enhanced,2025-01-04,296.49,FLR250217202203,2025-02-17 06:07:42,Monday,6,API PURCHASE - AIR PEACE,Air Peace,Travel,API/Integration,629547.24,105.94,5942.24,0.0,NG,0,DEV-3802274109,0,44,Declined,API PURCHASE - AIR PEACE,Air Peace,2025,January,4,0.00056,352.5464544,458.31039072,0
FLR-ACC-106767,Peter Eze,Individual,NG,NGN,Tier3_Enhanced,2025-03-31,29.23,FLR250227215095,2025-02-27 07:58:58,Thursday,7,MOBILE PURCHASE - CONED,ConEd,Utilities,Mobile App,64869.0,1.83,35430.52,1.0,NG,0,missing_device,-1,0,Completed,MOBILE PURCHASE - CONED,Coned,2025,March,31,0.00056,36.32664,47.224632,1
FLR-ACC-105168,Urban Builders LLC,Business,NG,NGN,Tier2_Verified,2024-07-19,1081.17,FLR250627160208,2025-06-27 17:18:38,Friday,17,INTL WIRE - INTERNATIONAL WIRE REF761562,International Wire,Wire Transfer,Mobile App,15499851.2,2.44,6339918.95,1.0,NG,0,DEV-2240544904,0,343,Completed,INTL WIRE - INTERNATIONAL WIRE REF761562,International Wire Ref761562,2024,July,19,0.00056,8679.916672,11283.8916736,0
FLR-ACC-101174,Apex Textiles Co.,Business,NG,NGN,Tier2_Verified,2025-09-28,1190.13,FLR260114171691,2026-01-14 17:30:56,Wednesday,17,NIP TRANSFER TO KUNLE OKAFOR,no_merchant,P2P Transfer,Card Present,3342098.0,562.43,5942.24,0.0,NG,0,DEV-7580232282,1,108,Completed,NIP TRANSFER - KUNLE OKAFOR,Kunle Okafor,2025,September,28,0.00056,1871.57488,2433.047344,0
FLR-ACC-100134,Global Consulting LLC,Business,NG,NGN,Tier2_Verified,2025-11-10,242.32,FLR250930209019,2025-09-30 12:21:31,Tuesday,12,API PURCHASE - LEADWAY ASSURANCE,Leadway Assurance,Insurance,API/Integration,400742.28,0.3,1354802.22,1.0,NG,0,DEV-2644327725,0,0,Completed,API PURCHASE - LEADWAY ASSURANCE,Leadway Assurance,2025,November,10,0.00056,224.4156768,291.74037984,1
FLR-ACC-104094,Ben Williams,Individual,NG,NGN,Tier3_Enhanced,2025-02-26,226.33,FLR260312137198,2026-03-12 21:53:21,Thursday,21,WEB PURCHASE - SLOT SYSTEMS,Slot Systems,Electronics,Web Dashboard,756201.93,1.5,503159.05,1.0,NG,0,DEV-3262924884,0,379,Completed,WEB PURCHASE - SLOT SYSTEMS,Slot Systems,2025,February,26,0.00056,423.4730808,550.51500504,0
FLR-ACC-103482,Peter Taylor,Individual,US,USD,Tier2_Verified,2025-03-20,73.55,FLR260731126002,2026-07-31 09:07:48,Friday,9,SALARY - GREENFIELD BUILDERS,no_merchant,Payroll Transfer,API/Integration,938.0,34.37,27.29,0.0,FR,1,DEV-1698058985,0,498,Completed,SALARY - GREENFIELD BUILDERS,Greenfield Builders,2025,March,20,0.77,722.26,938.938,0
FLR-ACC-100134,Global Consulting LLC,Business,NG,NGN,Tier2_Verified,2025-11-10,242.32,FLR251024173671,2025-10-24 20:46:31,Friday,20,USSD PURCHASE - ABUJA DISCO,Abuja DisCo,Utilities,USSD,249354.8,0.15,1659274.83,1.0,NG,0,DEV-2644327725,0,0,Completed,USSD PURCHASE - ABUJA DISCO,Abuja Disco,2025,November,10,0.00056,139.63868799999997,181.5302944,1
FLR-ACC-101024,Urban Trading Ltd,Business,NG,NGN,Tier1_Basic,2026-04-26,1216.99,FLR251206223629,2025-12-06 15:40:43,Saturday,15,API PURCHASE - LUNO,Luno,Crypto Exchange,API/Integration,8120228.13,1.03,7911828.38,1.0,NG,0,DEV-5287049027,0,0,Completed,API PURCHASE - LUNO,Luno,2026,April,26,0.00056,4547.3277528,5911.52607864,1
FLR-ACC-104505,Metro Builders Inc,Business,GB,GBP,Tier2_Verified,2025-12-02,107.77,FLR250827225113,2025-08-27 21:06:22,Wednesday,21,API PURCHASE - BOLT,Bolt,Travel,API/Integration,202.9,0.8,254.89,1.0,GB,0,DEV-6311137029,0,0,Completed,API PURCHASE - BOLT,Bolt,2025,December,2,1.0,202.9,263.77000000000004,1
FLR-ACC-105047,Prime Technologies Ltd,Business,NG,NGN,Tier3_Enhanced,2024-08-09,728.52,FLR251126190014,2025-11-26 12:01:24,Wednesday,12,SALARY - SUNRISE CONSULTING,no_merchant,Payroll Transfer,API/Integration,18212152.54,54.66,333165.42,0.0,FR,1,DEV-6744827319,0,474,Reversed,SALARY - SUNRISE CONSULTING,Sunrise Consulting,2024,August,9,0.00056,10198.8054224,13258.44704912,0
FLR-ACC-105745,David Johnson,Individual,US,USD,Tier2_Verified,2026-02-25,111.08,FLR251126191170,2025-11-26 13:58:12,Wednesday,13,MOBILE PURCHASE - BOLT,Bolt,Travel,Mobile App,375.76,23.68,15.87,0.0,US,0,DEV-7141997545,0,0,Reversed,MOBILE PURCHASE - BOLT,Bolt,2026,February,25,0.77,289.3352,376.13576,1
FLR-ACC-101653,Silverline Builders Inc,Business,US,USD,Tier1_Basic,2026-05-31,173.17,FLR250607160230,2025-06-07 08:44:43,Saturday,8,INTL WIRE - INTERNATIONAL WIRE REF255687,International Wire,Wire Transfer,Web Dashboard,2180.19,36.23,60.17,0.0,US,0,DEV-7899845505,0,0,Completed,INTL WIRE - INTERNATIONAL WIRE REF255687,International Wire Ref255687,2026,May,31,0.77,1678.7463,2182.37019,1
FLR-ACC-100554,Ngozi Fashola,Individual,NG,NGN,Tier3_Enhanced,2025-01-05,52.64,FLR251121185477,2025-11-21 01:29:17,Friday,1,WEB PURCHASE - TESCO,Tesco,Groceries,Web Dashboard,39707.16,5.99,6628.0,0.0,NG,0,DEV-4828343816,0,320,Completed,WEB PURCHASE - TESCO,Tesco,2025,January,5,0.00056,22.2360096,28.90681248,0
FLR-ACC-104094,Ben Williams,Individual,NG,NGN,Tier3_Enhanced,2025-02-26,226.33,FLR260814190675,2026-08-14 08:31:59,Friday,8,MOBILE PURCHASE - CONED,ConEd,Utilities,Mobile App,268342.06,0.85,316768.49,1.0,NG,0,DEV-3262924884,0,534,Reversed,MOBILE PURCHASE - CONED,Coned,2025,February,26,0.00056,150.27155359999998,195.35301968,0
FLR-ACC-102330,Michael Yusuf,Individual,NG,NGN,Tier3_Enhanced,2025-12-03,54.33,FLR250719202238,2025-07-19 18:13:27,Saturday,18,INTL WIRE - INTERNATIONAL WIRE REF299150,International Wire,Wire Transfer,Card Not Present,426251.27,184.76,2307.0,0.0,NG,0,DEV-1881060132,0,0,Completed,INTL WIRE - INTERNATIONAL WIRE REF299150,International Wire Ref299150,2025,December,3,0.00056,238.7007112,310.31092456,1
FLR-ACC-101024,Urban Trading Ltd,Business,NG,NGN,Tier1_Basic,2026-04-26,1216.99,FLR260123130872,2026-01-23 13:32:50,Friday,13,SALARY - BLUEWAVE MEDIA,no_merchant,Payroll Transfer,Web Dashboard,7884531.45,0.93,8497767.61,1.0,NG,0,DEV-5287049027,0,0,Completed,SALARY - BLUEWAVE MEDIA,Bluewave Media,2026,April,26,0.00056,4415.337611999999,5739.938895599999,1
FLR-ACC-102855,Amaka Chukwu,Individual,NG,NGN,Tier2_Verified,2025-11-21,94.73,FLR260426157900,2026-04-26 07:34:30,Sunday,7,WEB PURCHASE - BINANCE,Binance,Crypto Exchange,Web Dashboard,320153.31,0.65,489959.82,1.0,NG,0,DEV-6867402020,0,156,Reversed,WEB PURCHASE - BINANCE,Binance,2025,November,21,0.00056,179.2858536,233.07160968,0
FLR-ACC-104836,Global Foods Ltd,Business,NG,NGN,Tier2_Verified,2025-09-06,98.81,FLR260225187537,2026-02-25 18:05:15,Wednesday,18,INTL WIRE - INTERNATIONAL WIRE REF648454,International Wire,Wire Transfer,Card Not Present,1841756.79,309.94,5942.24,0.0,NG,0,DEV-4940227231,0,172,Completed,INTL WIRE - INTERNATIONAL WIRE REF648454,International Wire Ref648454,2025,September,6,0.00056,1031.3838024,1340.79894312,0
FLR-ACC-102492,Musa Bello,Individual,NG,NGN,Tier2_Verified,2024-12-26,131.13,FLR251226128053,2025-12-26 12:12:07,Friday,12,MOBILE PURCHASE - NOTION,Notion,Subscription/SaaS,Mobile App,10294.0,0.05,213908.05,1.0,NG,0,DEV-7038638206,0,365,Completed,MOBILE PURCHASE - NOTION,Notion,2024,December,26,0.00056,5.764639999999999,7.494031999999999,0
FLR-ACC-105339,Apex Media Ltd,Business,DE,EUR,Tier2_Verified,2026-04-30,278.15,FLR250225204499,2025-02-25 21:37:50,Tuesday,21,INTL WIRE - INTERNATIONAL WIRE REF385993,International Wire,Wire Transfer,Web Dashboard,3249.61,220.61,14.73,0.0,DE,0,missing_device,-1,0,Completed,INTL WIRE - INTERNATIONAL WIRE REF385993,International Wire Ref385993,2026,April,30,0.84,2729.6724,3548.57412,1
FLR-ACC-100750,Chidi Yusuf,Individual,NG,NGN,Tier2_Verified,2024-09-12,35.77,FLR250827113526,2025-08-27 15:42:05,Wednesday,15,NIP TRANSFER TO BLESSING ADEYEMI,no_merchant,P2P Transfer,Card Present,64528.34,10.86,5942.24,0.0,NG,0,DEV-2584087780,0,349,Reversed,NIP TRANSFER - BLESSING ADEYEMI,Blessing Adeyemi,2024,September,12,0.00056,36.1358704,46.976631520000005,0
FLR-ACC-104157,Sunrise Consulting Co.,Business,NG,NGN,Tier3_Enhanced,2024-05-22,415.57,FLR260209149842,2026-02-09 15:15:08,Monday,15,SALARY - GREENFIELD CONSULTING,no_merchant,Payroll Transfer,Mobile App,2535933.0,426.76,5942.24,0.0,NG,0,DEV-4131991600,0,628,Completed,SALARY - GREENFIELD CONSULTING,Greenfield Consulting,2024,May,22,0.00056,1420.1224799999998,1846.159224,0
FLR-ACC-105149,Silverline Consulting LLC,Business,NG,NGN,Tier1_Basic,2026-03-26,151.84,FLR260115145979,2026-01-15 12:40:52,Thursday,12,INTL WIRE - INTERNATIONAL WIRE REF411616,International Wire,Wire Transfer,API/Integration,1981037.95,333.38,5942.24,0.0,US,1,DEV-3940469114,0,0,Completed,INTL WIRE - INTERNATIONAL WIRE REF411616,International Wire Ref411616,2026,March,26,0.00056,1109.381252,1442.1956276,1
FLR-ACC-104094,Ben Williams,Individual,NG,NGN,Tier3_Enhanced,2025-02-26,226.33,FLR251117116603,2025-11-17 17:17:35,Monday,17,API PURCHASE - SAINSBURY'S,Sainsbury's,Groceries,API/Integration,50474.92,0.08,614536.49,1.0,NG,0,DEV-3262924884,0,264,Reversed,API PURCHASE - SAINSBURY'S,Sainsbury'S,2025,February,26,0.00056,28.2659552,36.74574176,0
FLR-ACC-104094,Ben Williams,Individual,NG,NGN,Tier3_Enhanced,2025-02-26,226.33,FLR251229218639,2025-12-29 10:17:00,Monday,10,WEB PURCHASE - COLD STONE CREAMERY,Cold Stone Creamery,Restaurants,Web Dashboard,62141.57,0.13,475168.76,1.0,NG,0,DEV-3262924884,0,306,Completed,WEB PURCHASE - COLD STONE CREAMERY,Cold Stone Creamery,2025,February,26,0.00056,34.799279199999994,45.23906295999999,0
FLR-ACC-105168,Urban Builders LLC,Business,NG,NGN,Tier2_Verified,2024-07-19,1081.17,FLR250514124124,2025-05-14 17:11:13,Wednesday,17,MOBILE PURCHASE - EEDC,EEDC,Utilities,Mobile App,517011.69,0.15,3375476.15,1.0,NG,0,DEV-2240544904,0,299,Reversed,MOBILE PURCHASE - EEDC,Eedc,2024,July,19,0.00056,289.5265464,376.38451032,0
FLR-ACC-106511,Prime Consulting LLC,Business,FR,EUR,Tier2_Verified,2025-09-04,268.47,FLR250809150817,2025-08-09 07:38:20,Saturday,7,SALARY - BLUEWAVE LOGISTICS,no_merchant,Payroll Transfer,API/Integration,2725.13,16.32,167.0,0.0,FR,0,DEV-9893339190,1,0,Completed,SALARY - BLUEWAVE LOGISTICS,Bluewave Logistics,2025,September,4,0.84,2289.1092,2975.84196,1
FLR-ACC-103225,Silverline Media LLC,Business,US,USD,Tier3_Enhanced,2024-12-18,836.83,FLR251226196056,2025-12-26 18:39:19,Friday,18,SALARY - NORTH VENTURES,no_merchant,Payroll Transfer,Web Dashboard,4449.55,3.41,1306.33,1.0,US,0,DEV-5088348972,0,373,Reversed,SALARY - NORTH VENTURES,North Ventures,2024,December,18,0.77,3426.1535000000003,4453.99955,0
FLR-ACC-102574,Greenfield Textiles LLC,Business,NG,NGN,Tier3_Enhanced,2022-08-28,776.82,FLR260301127772,2026-03-01 16:34:13,Sunday,16,SALARY - METRO LOGISTICS,no_merchant,Payroll Transfer,Mobile App,10476390.0,1763.04,5942.24,0.0,NG,0,DEV-3807729212,0,1281,Completed,SALARY - METRO LOGISTICS,Metro Logistics,2022,August,28,0.00056,5866.778399999999,7626.811919999999,0
FLR-ACC-100779,Funke Johnson,Individual,NG,NGN,Tier2_Verified,2025-03-26,116.29,FLR251205156871,2025-12-05 10:06:43,Friday,10,CNP PURCHASE - ABUJA DISCO,Abuja DisCo,Utilities,Card Not Present,101873.87,11.72,8692.0,0.0,NG,0,DEV-7654873224,0,254,Completed,CNP PURCHASE - ABUJA DISCO,Abuja Disco,2025,March,26,0.00056,57.04936719999999,74.16417736,0
FLR-ACC-100401,North Technologies Inc,Business,NG,NGN,Tier1_Basic,2025-10-07,978.93,FLR251116169962,2025-11-16 19:25:34,Sunday,19,MOBILE PURCHASE - BOOKING.COM,Booking.com,Travel,Mobile App,2914656.19,0.22,13136985.1,1.0,NG,0,DEV-5843963668,0,40,Completed,MOBILE PURCHASE - BOOKING.COM,Booking.Com,2025,October,7,0.00056,1632.2074664,2121.86970632,0
FLR-ACC-102132,Ifeoma Hassan,Individual,GB,GBP,Tier2_Verified,2025-11-02,13.07,FLR251020100697,2025-10-20 18:42:16,Monday,18,MOBILE PURCHASE - ABUJA DISCO,Abuja DisCo,Utilities,Mobile App,4.0,0.24,16.49,1.0,GB,0,DEV-6090043163,0,0,Completed,MOBILE PURCHASE - ABUJA DISCO,Abuja Disco,2025,November,2,1.0,4.0,5.2,1
FLR-ACC-105602,Ruth Nwosu,Individual,GB,GBP,Tier2_Verified,2025-02-18,135.86,FLR260724110107,2026-07-24 23:30:16,Friday,23,SALARY - SUNRISE VENTURES,no_merchant,Payroll Transfer,Card Not Present,1700.61,26.19,64.92,0.0,GB,0,DEV-6649480045,0,521,Declined,SALARY - SUNRISE VENTURES,Sunrise Ventures,2025,February,18,1.0,1700.61,2210.793,0
FLR-ACC-104939,Urban Trading Ltd,Business,NG,NGN,Tier3_Enhanced,2024-07-13,229.7,FLR260623116744,2026-06-23 13:40:02,Tuesday,13,WEB PURCHASE - AIR PEACE,Air Peace,Travel,Web Dashboard,1441482.0,242.58,5942.24,0.0,NG,0,DEV-3695328792,0,710,Reversed,WEB PURCHASE - AIR PEACE,Air Peace,2024,July,13,0.00056,807.2299199999999,1049.398896,0
FLR-ACC-102064,North Technologies Inc,Business,DE,EUR,Tier3_Enhanced,2022-10-09,254.33,FLR251017213310,2025-10-17 06:48:17,Friday,6,SALARY - APEX TECHNOLOGIES,no_merchant,Payroll Transfer,Mobile App,2839.0,155.82,18.22,0.0,DE,0,DEV-6876271583,0,1104,Reversed,SALARY - APEX TECHNOLOGIES,Apex Technologies,2022,October,9,0.84,2384.76,3100.188000000001,0
FLR-ACC-100929,North Media LLC,Business,NG,NGN,Tier2_Verified,2024-03-13,119.93,FLR251206150071,2025-12-06 18:33:03,Saturday,18,INTL WIRE - INTERNATIONAL WIRE REF438015,International Wire,Wire Transfer,Mobile App,1722523.0,139.44,12352.91,0.0,NG,0,DEV-7563409989,0,633,Reversed,INTL WIRE - INTERNATIONAL WIRE REF438015,International Wire Ref438015,2024,March,13,0.00056,964.61288,1253.996744,0
